{
    "dataset": "heloc",
    "algorithm": "catboost",
    "mode": "combined",
    "task_type": "binary",
    "dataset_samples_count": 10459,
    "dataset_raw_features_count": 23,
    "feat_total_count": 44,
    "pca_n_components": 21,
    "optimal_trees": 938,
    "tuning_completed": 26,
    "tuning_best_idx": 23,
    "tuning_val_score_0": 0.20562466856537953,
    "tuning_val_score_best": 0.2015081455623886,
    "tuning_overall_gain": 0.004116523002990924,
    "tuning_gain_pct": 2.001959702457613,
    "eval_overfitting_ratio": 0.9742127924353973,
    "primary_metric": "1-AUROC",
    "tabpfn_primary_score": 0.1908063186813188,
    "eval_primary_value": 0.19631181318681312,
    "eval_primary_delta": 0.005505494505494313,
    "eval_primary_delta_pct": 2.8853837459594236,
    "secondary_metric": "Accuracy",
    "tabpfn_secondary_score": 0.73565965583174,
    "eval_secondary_value": 0.7299235181644359,
    "eval_secondary_delta": -0.005736137667304075,
    "eval_secondary_delta_pct": -0.7797270955165773,
    "feat_share_embedded_pct": 36.43774323662142,
    "feat_share_raw_pct": 63.56225676337858,
    "feat_active_embedded_pct": 100.0,
    "feat_active_raw_pct": 100.0,
    "feat_cr5_pct": 53.53254099197557,
    "feat_cr10_pct": 63.63406947193186,
    "time_tuning_search_secs": 589.1902165412903,
    "time_train_secs": 5.054196357727051,
    "time_infer_secs": 0.010069131851196289,
    "time_train_secs_per_1K": 0.6040631478100933,
    "time_infer_secs_per_1K": 0.004813160540724803,
    "time_total_secs": 596.3505144119263
}