{
    "dataset": "houses",
    "algorithm": "lightgbm",
    "mode": "combined",
    "task_type": "regression",
    "dataset_samples_count": 20640,
    "dataset_raw_features_count": 8,
    "feat_total_count": 85,
    "pca_n_components": 77,
    "optimal_trees": 926,
    "tuning_completed": 26,
    "tuning_best_idx": 22,
    "tuning_val_score_0": 0.195152092241287,
    "tuning_val_score_best": 0.19151508627248154,
    "tuning_overall_gain": 0.0036370059688054512,
    "tuning_gain_pct": 1.8636776716227255,
    "eval_overfitting_ratio": 0.9241596754249892,
    "primary_metric": "RMSE",
    "tabpfn_primary_score": 0.17616870304182927,
    "eval_primary_value": 0.17699051996856535,
    "eval_primary_delta": 0.0008218169267360798,
    "eval_primary_delta_pct": 0.4664942822113804,
    "secondary_metric": "R2_Score",
    "tabpfn_secondary_score": 0.9042406897497843,
    "eval_secondary_value": 0.9033451824512087,
    "eval_secondary_delta": -0.0008955072985756818,
    "eval_secondary_delta_pct": -0.09903417405640977,
    "feat_share_embedded_pct": 83.7326361727428,
    "feat_share_raw_pct": 16.267363827257174,
    "feat_active_embedded_pct": 100.0,
    "feat_active_raw_pct": 100.0,
    "feat_cr5_pct": 92.95623469641303,
    "feat_cr10_pct": 97.07385866129184,
    "time_tuning_search_secs": 186.1281213760376,
    "time_train_secs": 1.409996509552002,
    "time_infer_secs": 0.042568206787109375,
    "time_train_secs_per_1K": 0.08539223047189934,
    "time_infer_secs_per_1K": 0.010312065597652464,
    "time_total_secs": 189.25336599349976
}