{
    "dataset": "hiva_agnostic",
    "algorithm": "catboost",
    "mode": "embed-only",
    "task_type": "multiclass",
    "dataset_samples_count": 3845,
    "dataset_raw_features_count": 1617,
    "feat_total_count": 49,
    "pca_n_components": 49,
    "optimal_trees": 1000,
    "tuning_completed": 26,
    "tuning_best_idx": 16,
    "tuning_val_score_0": 0.19374673199340647,
    "tuning_val_score_best": 0.17462940757060622,
    "tuning_overall_gain": 0.019117324422800258,
    "tuning_gain_pct": 9.867172584594023,
    "eval_overfitting_ratio": 0.9866251518339567,
    "primary_metric": "Log_Loss",
    "tabpfn_primary_score": 0.17995572619000175,
    "eval_primary_value": 0.17229376575902328,
    "eval_primary_delta": -0.007661960430978471,
    "eval_primary_delta_pct": -4.257691929674292,
    "secondary_metric": "Accuracy",
    "tabpfn_secondary_score": 0.9648894668400521,
    "eval_secondary_value": 0.9648894668400521,
    "eval_secondary_delta": 0.0,
    "eval_secondary_delta_pct": 0.0,
    "feat_share_embedded_pct": 100.0,
    "feat_share_raw_pct": 0,
    "feat_active_embedded_pct": 100.0,
    "feat_active_raw_pct": 0,
    "feat_cr5_pct": 18.10432648108418,
    "feat_cr10_pct": 31.794464630358426,
    "time_tuning_search_secs": 763.7774896621704,
    "time_train_secs": 2.5984370708465576,
    "time_infer_secs": 0.00609588623046875,
    "time_train_secs_per_1K": 0.8447454716666312,
    "time_infer_secs_per_1K": 0.007927030208671977,
    "time_total_secs": 768.742467880249
}