{
    "dataset": "credit-g",
    "algorithm": "xgboost",
    "mode": "embed-only",
    "task_type": "binary",
    "dataset_samples_count": 1000,
    "dataset_raw_features_count": 20,
    "feat_total_count": 42,
    "pca_n_components": 42,
    "optimal_trees": 368,
    "tuning_completed": 26,
    "tuning_best_idx": 25,
    "tuning_val_score_0": 0.23369047619047623,
    "tuning_val_score_best": 0.21017857142857144,
    "tuning_overall_gain": 0.02351190476190479,
    "tuning_gain_pct": 10.061130922058084,
    "eval_overfitting_ratio": 1.3355989804587929,
    "primary_metric": "1-AUROC",
    "tabpfn_primary_score": 0.22690476190476194,
    "eval_primary_value": 0.2807142857142856,
    "eval_primary_delta": 0.05380952380952364,
    "eval_primary_delta_pct": 23.714585519412303,
    "secondary_metric": "Accuracy",
    "tabpfn_secondary_score": 0.75,
    "eval_secondary_value": 0.725,
    "eval_secondary_delta": -0.025000000000000022,
    "eval_secondary_delta_pct": -3.333333333333336,
    "feat_share_embedded_pct": 99.99999999999999,
    "feat_share_raw_pct": 0,
    "feat_active_embedded_pct": 100.0,
    "feat_active_raw_pct": 0,
    "feat_cr5_pct": 33.402397300613714,
    "feat_cr10_pct": 47.23227834512713,
    "time_tuning_search_secs": 103.67781925201416,
    "time_train_secs": 0.5390563011169434,
    "time_infer_secs": 0.001348733901977539,
    "time_train_secs_per_1K": 0.6738203763961792,
    "time_infer_secs_per_1K": 0.006743669509887695,
    "time_total_secs": 105.93365359306335
}