{
    "dataset": "miami_housing",
    "algorithm": "lightgbm",
    "mode": "combined",
    "task_type": "regression",
    "dataset_samples_count": 13776,
    "dataset_raw_features_count": 15,
    "feat_total_count": 88,
    "pca_n_components": 73,
    "optimal_trees": 823,
    "tuning_completed": 26,
    "tuning_best_idx": 15,
    "tuning_val_score_0": 81257.67028042558,
    "tuning_val_score_best": 79833.96128710241,
    "tuning_overall_gain": 1423.7089933231618,
    "tuning_gain_pct": 1.7520918190367114,
    "eval_overfitting_ratio": 1.0104127870366415,
    "primary_metric": "RMSE",
    "tabpfn_primary_score": 80937.77470144341,
    "eval_primary_value": 80665.2553242765,
    "eval_primary_delta": -272.51937716691464,
    "eval_primary_delta_pct": -0.336702334814815,
    "secondary_metric": "R2_Score",
    "tabpfn_secondary_score": 0.9386201225076625,
    "eval_secondary_value": 0.9390327616146763,
    "eval_secondary_delta": 0.00041263910701383466,
    "eval_secondary_delta_pct": 0.04396231202793823,
    "feat_share_embedded_pct": 77.00743101527569,
    "feat_share_raw_pct": 22.992568984724297,
    "feat_active_embedded_pct": 100.0,
    "feat_active_raw_pct": 93.33333333333333,
    "feat_cr5_pct": 68.23370816650691,
    "feat_cr10_pct": 84.8508426580737,
    "time_tuning_search_secs": 212.79804611206055,
    "time_train_secs": 0.8610324859619141,
    "time_infer_secs": 0.018799543380737305,
    "time_train_secs_per_1K": 0.07813361941578167,
    "time_infer_secs_per_1K": 0.006821314724505554,
    "time_total_secs": 215.42935609817505
}