{
    "dataset": "diabetes",
    "algorithm": "xgboost",
    "mode": "combined",
    "task_type": "binary",
    "dataset_samples_count": 768,
    "dataset_raw_features_count": 8,
    "feat_total_count": 40,
    "pca_n_components": 32,
    "optimal_trees": 23,
    "tuning_completed": 26,
    "tuning_best_idx": 19,
    "tuning_val_score_0": 0.20479700854700855,
    "tuning_val_score_best": 0.18393518518518526,
    "tuning_overall_gain": 0.020861823361823295,
    "tuning_gain_pct": 10.186585980837084,
    "eval_overfitting_ratio": 0.7973823307324434,
    "primary_metric": "1-AUROC",
    "tabpfn_primary_score": 0.13203703703703706,
    "eval_primary_value": 0.1466666666666666,
    "eval_primary_delta": 0.014629629629629548,
    "eval_primary_delta_pct": 11.079943899018168,
    "secondary_metric": "Accuracy",
    "tabpfn_secondary_score": 0.7597402597402597,
    "eval_secondary_value": 0.7662337662337663,
    "eval_secondary_delta": 0.006493506493506551,
    "eval_secondary_delta_pct": 0.8547008547008622,
    "feat_share_embedded_pct": 45.058209751494786,
    "feat_share_raw_pct": 54.94179024850519,
    "feat_active_embedded_pct": 100.0,
    "feat_active_raw_pct": 100.0,
    "feat_cr5_pct": 60.84136679814938,
    "feat_cr10_pct": 74.51293875420579,
    "time_tuning_search_secs": 52.21762728691101,
    "time_train_secs": 0.020514726638793945,
    "time_infer_secs": 0.0005135536193847656,
    "time_train_secs_per_1K": 0.0334116069035732,
    "time_infer_secs_per_1K": 0.003334763762238738,
    "time_total_secs": 53.93533444404602
}