{
    "dataset": "heloc",
    "algorithm": "xgboost",
    "mode": "embed-only",
    "task_type": "binary",
    "dataset_samples_count": 10459,
    "dataset_raw_features_count": 23,
    "feat_total_count": 21,
    "pca_n_components": 21,
    "optimal_trees": 483,
    "tuning_completed": 26,
    "tuning_best_idx": 14,
    "tuning_val_score_0": 0.2534694017374064,
    "tuning_val_score_best": 0.2296161974493397,
    "tuning_overall_gain": 0.0238532042880667,
    "tuning_gain_pct": 9.410683942347626,
    "eval_overfitting_ratio": 0.936265330450464,
    "primary_metric": "1-AUROC",
    "tabpfn_primary_score": 0.1908063186813188,
    "eval_primary_value": 0.21498168498168502,
    "eval_primary_delta": 0.024175366300366208,
    "eval_primary_delta_pct": 12.670107817940485,
    "secondary_metric": "Accuracy",
    "tabpfn_secondary_score": 0.73565965583174,
    "eval_secondary_value": 0.7060229445506692,
    "eval_secondary_delta": -0.029636711281070816,
    "eval_secondary_delta_pct": -4.028589993502283,
    "feat_share_embedded_pct": 99.99999999999997,
    "feat_share_raw_pct": 0,
    "feat_active_embedded_pct": 100.0,
    "feat_active_raw_pct": 0,
    "feat_cr5_pct": 31.317680993428063,
    "feat_cr10_pct": 57.87048095296347,
    "time_tuning_search_secs": 504.6995222568512,
    "time_train_secs": 4.4199910163879395,
    "time_infer_secs": 0.005556821823120117,
    "time_train_secs_per_1K": 0.528264732447465,
    "time_infer_secs_per_1K": 0.002656224580841356,
    "time_total_secs": 511.320317029953
}