{
    "dataset": "in_vehicle_coupon_recommendation",
    "algorithm": "xgboost",
    "mode": "raw-only",
    "task_type": "binary",
    "dataset_samples_count": 12684,
    "dataset_raw_features_count": 24,
    "feat_total_count": 24,
    "pca_n_components": 58,
    "optimal_trees": 816,
    "tuning_completed": 26,
    "tuning_best_idx": 23,
    "tuning_val_score_0": 0.1642814096981957,
    "tuning_val_score_best": 0.1585701863220459,
    "tuning_overall_gain": 0.005711223376149821,
    "tuning_gain_pct": 3.4764879280266774,
    "eval_overfitting_ratio": 0.831373855858572,
    "primary_metric": "1-AUROC",
    "tabpfn_primary_score": 0.12970348133933718,
    "eval_primary_value": 0.1318311072267715,
    "eval_primary_delta": 0.0021276258874343146,
    "eval_primary_delta_pct": 1.6403768545486503,
    "secondary_metric": "Accuracy",
    "tabpfn_secondary_score": 0.7942451714623571,
    "eval_secondary_value": 0.7906976744186046,
    "eval_secondary_delta": -0.0035474970437524567,
    "eval_secondary_delta_pct": -0.446650124069478,
    "feat_share_embedded_pct": 0,
    "feat_share_raw_pct": 100.0,
    "feat_active_embedded_pct": 0,
    "feat_active_raw_pct": 100.0,
    "feat_cr5_pct": 56.050257915905966,
    "feat_cr10_pct": 75.3874969583018,
    "time_tuning_search_secs": 898.6528866291046,
    "time_train_secs": 7.9825990200042725,
    "time_infer_secs": 0.04902505874633789,
    "time_train_secs_per_1K": 0.7866954784669629,
    "time_infer_secs_per_1K": 0.01932402788582495,
    "time_total_secs": 909.0604629516602
}