{
    "dataset": "bank-marketing",
    "algorithm": "lightgbm",
    "mode": "embed-only",
    "task_type": "binary",
    "dataset_samples_count": 45211,
    "dataset_raw_features_count": 13,
    "feat_total_count": 28,
    "pca_n_components": 28,
    "optimal_trees": 248,
    "tuning_completed": 26,
    "tuning_best_idx": 7,
    "tuning_val_score_0": 0.24622617292982696,
    "tuning_val_score_best": 0.24323720833626594,
    "tuning_overall_gain": 0.0029889645935610165,
    "tuning_gain_pct": 1.213910185905726,
    "eval_overfitting_ratio": 0.9329356238353975,
    "primary_metric": "1-AUROC",
    "tabpfn_primary_score": 0.22318205330647145,
    "eval_primary_value": 0.22692465669917483,
    "eval_primary_delta": 0.003742603392703381,
    "eval_primary_delta_pct": 1.6769284703927665,
    "secondary_metric": "Accuracy",
    "tabpfn_secondary_score": 0.8961627778392126,
    "eval_secondary_value": 0.8938405396439235,
    "eval_secondary_delta": -0.0023222381952890947,
    "eval_secondary_delta_pct": -0.25913129318854,
    "feat_share_embedded_pct": 99.99999999999999,
    "feat_share_raw_pct": 0,
    "feat_active_embedded_pct": 100.0,
    "feat_active_raw_pct": 0,
    "feat_cr5_pct": 54.37734324640047,
    "feat_cr10_pct": 79.00611655932384,
    "time_tuning_search_secs": 183.7094807624817,
    "time_train_secs": 0.46924352645874023,
    "time_infer_secs": 0.015314102172851562,
    "time_train_secs_per_1K": 0.012973997081916065,
    "time_infer_secs_per_1K": 0.0016934758567788968,
    "time_total_secs": 186.27502036094666
}