{
    "dataset": "physiochemical_protein",
    "algorithm": "xgboost",
    "mode": "raw-only",
    "task_type": "regression",
    "dataset_samples_count": 45730,
    "dataset_raw_features_count": 9,
    "feat_total_count": 9,
    "pca_n_components": 87,
    "optimal_trees": 1000,
    "tuning_completed": 26,
    "tuning_best_idx": 19,
    "tuning_val_score_0": 3.7324716589347826,
    "tuning_val_score_best": 3.4239417252643856,
    "tuning_overall_gain": 0.30852993367039705,
    "tuning_gain_pct": 8.26610251498732,
    "eval_overfitting_ratio": 0.9795371151320127,
    "primary_metric": "RMSE",
    "tabpfn_primary_score": 2.8268602129706855,
    "eval_primary_value": 3.3538779999456025,
    "eval_primary_delta": 0.5270177869749171,
    "eval_primary_delta_pct": 18.64322065013203,
    "secondary_metric": "R2_Score",
    "tabpfn_secondary_score": 0.7868861628452948,
    "eval_secondary_value": 0.7000164063143025,
    "eval_secondary_delta": -0.08686975653099227,
    "eval_secondary_delta_pct": -11.039685361460757,
    "feat_share_embedded_pct": 0,
    "feat_share_raw_pct": 100.0,
    "feat_active_embedded_pct": 0,
    "feat_active_raw_pct": 100.0,
    "feat_cr5_pct": 68.20154632143897,
    "feat_cr10_pct": 100.0,
    "time_tuning_search_secs": 1241.927413702011,
    "time_train_secs": 3.300841808319092,
    "time_infer_secs": 0.08563923835754395,
    "time_train_secs_per_1K": 0.09022637787882931,
    "time_infer_secs_per_1K": 0.00936357296714891,
    "time_total_secs": 1247.3948466777802
}