{
    "dataset": "sdss17",
    "algorithm": "lightgbm",
    "mode": "raw-only",
    "task_type": "multiclass",
    "dataset_samples_count": 78053,
    "dataset_raw_features_count": 11,
    "feat_total_count": 11,
    "pca_n_components": 21,
    "optimal_trees": 140,
    "tuning_completed": 26,
    "tuning_best_idx": 22,
    "tuning_val_score_0": 0.08782108943297191,
    "tuning_val_score_best": 0.07353025087239945,
    "tuning_overall_gain": 0.014290838560572464,
    "tuning_gain_pct": 16.27267283159784,
    "eval_overfitting_ratio": 1.020873634492417,
    "primary_metric": "Log_Loss",
    "tabpfn_primary_score": 0.06354347925948427,
    "eval_primary_value": 0.07506509445324563,
    "eval_primary_delta": 0.011521615193761367,
    "eval_primary_delta_pct": 18.13186077947045,
    "secondary_metric": "Accuracy",
    "tabpfn_secondary_score": 0.9795016334635833,
    "eval_secondary_value": 0.9767471654602524,
    "eval_secondary_delta": -0.002754468003330901,
    "eval_secondary_delta_pct": -0.28121116996925444,
    "feat_share_embedded_pct": 0,
    "feat_share_raw_pct": 100.0,
    "feat_active_embedded_pct": 0,
    "feat_active_raw_pct": 100.0,
    "feat_cr5_pct": 95.25527773238102,
    "feat_cr10_pct": 99.93813718944628,
    "time_tuning_search_secs": 1170.8227865695953,
    "time_train_secs": 0.8086326122283936,
    "time_infer_secs": 0.04656505584716797,
    "time_train_secs_per_1K": 0.01295013952513362,
    "time_infer_secs_per_1K": 0.002982836195449873,
    "time_total_secs": 1173.92937707901
}