{
    "dataset": "airfoil_self_noise",
    "algorithm": "lightgbm",
    "mode": "combined",
    "task_type": "regression",
    "dataset_samples_count": 1503,
    "dataset_raw_features_count": 5,
    "feat_total_count": 62,
    "pca_n_components": 57,
    "optimal_trees": 228,
    "tuning_completed": 26,
    "tuning_best_idx": 19,
    "tuning_val_score_0": 1.232668226440313,
    "tuning_val_score_best": 1.124144754971948,
    "tuning_overall_gain": 0.10852347146836494,
    "tuning_gain_pct": 8.803948146027738,
    "eval_overfitting_ratio": 0.8500214484063902,
    "primary_metric": "RMSE",
    "tabpfn_primary_score": 0.8975385766269695,
    "eval_primary_value": 0.9555471528397019,
    "eval_primary_delta": 0.05800857621273248,
    "eval_primary_delta_pct": 6.463073312206136,
    "secondary_metric": "R2_Score",
    "tabpfn_secondary_score": 0.9835905950772067,
    "eval_secondary_value": 0.9814009470918041,
    "eval_secondary_delta": -0.002189647985402554,
    "eval_secondary_delta_pct": -0.22261782456660012,
    "feat_share_embedded_pct": 93.67394000861626,
    "feat_share_raw_pct": 6.326059991383743,
    "feat_active_embedded_pct": 100.0,
    "feat_active_raw_pct": 100.0,
    "feat_cr5_pct": 83.11584971260847,
    "feat_cr10_pct": 93.41012320939576,
    "time_tuning_search_secs": 66.12222790718079,
    "time_train_secs": 0.12894392013549805,
    "time_infer_secs": 0.0023508071899414062,
    "time_train_secs_per_1K": 0.10727447598627125,
    "time_infer_secs_per_1K": 0.007809990664257164,
    "time_total_secs": 68.42008519172668
}