{
    "dataset": "credit_card_clients_default",
    "algorithm": "catboost",
    "mode": "raw-only",
    "task_type": "binary",
    "dataset_samples_count": 30000,
    "dataset_raw_features_count": 23,
    "feat_total_count": 23,
    "pca_n_components": 23,
    "optimal_trees": 733,
    "tuning_completed": 26,
    "tuning_best_idx": 18,
    "tuning_val_score_0": 0.22051717539158322,
    "tuning_val_score_best": 0.21349566746812443,
    "tuning_overall_gain": 0.007021507923458792,
    "tuning_gain_pct": 3.184109315290455,
    "eval_overfitting_ratio": 1.0284950953772465,
    "primary_metric": "1-AUROC",
    "tabpfn_primary_score": 0.2132596933658718,
    "eval_primary_value": 0.21957924687525754,
    "eval_primary_delta": 0.006319553509385734,
    "eval_primary_delta_pct": 2.9633136058879184,
    "secondary_metric": "Accuracy",
    "tabpfn_secondary_score": 0.8218333333333333,
    "eval_secondary_value": 0.8213333333333334,
    "eval_secondary_delta": -0.0004999999999999449,
    "eval_secondary_delta_pct": -0.060839586290806526,
    "feat_share_embedded_pct": 0,
    "feat_share_raw_pct": 100.0,
    "feat_active_embedded_pct": 0,
    "feat_active_raw_pct": 100.0,
    "feat_cr5_pct": 41.556474390511795,
    "feat_cr10_pct": 64.88436371437841,
    "time_tuning_search_secs": 487.4819884300232,
    "time_train_secs": 1.3001909255981445,
    "time_infer_secs": 0.0044803619384765625,
    "time_train_secs_per_1K": 0.05417462189992269,
    "time_infer_secs_per_1K": 0.0007467269897460938,
    "time_total_secs": 490.9039354324341
}