{
    "dataset": "amazon_employee_access",
    "algorithm": "lightgbm",
    "mode": "raw-only",
    "task_type": "binary",
    "dataset_samples_count": 32769,
    "dataset_raw_features_count": 9,
    "feat_total_count": 9,
    "pca_n_components": 52,
    "optimal_trees": 107,
    "tuning_completed": 26,
    "tuning_best_idx": 19,
    "tuning_val_score_0": 0.14674045024957794,
    "tuning_val_score_best": 0.13355486121548488,
    "tuning_overall_gain": 0.01318558903409306,
    "tuning_gain_pct": 8.9856539295517,
    "eval_overfitting_ratio": 1.0596513092279634,
    "primary_metric": "1-AUROC",
    "tabpfn_primary_score": 0.14683623001078916,
    "eval_primary_value": 0.1415215835407475,
    "eval_primary_delta": -0.005314646470041651,
    "eval_primary_delta_pct": -3.6194381111876437,
    "secondary_metric": "Accuracy",
    "tabpfn_secondary_score": 0.9490387549588037,
    "eval_secondary_value": 0.954684162343607,
    "eval_secondary_delta": 0.005645407384803236,
    "eval_secondary_delta_pct": 0.5948553054662445,
    "feat_share_embedded_pct": 0,
    "feat_share_raw_pct": 100.0,
    "feat_active_embedded_pct": 0,
    "feat_active_raw_pct": 100.0,
    "feat_cr5_pct": 88.3417170156703,
    "feat_cr10_pct": 100.0,
    "time_tuning_search_secs": 288.64961218833923,
    "time_train_secs": 0.8560466766357422,
    "time_infer_secs": 0.021695613861083984,
    "time_train_secs_per_1K": 0.032654841756084005,
    "time_infer_secs_per_1K": 0.003310285911059503,
    "time_total_secs": 291.3303506374359
}