{
    "dataset": "students_dropout_and_academic_success",
    "algorithm": "lightgbm",
    "mode": "combined",
    "task_type": "multiclass",
    "dataset_samples_count": 4424,
    "dataset_raw_features_count": 36,
    "feat_total_count": 65,
    "pca_n_components": 29,
    "optimal_trees": 585,
    "tuning_completed": 26,
    "tuning_best_idx": 7,
    "tuning_val_score_0": 0.5713019253333633,
    "tuning_val_score_best": 0.5411258295952479,
    "tuning_overall_gain": 0.030176095738115416,
    "tuning_gain_pct": 5.281987404559718,
    "eval_overfitting_ratio": 0.9748925801410027,
    "primary_metric": "Log_Loss",
    "tabpfn_primary_score": 0.5324069501376939,
    "eval_primary_value": 0.5275395561950518,
    "eval_primary_delta": -0.004867393942642129,
    "eval_primary_delta_pct": -0.9142243431238637,
    "secondary_metric": "Accuracy",
    "tabpfn_secondary_score": 0.784180790960452,
    "eval_secondary_value": 0.7932203389830509,
    "eval_secondary_delta": 0.009039548022598876,
    "eval_secondary_delta_pct": 1.152737752161384,
    "feat_share_embedded_pct": 48.674100917906486,
    "feat_share_raw_pct": 51.32589908209352,
    "feat_active_embedded_pct": 100.0,
    "feat_active_raw_pct": 100.0,
    "feat_cr5_pct": 39.658118344217655,
    "feat_cr10_pct": 59.686965870237614,
    "time_tuning_search_secs": 546.8100280761719,
    "time_train_secs": 2.0154623985290527,
    "time_infer_secs": 0.029208898544311523,
    "time_train_secs_per_1K": 0.5695005364591841,
    "time_infer_secs_per_1K": 0.03300440513481528,
    "time_total_secs": 550.8950867652893
}