{
    "dataset": "diabetes130us",
    "algorithm": "catboost",
    "mode": "raw-only",
    "task_type": "binary",
    "dataset_samples_count": 71518,
    "dataset_raw_features_count": 47,
    "feat_total_count": 47,
    "pca_n_components": 38,
    "optimal_trees": 1000,
    "tuning_completed": 26,
    "tuning_best_idx": 15,
    "tuning_val_score_0": 0.353540141422223,
    "tuning_val_score_best": 0.3307221673099472,
    "tuning_overall_gain": 0.02281797411227582,
    "tuning_gain_pct": 6.4541395555490695,
    "eval_overfitting_ratio": 0.9727376912396991,
    "primary_metric": "1-AUROC",
    "tabpfn_primary_score": 0.32308271210032113,
    "eval_primary_value": 0.3217059174708675,
    "eval_primary_delta": -0.0013767946294536149,
    "eval_primary_delta_pct": -0.42614308283573626,
    "secondary_metric": "Accuracy",
    "tabpfn_secondary_score": 0.9121923937360179,
    "eval_secondary_value": 0.9128215883668904,
    "eval_secondary_delta": 0.0006291946308725205,
    "eval_secondary_delta_pct": 0.0689760882893971,
    "feat_share_embedded_pct": 0,
    "feat_share_raw_pct": 100.00000000000003,
    "feat_active_embedded_pct": 0,
    "feat_active_raw_pct": 89.36170212765957,
    "feat_cr5_pct": 41.99220626086381,
    "feat_cr10_pct": 66.06935224795487,
    "time_tuning_search_secs": 2632.9777188301086,
    "time_train_secs": 22.786329746246338,
    "time_infer_secs": 0.1262810230255127,
    "time_train_secs_per_1K": 0.39826493072056385,
    "time_infer_secs_per_1K": 0.008828371296526335,
    "time_total_secs": 2659.7425105571747
}