{
    "dataset": "jm1",
    "algorithm": "catboost",
    "mode": "embed-only",
    "task_type": "binary",
    "dataset_samples_count": 10885,
    "dataset_raw_features_count": 21,
    "feat_total_count": 42,
    "pca_n_components": 42,
    "optimal_trees": 1000,
    "tuning_completed": 26,
    "tuning_best_idx": 24,
    "tuning_val_score_0": 0.2536717355810708,
    "tuning_val_score_best": 0.23517139869835135,
    "tuning_overall_gain": 0.01850033688271946,
    "tuning_gain_pct": 7.293022551504145,
    "eval_overfitting_ratio": 1.0082017553212639,
    "primary_metric": "1-AUROC",
    "tabpfn_primary_score": 0.2203148756350808,
    "eval_primary_value": 0.2371002169690346,
    "eval_primary_delta": 0.016785341333953818,
    "eval_primary_delta_pct": 7.618796182313295,
    "secondary_metric": "Accuracy",
    "tabpfn_secondary_score": 0.8231511254019293,
    "eval_secondary_value": 0.8093706936150666,
    "eval_secondary_delta": -0.013780431786862612,
    "eval_secondary_delta_pct": -1.6741071428571377,
    "feat_share_embedded_pct": 100.00000000000003,
    "feat_share_raw_pct": 0,
    "feat_active_embedded_pct": 100.0,
    "feat_active_raw_pct": 0,
    "feat_cr5_pct": 19.81698936697819,
    "feat_cr10_pct": 34.4484044939832,
    "time_tuning_search_secs": 901.9645252227783,
    "time_train_secs": 8.737421035766602,
    "time_infer_secs": 0.008049964904785156,
    "time_train_secs_per_1K": 1.0033786214706708,
    "time_infer_secs_per_1K": 0.003697733075234339,
    "time_total_secs": 912.3177759647369
}