{
    "dataset": "diabetes",
    "algorithm": "xgboost",
    "mode": "raw-only",
    "task_type": "binary",
    "dataset_samples_count": 768,
    "dataset_raw_features_count": 8,
    "feat_total_count": 8,
    "pca_n_components": 32,
    "optimal_trees": 12,
    "tuning_completed": 26,
    "tuning_best_idx": 23,
    "tuning_val_score_0": 0.19819800569800572,
    "tuning_val_score_best": 0.1738087606837606,
    "tuning_overall_gain": 0.02438924501424511,
    "tuning_gain_pct": 12.305494663456402,
    "eval_overfitting_ratio": 0.7388921330587745,
    "primary_metric": "1-AUROC",
    "tabpfn_primary_score": 0.13203703703703706,
    "eval_primary_value": 0.12842592592592594,
    "eval_primary_delta": -0.0036111111111111205,
    "eval_primary_delta_pct": -2.7349228611500767,
    "secondary_metric": "Accuracy",
    "tabpfn_secondary_score": 0.7597402597402597,
    "eval_secondary_value": 0.7077922077922078,
    "eval_secondary_delta": -0.051948051948051965,
    "eval_secondary_delta_pct": -6.83760683760684,
    "feat_share_embedded_pct": 0,
    "feat_share_raw_pct": 100.0,
    "feat_active_embedded_pct": 0,
    "feat_active_raw_pct": 100.0,
    "feat_cr5_pct": 89.55047991262109,
    "feat_cr10_pct": 100.0,
    "time_tuning_search_secs": 24.716200590133667,
    "time_train_secs": 0.006430864334106445,
    "time_infer_secs": 0.0005042552947998047,
    "time_train_secs_per_1K": 0.010473720413854146,
    "time_infer_secs_per_1K": 0.0032743850311675628,
    "time_total_secs": 26.275344848632812
}