{
    "dataset": "taiwanese_bankruptcy_prediction",
    "algorithm": "xgboost",
    "mode": "embed-only",
    "task_type": "binary",
    "dataset_samples_count": 6819,
    "dataset_raw_features_count": 94,
    "feat_total_count": 32,
    "pca_n_components": 32,
    "optimal_trees": 376,
    "tuning_completed": 26,
    "tuning_best_idx": 22,
    "tuning_val_score_0": 0.06432840005099982,
    "tuning_val_score_best": 0.05144966442602317,
    "tuning_overall_gain": 0.012878735624976656,
    "tuning_gain_pct": 20.020295258029645,
    "eval_overfitting_ratio": 0.7579822787837739,
    "primary_metric": "1-AUROC",
    "tabpfn_primary_score": 0.0431818181818181,
    "eval_primary_value": 0.03899793388429751,
    "eval_primary_delta": -0.00418388429752059,
    "eval_primary_delta_pct": -9.68899521531086,
    "secondary_metric": "Accuracy",
    "tabpfn_secondary_score": 0.9736070381231672,
    "eval_secondary_value": 0.9750733137829912,
    "eval_secondary_delta": 0.0014662756598240456,
    "eval_secondary_delta_pct": 0.15060240963855406,
    "feat_share_embedded_pct": 100.0,
    "feat_share_raw_pct": 0,
    "feat_active_embedded_pct": 100.0,
    "feat_active_raw_pct": 0,
    "feat_cr5_pct": 41.705327195018576,
    "feat_cr10_pct": 61.226466610675644,
    "time_tuning_search_secs": 167.25683617591858,
    "time_train_secs": 0.503171443939209,
    "time_infer_secs": 0.0032601356506347656,
    "time_train_secs_per_1K": 0.09224041135457543,
    "time_infer_secs_per_1K": 0.0023901287761251945,
    "time_total_secs": 170.35801124572754
}