{
    "dataset": "qsar_fish_toxicity",
    "algorithm": "xgboost",
    "mode": "combined",
    "task_type": "regression",
    "dataset_samples_count": 907,
    "dataset_raw_features_count": 6,
    "feat_total_count": 81,
    "pca_n_components": 75,
    "optimal_trees": 638,
    "tuning_completed": 26,
    "tuning_best_idx": 16,
    "tuning_val_score_0": 0.9414786270395296,
    "tuning_val_score_best": 0.8721384624446734,
    "tuning_overall_gain": 0.06934016459485615,
    "tuning_gain_pct": 7.365028010555654,
    "eval_overfitting_ratio": 1.0187540926304837,
    "primary_metric": "RMSE",
    "tabpfn_primary_score": 0.8427904535011612,
    "eval_primary_value": 0.8884946279559683,
    "eval_primary_delta": 0.04570417445480712,
    "eval_primary_delta_pct": 5.422958253138797,
    "secondary_metric": "R2_Score",
    "tabpfn_secondary_score": 0.7164271114808677,
    "eval_secondary_value": 0.6848370881029116,
    "eval_secondary_delta": -0.03159002337795613,
    "eval_secondary_delta_pct": -4.409384132973275,
    "feat_share_embedded_pct": 80.77381035467201,
    "feat_share_raw_pct": 19.226189645328034,
    "feat_active_embedded_pct": 100.0,
    "feat_active_raw_pct": 100.0,
    "feat_cr5_pct": 69.94344027701362,
    "feat_cr10_pct": 76.67431096287338,
    "time_tuning_search_secs": 344.40232038497925,
    "time_train_secs": 1.219085693359375,
    "time_infer_secs": 0.0013933181762695312,
    "time_train_secs_per_1K": 1.6814975080818966,
    "time_infer_secs_per_1K": 0.007655594375107315,
    "time_total_secs": 347.3390543460846
}