{
    "dataset": "mic",
    "algorithm": "catboost",
    "mode": "combined",
    "task_type": "multiclass",
    "dataset_samples_count": 1699,
    "dataset_raw_features_count": 111,
    "feat_total_count": 141,
    "pca_n_components": 30,
    "optimal_trees": 1000,
    "tuning_completed": 26,
    "tuning_best_idx": 25,
    "tuning_val_score_0": 0.5064334180569509,
    "tuning_val_score_best": 0.44824373363052783,
    "tuning_overall_gain": 0.05818968442642303,
    "tuning_gain_pct": 11.490095706890994,
    "eval_overfitting_ratio": 0.9972410829267124,
    "primary_metric": "Log_Loss",
    "tabpfn_primary_score": 0.45523432170328487,
    "eval_primary_value": 0.4470070663408204,
    "eval_primary_delta": -0.008227255362464492,
    "eval_primary_delta_pct": -1.807257267352284,
    "secondary_metric": "Accuracy",
    "tabpfn_secondary_score": 0.888235294117647,
    "eval_secondary_value": 0.8852941176470588,
    "eval_secondary_delta": -0.002941176470588225,
    "eval_secondary_delta_pct": -0.33112582781456834,
    "feat_share_embedded_pct": 45.599223464127604,
    "feat_share_raw_pct": 54.4007765358724,
    "feat_active_embedded_pct": 100.0,
    "feat_active_raw_pct": 100.0,
    "feat_cr5_pct": 25.99361109811301,
    "feat_cr10_pct": 34.759138532896564,
    "time_tuning_search_secs": 925.1463375091553,
    "time_train_secs": 6.579730272293091,
    "time_infer_secs": 0.010261774063110352,
    "time_train_secs_per_1K": 4.841596962688072,
    "time_infer_secs_per_1K": 0.030181688420912796,
    "time_total_secs": 933.4791564941406
}