{
    "dataset": "heloc",
    "algorithm": "lightgbm",
    "mode": "combined",
    "task_type": "binary",
    "dataset_samples_count": 10459,
    "dataset_raw_features_count": 23,
    "feat_total_count": 44,
    "pca_n_components": 21,
    "optimal_trees": 960,
    "tuning_completed": 26,
    "tuning_best_idx": 23,
    "tuning_val_score_0": 0.2100494854151964,
    "tuning_val_score_best": 0.2006450343616628,
    "tuning_overall_gain": 0.009404451053533602,
    "tuning_gain_pct": 4.47725498348363,
    "eval_overfitting_ratio": 0.9564573851476927,
    "primary_metric": "1-AUROC",
    "tabpfn_primary_score": 0.1908063186813188,
    "eval_primary_value": 0.19190842490842497,
    "eval_primary_delta": 0.0011021062271061588,
    "eval_primary_delta_pct": 0.5776046803496462,
    "secondary_metric": "Accuracy",
    "tabpfn_secondary_score": 0.73565965583174,
    "eval_secondary_value": 0.7337476099426387,
    "eval_secondary_delta": -0.0019120458891013214,
    "eval_secondary_delta_pct": -0.2599090318388541,
    "feat_share_embedded_pct": 32.48614934912087,
    "feat_share_raw_pct": 67.5138506508791,
    "feat_active_embedded_pct": 100.0,
    "feat_active_raw_pct": 100.0,
    "feat_cr5_pct": 47.81534294141703,
    "feat_cr10_pct": 66.4653363315735,
    "time_tuning_search_secs": 143.27549934387207,
    "time_train_secs": 1.0006508827209473,
    "time_infer_secs": 0.020080089569091797,
    "time_train_secs_per_1K": 0.11959494235938176,
    "time_infer_secs_per_1K": 0.009598513178342158,
    "time_total_secs": 146.46581292152405
}