{
    "dataset": "hr_analytics_job_change_of_data_scientists",
    "algorithm": "xgboost",
    "mode": "combined",
    "task_type": "binary",
    "dataset_samples_count": 19158,
    "dataset_raw_features_count": 12,
    "feat_total_count": 48,
    "pca_n_components": 36,
    "optimal_trees": 331,
    "tuning_completed": 26,
    "tuning_best_idx": 20,
    "tuning_val_score_0": 0.20046995906135834,
    "tuning_val_score_best": 0.18824162717236637,
    "tuning_overall_gain": 0.012228331888991972,
    "tuning_gain_pct": 6.099832586511985,
    "eval_overfitting_ratio": 1.3405392199168213,
    "primary_metric": "1-AUROC",
    "tabpfn_primary_score": 0.2034192467065935,
    "eval_primary_value": 0.25234528404551715,
    "eval_primary_delta": 0.048926037338923645,
    "eval_primary_delta_pct": 24.051823085105244,
    "secondary_metric": "Accuracy",
    "tabpfn_secondary_score": 0.7904488517745303,
    "eval_secondary_value": 0.7604384133611691,
    "eval_secondary_delta": -0.03001043841336115,
    "eval_secondary_delta_pct": -3.7966325519973565,
    "feat_share_embedded_pct": 62.4812699380362,
    "feat_share_raw_pct": 37.51873006196382,
    "feat_active_embedded_pct": 100.0,
    "feat_active_raw_pct": 100.0,
    "feat_cr5_pct": 36.07342720703983,
    "feat_cr10_pct": 47.488889632405666,
    "time_tuning_search_secs": 520.6774682998657,
    "time_train_secs": 1.7960686683654785,
    "time_infer_secs": 0.006281852722167969,
    "time_train_secs_per_1K": 0.11719096100518586,
    "time_infer_secs_per_1K": 0.0016393143846993657,
    "time_total_secs": 524.4336566925049
}