{
    "dataset": "customer_satisfaction_in_airline",
    "algorithm": "xgboost",
    "mode": "embed-only",
    "task_type": "binary",
    "dataset_samples_count": 129880,
    "dataset_raw_features_count": 21,
    "feat_total_count": 33,
    "pca_n_components": 33,
    "optimal_trees": 1000,
    "tuning_completed": 26,
    "tuning_best_idx": 23,
    "tuning_val_score_0": 0.0066471414786073435,
    "tuning_val_score_best": 0.005894345437766568,
    "tuning_overall_gain": 0.0007527960408407752,
    "tuning_gain_pct": 11.325109346077813,
    "eval_overfitting_ratio": 1.0501179339432791,
    "primary_metric": "1-AUROC",
    "tabpfn_primary_score": 0.004773229238590471,
    "eval_primary_value": 0.006189757853055422,
    "eval_primary_delta": 0.0014165286144649514,
    "eval_primary_delta_pct": 29.676525967213983,
    "secondary_metric": "Accuracy",
    "tabpfn_secondary_score": 0.9618109023714198,
    "eval_secondary_value": 0.9592700954727441,
    "eval_secondary_delta": -0.0025408068986756405,
    "eval_secondary_delta_pct": -0.26416906820364405,
    "feat_share_embedded_pct": 99.99999999999997,
    "feat_share_raw_pct": 0,
    "feat_active_embedded_pct": 100.0,
    "feat_active_raw_pct": 0,
    "feat_cr5_pct": 59.35765094273221,
    "feat_cr10_pct": 75.59820033415879,
    "time_tuning_search_secs": 2315.194595813751,
    "time_train_secs": 11.196954488754272,
    "time_infer_secs": 0.13357067108154297,
    "time_train_secs_per_1K": 0.10776249700448753,
    "time_infer_secs_per_1K": 0.005142080038556474,
    "time_total_secs": 2329.849007129669
}