{
    "dataset": "airfoil_self_noise",
    "algorithm": "xgboost",
    "mode": "embed-only",
    "task_type": "regression",
    "dataset_samples_count": 1503,
    "dataset_raw_features_count": 5,
    "feat_total_count": 57,
    "pca_n_components": 57,
    "optimal_trees": 1000,
    "tuning_completed": 26,
    "tuning_best_idx": 7,
    "tuning_val_score_0": 1.2877858919602958,
    "tuning_val_score_best": 1.1525442036001907,
    "tuning_overall_gain": 0.13524168836010508,
    "tuning_gain_pct": 10.501876841827894,
    "eval_overfitting_ratio": 0.8202177743954728,
    "primary_metric": "RMSE",
    "tabpfn_primary_score": 0.8975385766269695,
    "eval_primary_value": 0.9453372415693512,
    "eval_primary_delta": 0.04779866494238172,
    "eval_primary_delta_pct": 5.325527636039154,
    "secondary_metric": "R2_Score",
    "tabpfn_secondary_score": 0.9835905950772067,
    "eval_secondary_value": 0.9817962811743816,
    "eval_secondary_delta": -0.0017943139028251398,
    "eval_secondary_delta_pct": -0.18242487390643417,
    "feat_share_embedded_pct": 99.99999999999997,
    "feat_share_raw_pct": 0,
    "feat_active_embedded_pct": 100.0,
    "feat_active_raw_pct": 0,
    "feat_cr5_pct": 97.18411539986461,
    "feat_cr10_pct": 99.40950510640221,
    "time_tuning_search_secs": 284.24858570098877,
    "time_train_secs": 0.7701418399810791,
    "time_infer_secs": 0.0012297630310058594,
    "time_train_secs_per_1K": 0.6407170049759394,
    "time_infer_secs_per_1K": 0.004085591465135745,
    "time_total_secs": 286.50019550323486
}