{
    "dataset": "fitness_club",
    "algorithm": "catboost",
    "mode": "combined",
    "task_type": "binary",
    "dataset_samples_count": 1500,
    "dataset_raw_features_count": 6,
    "feat_total_count": 21,
    "pca_n_components": 15,
    "optimal_trees": 242,
    "tuning_completed": 26,
    "tuning_best_idx": 1,
    "tuning_val_score_0": 0.18916622427491991,
    "tuning_val_score_best": 0.1826394750579533,
    "tuning_overall_gain": 0.00652674921696661,
    "tuning_gain_pct": 3.450271972168311,
    "eval_overfitting_ratio": 1.1008687784233877,
    "primary_metric": "1-AUROC",
    "tabpfn_primary_score": 0.1838161838161838,
    "eval_primary_value": 0.20106209579893786,
    "eval_primary_delta": 0.017245911982754047,
    "eval_primary_delta_pct": 9.382151029748261,
    "secondary_metric": "Accuracy",
    "tabpfn_secondary_score": 0.7633333333333333,
    "eval_secondary_value": 0.7533333333333333,
    "eval_secondary_delta": -0.010000000000000009,
    "eval_secondary_delta_pct": -1.3100436681222718,
    "feat_share_embedded_pct": 62.49543296059744,
    "feat_share_raw_pct": 37.50456703940257,
    "feat_active_embedded_pct": 100.0,
    "feat_active_raw_pct": 100.0,
    "feat_cr5_pct": 49.59395364318112,
    "feat_cr10_pct": 71.64050796004447,
    "time_tuning_search_secs": 56.814579010009766,
    "time_train_secs": 0.13911676406860352,
    "time_infer_secs": 0.0014929771423339844,
    "time_train_secs_per_1K": 0.11593063672383627,
    "time_infer_secs_per_1K": 0.004976590474446615,
    "time_total_secs": 58.628700971603394
}