{
    "dataset": "in_vehicle_coupon_recommendation",
    "algorithm": "lightgbm",
    "mode": "raw-only",
    "task_type": "binary",
    "dataset_samples_count": 12684,
    "dataset_raw_features_count": 24,
    "feat_total_count": 24,
    "pca_n_components": 58,
    "optimal_trees": 361,
    "tuning_completed": 26,
    "tuning_best_idx": 21,
    "tuning_val_score_0": 0.1660144257829007,
    "tuning_val_score_best": 0.15747251592645328,
    "tuning_overall_gain": 0.008541909856447427,
    "tuning_gain_pct": 5.145281692337868,
    "eval_overfitting_ratio": 0.8457795730242279,
    "primary_metric": "1-AUROC",
    "tabpfn_primary_score": 0.12970348133933718,
    "eval_primary_value": 0.1331870372833266,
    "eval_primary_delta": 0.0034835559439894137,
    "eval_primary_delta_pct": 2.6857844585339605,
    "secondary_metric": "Accuracy",
    "tabpfn_secondary_score": 0.7942451714623571,
    "eval_secondary_value": 0.7926685061095783,
    "eval_secondary_delta": -0.0015766653527787833,
    "eval_secondary_delta_pct": -0.1985111662530905,
    "feat_share_embedded_pct": 0,
    "feat_share_raw_pct": 100.00000000000003,
    "feat_active_embedded_pct": 0,
    "feat_active_raw_pct": 100.0,
    "feat_cr5_pct": 48.01604880742856,
    "feat_cr10_pct": 73.67093764529412,
    "time_tuning_search_secs": 336.9239864349365,
    "time_train_secs": 1.8522248268127441,
    "time_infer_secs": 0.024401426315307617,
    "time_train_secs_per_1K": 0.18253915707231144,
    "time_infer_secs_per_1K": 0.009618220857433038,
    "time_total_secs": 340.5610685348511
}