{
    "dataset": "qsar-tid-11",
    "algorithm": "xgboost",
    "mode": "embed-only",
    "task_type": "regression",
    "dataset_samples_count": 5742,
    "dataset_raw_features_count": 1024,
    "feat_total_count": 41,
    "pca_n_components": 41,
    "optimal_trees": 617,
    "tuning_completed": 26,
    "tuning_best_idx": 13,
    "tuning_val_score_0": 0.7606856422211515,
    "tuning_val_score_best": 0.7310208862647385,
    "tuning_overall_gain": 0.029664755956413047,
    "tuning_gain_pct": 3.8997391708083162,
    "eval_overfitting_ratio": 0.9177548367381219,
    "primary_metric": "RMSE",
    "tabpfn_primary_score": 0.6735581320258458,
    "eval_primary_value": 0.6708979541260522,
    "eval_primary_delta": -0.002660177899793559,
    "eval_primary_delta_pct": -0.39494406990419684,
    "secondary_metric": "R2_Score",
    "tabpfn_secondary_score": 0.8040732050300042,
    "eval_secondary_value": 0.8056177514639974,
    "eval_secondary_delta": 0.0015445464339931547,
    "eval_secondary_delta_pct": 0.19209027540415546,
    "feat_share_embedded_pct": 100.00000000000001,
    "feat_share_raw_pct": 0,
    "feat_active_embedded_pct": 100.0,
    "feat_active_raw_pct": 0,
    "feat_cr5_pct": 91.62518225999084,
    "feat_cr10_pct": 94.4020963614747,
    "time_tuning_search_secs": 244.30236172676086,
    "time_train_secs": 0.6734585762023926,
    "time_infer_secs": 0.0017600059509277344,
    "time_train_secs_per_1K": 0.1466271666018708,
    "time_infer_secs_per_1K": 0.00153177193292231,
    "time_total_secs": 247.30340313911438
}