{
    "dataset": "apsfailure",
    "algorithm": "lightgbm",
    "mode": "embed-only",
    "task_type": "binary",
    "dataset_samples_count": 76000,
    "dataset_raw_features_count": 170,
    "feat_total_count": 41,
    "pca_n_components": 41,
    "optimal_trees": 48,
    "tuning_completed": 26,
    "tuning_best_idx": 15,
    "tuning_val_score_0": 0.010647754107381058,
    "tuning_val_score_best": 0.008869265120757808,
    "tuning_overall_gain": 0.00177848898662325,
    "tuning_gain_pct": 16.702949454762443,
    "eval_overfitting_ratio": 0.7196426421821918,
    "primary_metric": "1-AUROC",
    "tabpfn_primary_score": 0.004460849703060821,
    "eval_primary_value": 0.006382701385716505,
    "eval_primary_delta": 0.0019218516826556842,
    "eval_primary_delta_pct": 43.08263695450223,
    "secondary_metric": "Accuracy",
    "tabpfn_secondary_score": 0.995,
    "eval_secondary_value": 0.9930263157894736,
    "eval_secondary_delta": -0.0019736842105263497,
    "eval_secondary_delta_pct": -0.19836022216345225,
    "feat_share_embedded_pct": 100.0,
    "feat_share_raw_pct": 0,
    "feat_active_embedded_pct": 100.0,
    "feat_active_raw_pct": 0,
    "feat_cr5_pct": 71.54781532298878,
    "feat_cr10_pct": 86.78026151840976,
    "time_tuning_search_secs": 116.98491477966309,
    "time_train_secs": 0.17289137840270996,
    "time_infer_secs": 0.0034058094024658203,
    "time_train_secs_per_1K": 0.0028436081974129927,
    "time_infer_secs_per_1K": 0.00022406640805696187,
    "time_total_secs": 121.16992211341858
}