{
    "dataset": "splice",
    "algorithm": "catboost",
    "mode": "combined",
    "task_type": "multiclass",
    "dataset_samples_count": 3190,
    "dataset_raw_features_count": 60,
    "feat_total_count": 93,
    "pca_n_components": 33,
    "optimal_trees": 1000,
    "tuning_completed": 26,
    "tuning_best_idx": 25,
    "tuning_val_score_0": 0.2504501289362275,
    "tuning_val_score_best": 0.10598379182554542,
    "tuning_overall_gain": 0.14446633711068207,
    "tuning_gain_pct": 57.68267627742678,
    "eval_overfitting_ratio": 1.0068589364671663,
    "primary_metric": "Log_Loss",
    "tabpfn_primary_score": 0.10458652604603381,
    "eval_primary_value": 0.1067107279202262,
    "eval_primary_delta": 0.0021242018741923913,
    "eval_primary_delta_pct": 2.0310473581055963,
    "secondary_metric": "Accuracy",
    "tabpfn_secondary_score": 0.9717868338557993,
    "eval_secondary_value": 0.9702194357366771,
    "eval_secondary_delta": -0.0015673981191222097,
    "eval_secondary_delta_pct": -0.1612903225806403,
    "feat_share_embedded_pct": 41.68365377524216,
    "feat_share_raw_pct": 58.316346224757815,
    "feat_active_embedded_pct": 100.0,
    "feat_active_raw_pct": 100.0,
    "feat_cr5_pct": 40.10302098006879,
    "feat_cr10_pct": 61.098083028054404,
    "time_tuning_search_secs": 1045.4540400505066,
    "time_train_secs": 6.013788461685181,
    "time_infer_secs": 0.009608745574951172,
    "time_train_secs_per_1K": 2.356500180911121,
    "time_infer_secs_per_1K": 0.015060729741302776,
    "time_total_secs": 1053.279303073883
}