{
    "dataset": "healthcare_insurance_expenses",
    "algorithm": "lightgbm",
    "mode": "embed-only",
    "task_type": "regression",
    "dataset_samples_count": 1338,
    "dataset_raw_features_count": 6,
    "feat_total_count": 25,
    "pca_n_components": 25,
    "optimal_trees": 224,
    "tuning_completed": 26,
    "tuning_best_idx": 24,
    "tuning_val_score_0": 4782.2141244906525,
    "tuning_val_score_best": 4644.660212501749,
    "tuning_overall_gain": 137.55391198890356,
    "tuning_gain_pct": 2.8763645543277354,
    "eval_overfitting_ratio": 0.7689837752811627,
    "primary_metric": "RMSE",
    "tabpfn_primary_score": 3491.6280042643198,
    "eval_primary_value": 3571.6683451078025,
    "eval_primary_delta": 80.04034084348268,
    "eval_primary_delta_pct": 2.292350180080167,
    "secondary_metric": "R2_Score",
    "tabpfn_secondary_score": 0.8840187677944327,
    "eval_secondary_value": 0.8786404292015783,
    "eval_secondary_delta": -0.005378338592854415,
    "eval_secondary_delta_pct": -0.6083964265004246,
    "feat_share_embedded_pct": 100.00000000000001,
    "feat_share_raw_pct": 0,
    "feat_active_embedded_pct": 100.0,
    "feat_active_raw_pct": 0,
    "feat_cr5_pct": 90.34722226283642,
    "feat_cr10_pct": 94.82442563478388,
    "time_tuning_search_secs": 40.724297761917114,
    "time_train_secs": 0.08548784255981445,
    "time_infer_secs": 0.0009508132934570312,
    "time_train_secs_per_1K": 0.07989517996244341,
    "time_infer_secs_per_1K": 0.0035478107964814595,
    "time_total_secs": 42.533114433288574
}