{
    "dataset": "kddcup09_appetency",
    "algorithm": "lightgbm",
    "mode": "raw-only",
    "task_type": "binary",
    "dataset_samples_count": 50000,
    "dataset_raw_features_count": 212,
    "feat_total_count": 212,
    "pca_n_components": 36,
    "optimal_trees": 134,
    "tuning_completed": 26,
    "tuning_best_idx": 23,
    "tuning_val_score_0": 0.2151657652277963,
    "tuning_val_score_best": 0.17818746725420342,
    "tuning_overall_gain": 0.036978297973592866,
    "tuning_gain_pct": 17.185957968008474,
    "eval_overfitting_ratio": 1.034106083562312,
    "primary_metric": "1-AUROC",
    "tabpfn_primary_score": 0.18370534846103337,
    "eval_primary_value": 0.184264743902132,
    "eval_primary_delta": 0.0005593954410986202,
    "eval_primary_delta_pct": 0.30450688876773574,
    "secondary_metric": "Accuracy",
    "tabpfn_secondary_score": 0.9822,
    "eval_secondary_value": 0.9822,
    "eval_secondary_delta": 0.0,
    "eval_secondary_delta_pct": 0.0,
    "feat_share_embedded_pct": 0,
    "feat_share_raw_pct": 100.0,
    "feat_active_embedded_pct": 0,
    "feat_active_raw_pct": 55.188679245283026,
    "feat_cr5_pct": 59.05423611376244,
    "feat_cr10_pct": 80.88255315513786,
    "time_tuning_search_secs": 215.8624300956726,
    "time_train_secs": 0.8670978546142578,
    "time_infer_secs": 0.043267011642456055,
    "time_train_secs_per_1K": 0.021677446365356446,
    "time_infer_secs_per_1K": 0.0043267011642456055,
    "time_total_secs": 220.25796389579773
}