{
    "dataset": "splice",
    "algorithm": "lightgbm",
    "mode": "combined",
    "task_type": "multiclass",
    "dataset_samples_count": 3190,
    "dataset_raw_features_count": 60,
    "feat_total_count": 93,
    "pca_n_components": 33,
    "optimal_trees": 979,
    "tuning_completed": 26,
    "tuning_best_idx": 21,
    "tuning_val_score_0": 0.12336372861276418,
    "tuning_val_score_best": 0.1065965287950824,
    "tuning_overall_gain": 0.01676719981768178,
    "tuning_gain_pct": 13.591677234654298,
    "eval_overfitting_ratio": 0.954683248366425,
    "primary_metric": "Log_Loss",
    "tabpfn_primary_score": 0.10458652604603381,
    "eval_primary_value": 0.10176592037467443,
    "eval_primary_delta": -0.0028206056713593886,
    "eval_primary_delta_pct": -2.69691113950749,
    "secondary_metric": "Accuracy",
    "tabpfn_secondary_score": 0.9717868338557993,
    "eval_secondary_value": 0.9780564263322884,
    "eval_secondary_delta": 0.006269592476489061,
    "eval_secondary_delta_pct": 0.6451612903225841,
    "feat_share_embedded_pct": 38.46486385674093,
    "feat_share_raw_pct": 61.53513614325908,
    "feat_active_embedded_pct": 100.0,
    "feat_active_raw_pct": 100.0,
    "feat_cr5_pct": 45.1605408866004,
    "feat_cr10_pct": 69.21789718783926,
    "time_tuning_search_secs": 193.12579584121704,
    "time_train_secs": 2.0083730220794678,
    "time_infer_secs": 0.03525543212890625,
    "time_train_secs_per_1K": 0.7869800243258103,
    "time_infer_secs_per_1K": 0.05525929800769005,
    "time_total_secs": 196.78776240348816
}