{
    "dataset": "diabetes130us",
    "algorithm": "lightgbm",
    "mode": "raw-only",
    "task_type": "binary",
    "dataset_samples_count": 71518,
    "dataset_raw_features_count": 47,
    "feat_total_count": 47,
    "pca_n_components": 38,
    "optimal_trees": 786,
    "tuning_completed": 26,
    "tuning_best_idx": 18,
    "tuning_val_score_0": 0.3559086770491007,
    "tuning_val_score_best": 0.3407925098003586,
    "tuning_overall_gain": 0.015116167248742096,
    "tuning_gain_pct": 4.2472039103044095,
    "eval_overfitting_ratio": 0.9896794706656568,
    "primary_metric": "1-AUROC",
    "tabpfn_primary_score": 0.32308271210032113,
    "eval_primary_value": 0.33727535070603953,
    "eval_primary_delta": 0.0141926386057184,
    "eval_primary_delta_pct": 4.39288085501505,
    "secondary_metric": "Accuracy",
    "tabpfn_secondary_score": 0.9121923937360179,
    "eval_secondary_value": 0.9119826621923938,
    "eval_secondary_delta": -0.00020973154362413648,
    "eval_secondary_delta_pct": -0.022992029429794975,
    "feat_share_embedded_pct": 0,
    "feat_share_raw_pct": 99.99999999999996,
    "feat_active_embedded_pct": 0,
    "feat_active_raw_pct": 42.5531914893617,
    "feat_cr5_pct": 91.45379753225752,
    "feat_cr10_pct": 98.61389605687128,
    "time_tuning_search_secs": 208.49915862083435,
    "time_train_secs": 1.1676702499389648,
    "time_infer_secs": 0.05258059501647949,
    "time_train_secs_per_1K": 0.02040882039254317,
    "time_infer_secs_per_1K": 0.0036759364524943717,
    "time_total_secs": 212.1024706363678
}