{
    "dataset": "is-this-a-good-customer",
    "algorithm": "xgboost",
    "mode": "embed-only",
    "task_type": "binary",
    "dataset_samples_count": 1723,
    "dataset_raw_features_count": 13,
    "feat_total_count": 31,
    "pca_n_components": 31,
    "optimal_trees": 216,
    "tuning_completed": 26,
    "tuning_best_idx": 21,
    "tuning_val_score_0": 0.2779656325249398,
    "tuning_val_score_best": 0.2633847179222566,
    "tuning_overall_gain": 0.014580914602683182,
    "tuning_gain_pct": 5.245581790178663,
    "eval_overfitting_ratio": 1.1185934195105216,
    "primary_metric": "1-AUROC",
    "tabpfn_primary_score": 0.22481984246690123,
    "eval_primary_value": 0.29462041226747115,
    "eval_primary_delta": 0.06980056980056992,
    "eval_primary_delta_pct": 31.0473350726799,
    "secondary_metric": "Accuracy",
    "tabpfn_secondary_score": 0.8869565217391304,
    "eval_secondary_value": 0.8869565217391304,
    "eval_secondary_delta": 0.0,
    "eval_secondary_delta_pct": 0.0,
    "feat_share_embedded_pct": 100.00000000000003,
    "feat_share_raw_pct": 0,
    "feat_active_embedded_pct": 100.0,
    "feat_active_raw_pct": 0,
    "feat_cr5_pct": 42.882016672131904,
    "feat_cr10_pct": 60.97194275947055,
    "time_tuning_search_secs": 71.81428098678589,
    "time_train_secs": 0.13810396194458008,
    "time_infer_secs": 0.0008866786956787109,
    "time_train_secs_per_1K": 0.10022058196268512,
    "time_infer_secs_per_1K": 0.002570083175880322,
    "time_total_secs": 75.22274899482727
}