{
    "dataset": "bioresponse",
    "algorithm": "catboost",
    "mode": "embed-only",
    "task_type": "binary",
    "dataset_samples_count": 3751,
    "dataset_raw_features_count": 1776,
    "feat_total_count": 54,
    "pca_n_components": 54,
    "optimal_trees": 804,
    "tuning_completed": 26,
    "tuning_best_idx": 12,
    "tuning_val_score_0": 0.1870983779050951,
    "tuning_val_score_best": 0.162069261635562,
    "tuning_overall_gain": 0.02502911626953308,
    "tuning_gain_pct": 13.377516443370235,
    "eval_overfitting_ratio": 1.0635056740488236,
    "primary_metric": "1-AUROC",
    "tabpfn_primary_score": 0.12839980572538723,
    "eval_primary_value": 0.17236157933832352,
    "eval_primary_delta": 0.043961773612936295,
    "eval_primary_delta_pct": 34.238193246926514,
    "secondary_metric": "Accuracy",
    "tabpfn_secondary_score": 0.7882822902796272,
    "eval_secondary_value": 0.7576564580559254,
    "eval_secondary_delta": -0.030625832223701743,
    "eval_secondary_delta_pct": -3.885135135135137,
    "feat_share_embedded_pct": 99.99999999999997,
    "feat_share_raw_pct": 0,
    "feat_active_embedded_pct": 100.0,
    "feat_active_raw_pct": 0,
    "feat_cr5_pct": 31.237166480451318,
    "feat_cr10_pct": 41.41170495190683,
    "time_tuning_search_secs": 1300.3866109848022,
    "time_train_secs": 13.87401533126831,
    "time_infer_secs": 0.006742715835571289,
    "time_train_secs_per_1K": 4.6246717770894366,
    "time_infer_secs_per_1K": 0.008978316691839267,
    "time_total_secs": 1318.1181466579437
}