{
    "dataset": "hiva_agnostic",
    "algorithm": "xgboost",
    "mode": "raw-only",
    "task_type": "multiclass",
    "dataset_samples_count": 3845,
    "dataset_raw_features_count": 1617,
    "feat_total_count": 1617,
    "pca_n_components": 49,
    "optimal_trees": 139,
    "tuning_completed": 26,
    "tuning_best_idx": 22,
    "tuning_val_score_0": 0.18279830300473754,
    "tuning_val_score_best": 0.17872021798957183,
    "tuning_overall_gain": 0.004078085015165711,
    "tuning_gain_pct": 2.2309206092903504,
    "eval_overfitting_ratio": 1.01097968752534,
    "primary_metric": "Log_Loss",
    "tabpfn_primary_score": 0.17995572619000175,
    "eval_primary_value": 0.18068251013755798,
    "eval_primary_delta": 0.0007267839475562365,
    "eval_primary_delta_pct": 0.40386819744145286,
    "secondary_metric": "Accuracy",
    "tabpfn_secondary_score": 0.9648894668400521,
    "eval_secondary_value": 0.9648894668400521,
    "eval_secondary_delta": 0.0,
    "eval_secondary_delta_pct": 0.0,
    "feat_share_embedded_pct": 0,
    "feat_share_raw_pct": 99.99999999999999,
    "feat_active_embedded_pct": 0,
    "feat_active_raw_pct": 29.004329004329005,
    "feat_cr5_pct": 16.11921519417811,
    "feat_cr10_pct": 28.512544553405576,
    "time_tuning_search_secs": 1132.9713306427002,
    "time_train_secs": 1.2062289714813232,
    "time_infer_secs": 0.0027933120727539062,
    "time_train_secs_per_1K": 0.39214205834893473,
    "time_infer_secs_per_1K": 0.003632395413204039,
    "time_total_secs": 1138.4619822502136
}