{
    "dataset": "bioresponse",
    "algorithm": "catboost",
    "mode": "raw-only",
    "task_type": "binary",
    "dataset_samples_count": 3751,
    "dataset_raw_features_count": 1776,
    "feat_total_count": 1776,
    "pca_n_components": 54,
    "optimal_trees": 1000,
    "tuning_completed": 26,
    "tuning_best_idx": 16,
    "tuning_val_score_0": 0.15803109566502793,
    "tuning_val_score_best": 0.1190554416451367,
    "tuning_overall_gain": 0.038975654019891226,
    "tuning_gain_pct": 24.663281524356655,
    "eval_overfitting_ratio": 1.0342129402891196,
    "primary_metric": "1-AUROC",
    "tabpfn_primary_score": 0.12839980572538723,
    "eval_primary_value": 0.12312867836123653,
    "eval_primary_delta": -0.005271127364150696,
    "eval_primary_delta_pct": -4.105245591589308,
    "secondary_metric": "Accuracy",
    "tabpfn_secondary_score": 0.7882822902796272,
    "eval_secondary_value": 0.7989347536617842,
    "eval_secondary_delta": 0.010652463382157085,
    "eval_secondary_delta_pct": 1.3513513513513464,
    "feat_share_embedded_pct": 0,
    "feat_share_raw_pct": 100.00000000000045,
    "feat_active_embedded_pct": 0,
    "feat_active_raw_pct": 95.83333333333334,
    "feat_cr5_pct": 13.553925878506925,
    "feat_cr10_pct": 17.616101732000065,
    "time_tuning_search_secs": 5839.628823041916,
    "time_train_secs": 48.44993209838867,
    "time_infer_secs": 0.03150320053100586,
    "time_train_secs_per_1K": 16.14997736612956,
    "time_infer_secs_per_1K": 0.041948336259661594,
    "time_total_secs": 5891.394908905029
}