{
    "dataset": "food_delivery_time",
    "algorithm": "xgboost",
    "mode": "embed-only",
    "task_type": "regression",
    "dataset_samples_count": 45451,
    "dataset_raw_features_count": 9,
    "feat_total_count": 34,
    "pca_n_components": 34,
    "optimal_trees": 609,
    "tuning_completed": 26,
    "tuning_best_idx": 14,
    "tuning_val_score_0": 7.352662896002216,
    "tuning_val_score_best": 7.315553028411572,
    "tuning_overall_gain": 0.03710986759064383,
    "tuning_gain_pct": 0.5047133006848604,
    "eval_overfitting_ratio": 0.9978724944806623,
    "primary_metric": "RMSE",
    "tabpfn_primary_score": 7.406528158962125,
    "eval_primary_value": 7.299989148966619,
    "eval_primary_delta": -0.10653900999550636,
    "eval_primary_delta_pct": -1.438447376542961,
    "secondary_metric": "R2_Score",
    "tabpfn_secondary_score": 0.36501583853960906,
    "eval_secondary_value": 0.383152278031493,
    "eval_secondary_delta": 0.018136439491883927,
    "eval_secondary_delta_pct": 4.9686719251542515,
    "feat_share_embedded_pct": 99.99999999999996,
    "feat_share_raw_pct": 0,
    "feat_active_embedded_pct": 100.0,
    "feat_active_raw_pct": 0,
    "feat_cr5_pct": 84.91756315422174,
    "feat_cr10_pct": 89.05340384595463,
    "time_tuning_search_secs": 456.2753608226776,
    "time_train_secs": 1.3602933883666992,
    "time_infer_secs": 0.011278867721557617,
    "time_train_secs_per_1K": 0.03741180936102033,
    "time_infer_secs_per_1K": 0.0012406630427409106,
    "time_total_secs": 459.63121366500854
}