{
    "dataset": "apsfailure",
    "algorithm": "xgboost",
    "mode": "raw-only",
    "task_type": "binary",
    "dataset_samples_count": 76000,
    "dataset_raw_features_count": 170,
    "feat_total_count": 170,
    "pca_n_components": 41,
    "optimal_trees": 546,
    "tuning_completed": 26,
    "tuning_best_idx": 13,
    "tuning_val_score_0": 0.007947211080836292,
    "tuning_val_score_best": 0.007615689719328356,
    "tuning_overall_gain": 0.000331521361507936,
    "tuning_gain_pct": 4.171543427446622,
    "eval_overfitting_ratio": 0.7194559579500651,
    "primary_metric": "1-AUROC",
    "tabpfn_primary_score": 0.004460849703060821,
    "eval_primary_value": 0.005479153342469845,
    "eval_primary_delta": 0.001018303639409024,
    "eval_primary_delta_pct": 22.827571139873033,
    "secondary_metric": "Accuracy",
    "tabpfn_secondary_score": 0.995,
    "eval_secondary_value": 0.995328947368421,
    "eval_secondary_delta": 0.0003289473684210398,
    "eval_secondary_delta_pct": 0.033060037027240176,
    "feat_share_embedded_pct": 0,
    "feat_share_raw_pct": 99.99999999999997,
    "feat_active_embedded_pct": 0,
    "feat_active_raw_pct": 95.88235294117648,
    "feat_cr5_pct": 51.44209488752592,
    "feat_cr10_pct": 62.50996223468391,
    "time_tuning_search_secs": 1225.8940541744232,
    "time_train_secs": 3.269035577774048,
    "time_infer_secs": 0.01906752586364746,
    "time_train_secs_per_1K": 0.05376703252917842,
    "time_infer_secs_per_1K": 0.0012544424910294382,
    "time_total_secs": 1233.906240940094
}