{
    "dataset": "diabetes130us",
    "algorithm": "lightgbm",
    "mode": "embed-only",
    "task_type": "binary",
    "dataset_samples_count": 71518,
    "dataset_raw_features_count": 47,
    "feat_total_count": 38,
    "pca_n_components": 38,
    "optimal_trees": 408,
    "tuning_completed": 26,
    "tuning_best_idx": 7,
    "tuning_val_score_0": 0.3594237283681472,
    "tuning_val_score_best": 0.3464521496806008,
    "tuning_overall_gain": 0.012971578687546392,
    "tuning_gain_pct": 3.6089934146640386,
    "eval_overfitting_ratio": 0.9772596942422024,
    "primary_metric": "1-AUROC",
    "tabpfn_primary_score": 0.32308271210032113,
    "eval_primary_value": 0.33857372186641765,
    "eval_primary_delta": 0.01549100976609652,
    "eval_primary_delta_pct": 4.794750441888816,
    "secondary_metric": "Accuracy",
    "tabpfn_secondary_score": 0.9121923937360179,
    "eval_secondary_value": 0.9119826621923938,
    "eval_secondary_delta": -0.00020973154362413648,
    "eval_secondary_delta_pct": -0.022992029429794975,
    "feat_share_embedded_pct": 100.00000000000003,
    "feat_share_raw_pct": 0,
    "feat_active_embedded_pct": 100.0,
    "feat_active_raw_pct": 0,
    "feat_cr5_pct": 32.165021212442824,
    "feat_cr10_pct": 50.01988328924735,
    "time_tuning_search_secs": 234.49973130226135,
    "time_train_secs": 0.9400317668914795,
    "time_infer_secs": 0.040346622467041016,
    "time_train_secs_per_1K": 0.016430100445546186,
    "time_infer_secs_per_1K": 0.002820653136677923,
    "time_total_secs": 237.99168276786804
}