{
    "dataset": "another-dataset-on-used-fiat-500",
    "algorithm": "lightgbm",
    "mode": "raw-only",
    "task_type": "regression",
    "dataset_samples_count": 1538,
    "dataset_raw_features_count": 7,
    "feat_total_count": 7,
    "pca_n_components": 54,
    "optimal_trees": 625,
    "tuning_completed": 26,
    "tuning_best_idx": 21,
    "tuning_val_score_0": 740.7701370862865,
    "tuning_val_score_best": 728.1407134318907,
    "tuning_overall_gain": 12.629423654395737,
    "tuning_gain_pct": 1.7049045340936355,
    "eval_overfitting_ratio": 1.0425654765688004,
    "primary_metric": "RMSE",
    "tabpfn_primary_score": 727.5813856404222,
    "eval_primary_value": 759.1343699082655,
    "eval_primary_delta": 31.55298426784327,
    "eval_primary_delta_pct": 4.336694820754673,
    "secondary_metric": "R2_Score",
    "tabpfn_secondary_score": 0.8715566241829944,
    "eval_secondary_value": 0.860174667275043,
    "eval_secondary_delta": -0.011381956907951407,
    "eval_secondary_delta_pct": -1.305934301012394,
    "feat_share_embedded_pct": 0,
    "feat_share_raw_pct": 100.00000000000003,
    "feat_active_embedded_pct": 0,
    "feat_active_raw_pct": 100.0,
    "feat_cr5_pct": 99.26680132546377,
    "feat_cr10_pct": 100.00000000000003,
    "time_tuning_search_secs": 58.011260747909546,
    "time_train_secs": 0.25911974906921387,
    "time_infer_secs": 0.0028107166290283203,
    "time_train_secs_per_1K": 0.21066646265789746,
    "time_infer_secs_per_1K": 0.00912570334100104,
    "time_total_secs": 59.80031228065491
}