{
    "dataset": "apsfailure",
    "algorithm": "catboost",
    "mode": "raw-only",
    "task_type": "binary",
    "dataset_samples_count": 76000,
    "dataset_raw_features_count": 170,
    "feat_total_count": 170,
    "pca_n_components": 41,
    "optimal_trees": 1000,
    "tuning_completed": 26,
    "tuning_best_idx": 13,
    "tuning_val_score_0": 0.011883525045664367,
    "tuning_val_score_best": 0.008110473554589492,
    "tuning_overall_gain": 0.0037730514910748747,
    "tuning_gain_pct": 31.75027171294977,
    "eval_overfitting_ratio": 0.7834555128931053,
    "primary_metric": "1-AUROC",
    "tabpfn_primary_score": 0.004460849703060821,
    "eval_primary_value": 0.006354195218516878,
    "eval_primary_delta": 0.0018933455154560574,
    "eval_primary_delta_pct": 42.44360696924926,
    "secondary_metric": "Accuracy",
    "tabpfn_secondary_score": 0.995,
    "eval_secondary_value": 0.9949342105263158,
    "eval_secondary_delta": -6.578947368418575e-05,
    "eval_secondary_delta_pct": -0.006612007405445804,
    "feat_share_embedded_pct": 0,
    "feat_share_raw_pct": 99.99999999999994,
    "feat_active_embedded_pct": 0,
    "feat_active_raw_pct": 97.05882352941177,
    "feat_cr5_pct": 95.07680248720636,
    "feat_cr10_pct": 96.82440640892841,
    "time_tuning_search_secs": 1314.089679479599,
    "time_train_secs": 6.847795248031616,
    "time_infer_secs": 0.006902456283569336,
    "time_train_secs_per_1K": 0.11262821131630948,
    "time_infer_secs_per_1K": 0.0004541089660242984,
    "time_total_secs": 1325.2816395759583
}