{
    "dataset": "hr_analytics_job_change_of_data_scientists",
    "algorithm": "catboost",
    "mode": "raw-only",
    "task_type": "binary",
    "dataset_samples_count": 19158,
    "dataset_raw_features_count": 12,
    "feat_total_count": 12,
    "pca_n_components": 36,
    "optimal_trees": 684,
    "tuning_completed": 26,
    "tuning_best_idx": 25,
    "tuning_val_score_0": 0.1952145737292228,
    "tuning_val_score_best": 0.19269274972840977,
    "tuning_overall_gain": 0.002521824000813022,
    "tuning_gain_pct": 1.29182158516043,
    "eval_overfitting_ratio": 1.0787836352966644,
    "primary_metric": "1-AUROC",
    "tabpfn_primary_score": 0.2034192467065935,
    "eval_primary_value": 0.20787378504732423,
    "eval_primary_delta": 0.004454538340730729,
    "eval_primary_delta_pct": 2.1898313030112813,
    "secondary_metric": "Accuracy",
    "tabpfn_secondary_score": 0.7904488517745303,
    "eval_secondary_value": 0.784446764091858,
    "eval_secondary_delta": -0.006002087682672297,
    "eval_secondary_delta_pct": -0.7593265103994797,
    "feat_share_embedded_pct": 0,
    "feat_share_raw_pct": 100.00000000000004,
    "feat_active_embedded_pct": 0,
    "feat_active_raw_pct": 100.0,
    "feat_cr5_pct": 76.3287617236549,
    "feat_cr10_pct": 96.43360101166525,
    "time_tuning_search_secs": 558.2749783992767,
    "time_train_secs": 3.7831835746765137,
    "time_infer_secs": 0.014268159866333008,
    "time_train_secs_per_1K": 0.2468474210280904,
    "time_infer_secs_per_1K": 0.003723423764700681,
    "time_total_secs": 563.9787156581879
}