{
    "dataset": "healthcare_insurance_expenses",
    "algorithm": "catboost",
    "mode": "raw-only",
    "task_type": "regression",
    "dataset_samples_count": 1338,
    "dataset_raw_features_count": 6,
    "feat_total_count": 6,
    "pca_n_components": 25,
    "optimal_trees": 666,
    "tuning_completed": 26,
    "tuning_best_idx": 14,
    "tuning_val_score_0": 4923.627336148733,
    "tuning_val_score_best": 4606.175787178184,
    "tuning_overall_gain": 317.4515489705491,
    "tuning_gain_pct": 6.447513739308712,
    "eval_overfitting_ratio": 0.7947313021404192,
    "primary_metric": "RMSE",
    "tabpfn_primary_score": 3491.6280042643198,
    "eval_primary_value": 3660.6720812317885,
    "eval_primary_delta": 169.04407696746875,
    "eval_primary_delta_pct": 4.841411420718802,
    "secondary_metric": "R2_Score",
    "tabpfn_secondary_score": 0.8840187677944327,
    "eval_secondary_value": 0.872516659072263,
    "eval_secondary_delta": -0.011502108722169724,
    "eval_secondary_delta_pct": -1.301115897218643,
    "feat_share_embedded_pct": 0,
    "feat_share_raw_pct": 100.00000000000001,
    "feat_active_embedded_pct": 0,
    "feat_active_raw_pct": 100.0,
    "feat_cr5_pct": 99.79437919679863,
    "feat_cr10_pct": 100.00000000000001,
    "time_tuning_search_secs": 66.49649620056152,
    "time_train_secs": 0.18418192863464355,
    "time_infer_secs": 0.0010766983032226562,
    "time_train_secs_per_1K": 0.172132643583779,
    "time_infer_secs_per_1K": 0.00401753098217409,
    "time_total_secs": 68.55500221252441
}