{
    "dataset": "heloc",
    "algorithm": "catboost",
    "mode": "embed-only",
    "task_type": "binary",
    "dataset_samples_count": 10459,
    "dataset_raw_features_count": 23,
    "feat_total_count": 21,
    "pca_n_components": 21,
    "optimal_trees": 1000,
    "tuning_completed": 26,
    "tuning_best_idx": 22,
    "tuning_val_score_0": 0.23808372273750722,
    "tuning_val_score_best": 0.22462379902207885,
    "tuning_overall_gain": 0.013459923715428368,
    "tuning_gain_pct": 5.653441386359807,
    "eval_overfitting_ratio": 0.9533135210702075,
    "primary_metric": "1-AUROC",
    "tabpfn_primary_score": 0.1908063186813188,
    "eval_primary_value": 0.2141369047619046,
    "eval_primary_delta": 0.023330586080585802,
    "eval_primary_delta_pct": 12.227365551531927,
    "secondary_metric": "Accuracy",
    "tabpfn_secondary_score": 0.73565965583174,
    "eval_secondary_value": 0.7117590822179732,
    "eval_secondary_delta": -0.02390057361376674,
    "eval_secondary_delta_pct": -3.248862897985706,
    "feat_share_embedded_pct": 100.00000000000003,
    "feat_share_raw_pct": 0,
    "feat_active_embedded_pct": 100.0,
    "feat_active_raw_pct": 0,
    "feat_cr5_pct": 30.943861501486637,
    "feat_cr10_pct": 58.12532849272708,
    "time_tuning_search_secs": 653.2988686561584,
    "time_train_secs": 4.095616102218628,
    "time_infer_secs": 0.002032041549682617,
    "time_train_secs_per_1K": 0.4894963669437824,
    "time_infer_secs_per_1K": 0.0009713391728884403,
    "time_total_secs": 659.6242642402649
}