{
    "dataset": "diamonds",
    "algorithm": "catboost",
    "mode": "embed-only",
    "task_type": "regression",
    "dataset_samples_count": 53940,
    "dataset_raw_features_count": 9,
    "feat_total_count": 29,
    "pca_n_components": 29,
    "optimal_trees": 1000,
    "tuning_completed": 26,
    "tuning_best_idx": 8,
    "tuning_val_score_0": 591.6224926932837,
    "tuning_val_score_best": 504.82440757202426,
    "tuning_overall_gain": 86.79808512125942,
    "tuning_gain_pct": 14.67119424856931,
    "eval_overfitting_ratio": 0.9395913283817733,
    "primary_metric": "RMSE",
    "tabpfn_primary_score": 474.1404367703237,
    "eval_primary_value": 474.32863571014,
    "eval_primary_delta": 0.1881989398163455,
    "eval_primary_delta_pct": 0.039692657537983865,
    "secondary_metric": "R2_Score",
    "tabpfn_secondary_score": 0.9855533059097163,
    "eval_secondary_value": 0.9855418350800078,
    "eval_secondary_delta": -1.1470829708537522e-05,
    "eval_secondary_delta_pct": -0.001163897441138342,
    "feat_share_embedded_pct": 99.99999999999997,
    "feat_share_raw_pct": 0,
    "feat_active_embedded_pct": 100.0,
    "feat_active_raw_pct": 0,
    "feat_cr5_pct": 94.72128489924837,
    "feat_cr10_pct": 99.0833326480326,
    "time_tuning_search_secs": 1679.4419441223145,
    "time_train_secs": 11.397835969924927,
    "time_infer_secs": 0.0239715576171875,
    "time_train_secs_per_1K": 0.26413227590667704,
    "time_infer_secs_per_1K": 0.0022220576211705134,
    "time_total_secs": 1693.0346820354462
}