{
    "dataset": "wine_quality",
    "algorithm": "lightgbm",
    "mode": "raw-only",
    "task_type": "regression",
    "dataset_samples_count": 6497,
    "dataset_raw_features_count": 12,
    "feat_total_count": 12,
    "pca_n_components": 25,
    "optimal_trees": 993,
    "tuning_completed": 26,
    "tuning_best_idx": 24,
    "tuning_val_score_0": 0.6333112552032534,
    "tuning_val_score_best": 0.6012555126206947,
    "tuning_overall_gain": 0.03205574258255872,
    "tuning_gain_pct": 5.061609488097734,
    "eval_overfitting_ratio": 0.9716058269272193,
    "primary_metric": "RMSE",
    "tabpfn_primary_score": 0.5665150098489219,
    "eval_primary_value": 0.5841833595343792,
    "eval_primary_delta": 0.017668349685457274,
    "eval_primary_delta_pct": 3.1187787398905926,
    "secondary_metric": "R2_Score",
    "tabpfn_secondary_score": 0.5709894261223469,
    "eval_secondary_value": 0.5438123557998722,
    "eval_secondary_delta": -0.02717707032247474,
    "eval_secondary_delta_pct": -4.759645114102596,
    "feat_share_embedded_pct": 0,
    "feat_share_raw_pct": 100.00000000000001,
    "feat_active_embedded_pct": 0,
    "feat_active_raw_pct": 100.0,
    "feat_cr5_pct": 59.15726862913482,
    "feat_cr10_pct": 94.13159871941974,
    "time_tuning_search_secs": 203.2644305229187,
    "time_train_secs": 2.5421721935272217,
    "time_infer_secs": 0.0210113525390625,
    "time_train_secs_per_1K": 0.4891614765301562,
    "time_infer_secs_per_1K": 0.016162578876201924,
    "time_total_secs": 207.27079319953918
}