{
    "dataset": "superconductivity",
    "algorithm": "lightgbm",
    "mode": "raw-only",
    "task_type": "regression",
    "dataset_samples_count": 21263,
    "dataset_raw_features_count": 81,
    "feat_total_count": 81,
    "pca_n_components": 70,
    "optimal_trees": 996,
    "tuning_completed": 26,
    "tuning_best_idx": 12,
    "tuning_val_score_0": 9.409390528230688,
    "tuning_val_score_best": 9.235583313043394,
    "tuning_overall_gain": 0.1738072151872938,
    "tuning_gain_pct": 1.8471676211740353,
    "eval_overfitting_ratio": 1.014575614213823,
    "primary_metric": "RMSE",
    "tabpfn_primary_score": 8.967884575443701,
    "eval_primary_value": 9.370197612453936,
    "eval_primary_delta": 0.40231303701023435,
    "eval_primary_delta_pct": 4.486153157143296,
    "secondary_metric": "R2_Score",
    "tabpfn_secondary_score": 0.9315355911199428,
    "eval_secondary_value": 0.9252549661125935,
    "eval_secondary_delta": -0.006280625007349272,
    "eval_secondary_delta_pct": -0.6742227637055029,
    "feat_share_embedded_pct": 0,
    "feat_share_raw_pct": 99.99999999999994,
    "feat_active_embedded_pct": 0,
    "feat_active_raw_pct": 100.0,
    "feat_cr5_pct": 39.7485464846395,
    "feat_cr10_pct": 54.18310957446937,
    "time_tuning_search_secs": 540.1450343132019,
    "time_train_secs": 5.56416130065918,
    "time_infer_secs": 0.09235000610351562,
    "time_train_secs_per_1K": 0.32711118757549557,
    "time_infer_secs_per_1K": 0.021714085610984157,
    "time_total_secs": 548.2993965148926
}