{
    "dataset": "naticusdroid",
    "algorithm": "xgboost",
    "mode": "embed-only",
    "task_type": "binary",
    "dataset_samples_count": 7491,
    "dataset_raw_features_count": 86,
    "feat_total_count": 36,
    "pca_n_components": 36,
    "optimal_trees": 441,
    "tuning_completed": 26,
    "tuning_best_idx": 21,
    "tuning_val_score_0": 0.020788117074152956,
    "tuning_val_score_best": 0.0180965256863882,
    "tuning_overall_gain": 0.002691591387764758,
    "tuning_gain_pct": 12.947740183315428,
    "eval_overfitting_ratio": 1.1504098734400208,
    "primary_metric": "1-AUROC",
    "tabpfn_primary_score": 0.010531925295785616,
    "eval_primary_value": 0.020818421824581934,
    "eval_primary_delta": 0.010286496528796318,
    "eval_primary_delta_pct": 97.66966855445219,
    "secondary_metric": "Accuracy",
    "tabpfn_secondary_score": 0.9459639759839893,
    "eval_secondary_value": 0.9292861907938625,
    "eval_secondary_delta": -0.016677785190126748,
    "eval_secondary_delta_pct": -1.7630465444287726,
    "feat_share_embedded_pct": 100.00000000000001,
    "feat_share_raw_pct": 0,
    "feat_active_embedded_pct": 100.0,
    "feat_active_raw_pct": 0,
    "feat_cr5_pct": 56.91473405477255,
    "feat_cr10_pct": 76.63566957100015,
    "time_tuning_search_secs": 314.11456537246704,
    "time_train_secs": 0.6420836448669434,
    "time_infer_secs": 0.0021271705627441406,
    "time_train_secs_per_1K": 0.10715681656657933,
    "time_infer_secs_per_1K": 0.0014190597483283126,
    "time_total_secs": 316.66775345802307
}