{
    "dataset": "fitness_club",
    "algorithm": "xgboost",
    "mode": "combined",
    "task_type": "binary",
    "dataset_samples_count": 1500,
    "dataset_raw_features_count": 6,
    "feat_total_count": 21,
    "pca_n_components": 15,
    "optimal_trees": 62,
    "tuning_completed": 26,
    "tuning_best_idx": 19,
    "tuning_val_score_0": 0.21046850115464244,
    "tuning_val_score_best": 0.18283288043478263,
    "tuning_overall_gain": 0.02763562071985981,
    "tuning_gain_pct": 13.130525740549862,
    "eval_overfitting_ratio": 1.1477300378965982,
    "primary_metric": "1-AUROC",
    "tabpfn_primary_score": 0.1838161838161838,
    "eval_primary_value": 0.20984278879015728,
    "eval_primary_delta": 0.026026604973973466,
    "eval_primary_delta_pct": 14.15903890160187,
    "secondary_metric": "Accuracy",
    "tabpfn_secondary_score": 0.7633333333333333,
    "eval_secondary_value": 0.6966666666666667,
    "eval_secondary_delta": -0.06666666666666665,
    "eval_secondary_delta_pct": -8.733624454148469,
    "feat_share_embedded_pct": 39.00557580343158,
    "feat_share_raw_pct": 60.99442419656842,
    "feat_active_embedded_pct": 100.0,
    "feat_active_raw_pct": 66.66666666666666,
    "feat_cr5_pct": 94.24510406274355,
    "feat_cr10_pct": 98.54694218040582,
    "time_tuning_search_secs": 34.68533492088318,
    "time_train_secs": 0.025240659713745117,
    "time_infer_secs": 0.0006163120269775391,
    "time_train_secs_per_1K": 0.021033883094787598,
    "time_infer_secs_per_1K": 0.002054373423258464,
    "time_total_secs": 36.35564732551575
}