{
    "dataset": "hazelnut-spread-contaminant-detection",
    "algorithm": "catboost",
    "mode": "embed-only",
    "task_type": "binary",
    "dataset_samples_count": 2400,
    "dataset_raw_features_count": 30,
    "feat_total_count": 48,
    "pca_n_components": 48,
    "optimal_trees": 1000,
    "tuning_completed": 26,
    "tuning_best_idx": 18,
    "tuning_val_score_0": 0.023446180555555585,
    "tuning_val_score_best": 0.015295138888888782,
    "tuning_overall_gain": 0.008151041666666803,
    "tuning_gain_pct": 34.764901888190096,
    "eval_overfitting_ratio": 0.6061293984109013,
    "primary_metric": "1-AUROC",
    "tabpfn_primary_score": 0.002899305555555509,
    "eval_primary_value": 0.00927083333333334,
    "eval_primary_delta": 0.00637152777777783,
    "eval_primary_delta_pct": 219.7604790419215,
    "secondary_metric": "Accuracy",
    "tabpfn_secondary_score": 0.9729166666666667,
    "eval_secondary_value": 0.9479166666666666,
    "eval_secondary_delta": -0.025000000000000022,
    "eval_secondary_delta_pct": -2.5695931477516085,
    "feat_share_embedded_pct": 100.00000000000004,
    "feat_share_raw_pct": 0,
    "feat_active_embedded_pct": 100.0,
    "feat_active_raw_pct": 0,
    "feat_cr5_pct": 60.68109070001202,
    "feat_cr10_pct": 71.45822028638393,
    "time_tuning_search_secs": 556.341367483139,
    "time_train_secs": 3.2072956562042236,
    "time_infer_secs": 0.004453182220458984,
    "time_train_secs_per_1K": 1.6704664876063666,
    "time_infer_secs_per_1K": 0.00927746295928955,
    "time_total_secs": 561.3469314575195
}