{
    "dataset": "airfoil_self_noise",
    "algorithm": "lightgbm",
    "mode": "raw-only",
    "task_type": "regression",
    "dataset_samples_count": 1503,
    "dataset_raw_features_count": 5,
    "feat_total_count": 5,
    "pca_n_components": 57,
    "optimal_trees": 975,
    "tuning_completed": 26,
    "tuning_best_idx": 13,
    "tuning_val_score_0": 1.5653365251686524,
    "tuning_val_score_best": 1.4466780890353532,
    "tuning_overall_gain": 0.11865843613329918,
    "tuning_gain_pct": 7.580378674196892,
    "eval_overfitting_ratio": 1.0340957125600339,
    "primary_metric": "RMSE",
    "tabpfn_primary_score": 0.8975385766269695,
    "eval_primary_value": 1.4960036093260016,
    "eval_primary_delta": 0.5984650326990322,
    "eval_primary_delta_pct": 66.67847469555208,
    "secondary_metric": "R2_Score",
    "tabpfn_secondary_score": 0.9835905950772067,
    "eval_secondary_value": 0.9544118606725345,
    "eval_secondary_delta": -0.029178734404672224,
    "eval_secondary_delta_pct": -2.966552806697165,
    "feat_share_embedded_pct": 0,
    "feat_share_raw_pct": 99.99999999999999,
    "feat_active_embedded_pct": 0,
    "feat_active_raw_pct": 100.0,
    "feat_cr5_pct": 99.99999999999999,
    "feat_cr10_pct": 99.99999999999999,
    "time_tuning_search_secs": 168.73504948616028,
    "time_train_secs": 1.9119153022766113,
    "time_infer_secs": 0.009378671646118164,
    "time_train_secs_per_1K": 1.5906117323432707,
    "time_infer_secs_per_1K": 0.031158377561854366,
    "time_total_secs": 172.198312997818
}