{
    "dataset": "concrete_compressive_strength",
    "algorithm": "xgboost",
    "mode": "embed-only",
    "task_type": "regression",
    "dataset_samples_count": 1030,
    "dataset_raw_features_count": 8,
    "feat_total_count": 78,
    "pca_n_components": 78,
    "optimal_trees": 434,
    "tuning_completed": 26,
    "tuning_best_idx": 24,
    "tuning_val_score_0": 4.4690353920213095,
    "tuning_val_score_best": 4.291930555005707,
    "tuning_overall_gain": 0.17710483701560253,
    "tuning_gain_pct": 3.962932075494247,
    "eval_overfitting_ratio": 0.8381958555789485,
    "primary_metric": "RMSE",
    "tabpfn_primary_score": 3.1551885755220592,
    "eval_primary_value": 3.5974784036384397,
    "eval_primary_delta": 0.4422898281163805,
    "eval_primary_delta_pct": 14.017857174929679,
    "secondary_metric": "R2_Score",
    "tabpfn_secondary_score": 0.9639894919084167,
    "eval_secondary_value": 0.9531860810883954,
    "eval_secondary_delta": -0.010803410820021231,
    "eval_secondary_delta_pct": -1.1206979858912824,
    "feat_share_embedded_pct": 100.00000000000006,
    "feat_share_raw_pct": 0,
    "feat_active_embedded_pct": 100.0,
    "feat_active_raw_pct": 0,
    "feat_cr5_pct": 94.37994932923,
    "feat_cr10_pct": 96.01296206435167,
    "time_tuning_search_secs": 392.82409143447876,
    "time_train_secs": 1.200190782546997,
    "time_infer_secs": 0.0012323856353759766,
    "time_train_secs_per_1K": 1.45654221182888,
    "time_infer_secs_per_1K": 0.005982454540660081,
    "time_total_secs": 395.7445456981659
}