{
    "dataset": "wine_quality",
    "algorithm": "xgboost",
    "mode": "embed-only",
    "task_type": "regression",
    "dataset_samples_count": 6497,
    "dataset_raw_features_count": 12,
    "feat_total_count": 25,
    "pca_n_components": 25,
    "optimal_trees": 828,
    "tuning_completed": 26,
    "tuning_best_idx": 21,
    "tuning_val_score_0": 0.6037549983104846,
    "tuning_val_score_best": 0.5876705133095061,
    "tuning_overall_gain": 0.016084485000978477,
    "tuning_gain_pct": 2.664074839295481,
    "eval_overfitting_ratio": 0.9638087533170328,
    "primary_metric": "RMSE",
    "tabpfn_primary_score": 0.5665150098489219,
    "eval_primary_value": 0.5664019847940158,
    "eval_primary_delta": -0.00011302505490606851,
    "eval_primary_delta_pct": -0.0199509373875566,
    "secondary_metric": "R2_Score",
    "tabpfn_secondary_score": 0.5709894261223469,
    "eval_secondary_value": 0.571160592307975,
    "eval_secondary_delta": 0.00017116618562806885,
    "eval_secondary_delta_pct": 0.029977120030133933,
    "feat_share_embedded_pct": 99.99999999999997,
    "feat_share_raw_pct": 0,
    "feat_active_embedded_pct": 100.0,
    "feat_active_raw_pct": 0,
    "feat_cr5_pct": 89.12180077677904,
    "feat_cr10_pct": 96.22662874344533,
    "time_tuning_search_secs": 151.91850447654724,
    "time_train_secs": 0.5220375061035156,
    "time_infer_secs": 0.0026984214782714844,
    "time_train_secs_per_1K": 0.100449779892922,
    "time_infer_secs_per_1K": 0.0020757088294396033,
    "time_total_secs": 154.11503958702087
}