{
    "dataset": "credit_card_clients_default",
    "algorithm": "lightgbm",
    "mode": "combined",
    "task_type": "binary",
    "dataset_samples_count": 30000,
    "dataset_raw_features_count": 23,
    "feat_total_count": 46,
    "pca_n_components": 23,
    "optimal_trees": 760,
    "tuning_completed": 26,
    "tuning_best_idx": 18,
    "tuning_val_score_0": 0.21405423916434807,
    "tuning_val_score_best": 0.20910367588306333,
    "tuning_overall_gain": 0.004950563281284737,
    "tuning_gain_pct": 2.312761149048657,
    "eval_overfitting_ratio": 1.0350442855272113,
    "primary_metric": "1-AUROC",
    "tabpfn_primary_score": 0.2132596933658718,
    "eval_primary_value": 0.21643156480549886,
    "eval_primary_delta": 0.0031718714396270498,
    "eval_primary_delta_pct": 1.487328144182096,
    "secondary_metric": "Accuracy",
    "tabpfn_secondary_score": 0.8218333333333333,
    "eval_secondary_value": 0.8198333333333333,
    "eval_secondary_delta": -0.0020000000000000018,
    "eval_secondary_delta_pct": -0.24335834516325314,
    "feat_share_embedded_pct": 46.238322698103346,
    "feat_share_raw_pct": 53.761677301896654,
    "feat_active_embedded_pct": 100.0,
    "feat_active_raw_pct": 100.0,
    "feat_cr5_pct": 44.14484153630049,
    "feat_cr10_pct": 62.907784679749334,
    "time_tuning_search_secs": 208.63785529136658,
    "time_train_secs": 1.025705099105835,
    "time_infer_secs": 0.03798627853393555,
    "time_train_secs_per_1K": 0.042737712462743126,
    "time_infer_secs_per_1K": 0.006331046422322591,
    "time_total_secs": 212.36932468414307
}