{
    "dataset": "naticusdroid",
    "algorithm": "xgboost",
    "mode": "combined",
    "task_type": "binary",
    "dataset_samples_count": 7491,
    "dataset_raw_features_count": 86,
    "feat_total_count": 122,
    "pca_n_components": 36,
    "optimal_trees": 1000,
    "tuning_completed": 26,
    "tuning_best_idx": 4,
    "tuning_val_score_0": 0.0178828432795739,
    "tuning_val_score_best": 0.01563429036597419,
    "tuning_overall_gain": 0.0022485529135997107,
    "tuning_gain_pct": 12.573799806029992,
    "eval_overfitting_ratio": 1.041891508874276,
    "primary_metric": "1-AUROC",
    "tabpfn_primary_score": 0.010531925295785616,
    "eval_primary_value": 0.016289234379583406,
    "eval_primary_delta": 0.00575730908379779,
    "eval_primary_delta_pct": 54.665304985609765,
    "secondary_metric": "Accuracy",
    "tabpfn_secondary_score": 0.9459639759839893,
    "eval_secondary_value": 0.9359573048699132,
    "eval_secondary_delta": -0.010006671114076049,
    "eval_secondary_delta_pct": -1.0578279266572637,
    "feat_share_embedded_pct": 36.601114422484905,
    "feat_share_raw_pct": 63.39888557751509,
    "feat_active_embedded_pct": 100.0,
    "feat_active_raw_pct": 79.06976744186046,
    "feat_cr5_pct": 62.975303466971894,
    "feat_cr10_pct": 76.2238570683009,
    "time_tuning_search_secs": 375.080997467041,
    "time_train_secs": 1.5338447093963623,
    "time_infer_secs": 0.0043370723724365234,
    "time_train_secs_per_1K": 0.2559820943585384,
    "time_infer_secs_per_1K": 0.0028933104552611895,
    "time_total_secs": 378.34616804122925
}