{
    "dataset": "jm1",
    "algorithm": "lightgbm",
    "mode": "combined",
    "task_type": "binary",
    "dataset_samples_count": 10885,
    "dataset_raw_features_count": 21,
    "feat_total_count": 63,
    "pca_n_components": 42,
    "optimal_trees": 984,
    "tuning_completed": 26,
    "tuning_best_idx": 25,
    "tuning_val_score_0": 0.2453212470256272,
    "tuning_val_score_best": 0.23537387226806183,
    "tuning_overall_gain": 0.009947374757565353,
    "tuning_gain_pct": 4.054836210956571,
    "eval_overfitting_ratio": 0.9969095662941669,
    "primary_metric": "1-AUROC",
    "tabpfn_primary_score": 0.2203148756350808,
    "eval_primary_value": 0.23464646491973218,
    "eval_primary_delta": 0.014331589284651391,
    "eval_primary_delta_pct": 6.505048396454882,
    "secondary_metric": "Accuracy",
    "tabpfn_secondary_score": 0.8231511254019293,
    "eval_secondary_value": 0.8125861276986679,
    "eval_secondary_delta": -0.010564997703261358,
    "eval_secondary_delta_pct": -1.2834821428571417,
    "feat_share_embedded_pct": 70.07959967917634,
    "feat_share_raw_pct": 29.920400320823653,
    "feat_active_embedded_pct": 100.0,
    "feat_active_raw_pct": 100.0,
    "feat_cr5_pct": 18.270857313929284,
    "feat_cr10_pct": 29.600353700157775,
    "time_tuning_search_secs": 222.7143120765686,
    "time_train_secs": 2.828827381134033,
    "time_infer_secs": 0.03294014930725098,
    "time_train_secs_per_1K": 0.32485385635439057,
    "time_infer_secs_per_1K": 0.01513098268592144,
    "time_total_secs": 227.0574517250061
}