{
    "dataset": "blood-transfusion-service-center",
    "algorithm": "lightgbm",
    "mode": "combined",
    "task_type": "binary",
    "dataset_samples_count": 748,
    "dataset_raw_features_count": 4,
    "feat_total_count": 26,
    "pca_n_components": 22,
    "optimal_trees": 12,
    "tuning_completed": 26,
    "tuning_best_idx": 9,
    "tuning_val_score_0": 0.2732198142414861,
    "tuning_val_score_best": 0.24287280701754388,
    "tuning_overall_gain": 0.030347007223942235,
    "tuning_gain_pct": 11.10717658168084,
    "eval_overfitting_ratio": 0.9250062703787306,
    "primary_metric": "1-AUROC",
    "tabpfn_primary_score": 0.21479044834307992,
    "eval_primary_value": 0.22465886939571145,
    "eval_primary_delta": 0.009868421052631526,
    "eval_primary_delta_pct": 4.594441293250117,
    "secondary_metric": "Accuracy",
    "tabpfn_secondary_score": 0.7933333333333333,
    "eval_secondary_value": 0.76,
    "eval_secondary_delta": -0.033333333333333326,
    "eval_secondary_delta_pct": -4.201680672268907,
    "feat_share_embedded_pct": 66.99812134054518,
    "feat_share_raw_pct": 33.00187865945481,
    "feat_active_embedded_pct": 90.9090909090909,
    "feat_active_raw_pct": 100.0,
    "feat_cr5_pct": 61.135722272712584,
    "feat_cr10_pct": 81.96935927297723,
    "time_tuning_search_secs": 9.705745458602905,
    "time_train_secs": 0.005836963653564453,
    "time_infer_secs": 0.0005893707275390625,
    "time_train_secs_per_1K": 0.009760808785224838,
    "time_infer_secs_per_1K": 0.00392913818359375,
    "time_total_secs": 11.686878681182861
}