{
    "dataset": "naticusdroid",
    "algorithm": "catboost",
    "mode": "embed-only",
    "task_type": "binary",
    "dataset_samples_count": 7491,
    "dataset_raw_features_count": 86,
    "feat_total_count": 36,
    "pca_n_components": 36,
    "optimal_trees": 1000,
    "tuning_completed": 26,
    "tuning_best_idx": 5,
    "tuning_val_score_0": 0.024503545860880327,
    "tuning_val_score_best": 0.018468007475379578,
    "tuning_overall_gain": 0.006035538385500749,
    "tuning_gain_pct": 24.631285691335098,
    "eval_overfitting_ratio": 1.1338347967539735,
    "primary_metric": "1-AUROC",
    "tabpfn_primary_score": 0.010531925295785616,
    "eval_primary_value": 0.020939669502297864,
    "eval_primary_delta": 0.010407744206512248,
    "eval_primary_delta_pct": 98.82090799368792,
    "secondary_metric": "Accuracy",
    "tabpfn_secondary_score": 0.9459639759839893,
    "eval_secondary_value": 0.9246164109406271,
    "eval_secondary_delta": -0.021347565043362215,
    "eval_secondary_delta_pct": -2.2566995768688267,
    "feat_share_embedded_pct": 100.00000000000003,
    "feat_share_raw_pct": 0,
    "feat_active_embedded_pct": 100.0,
    "feat_active_raw_pct": 0,
    "feat_cr5_pct": 59.99116954197607,
    "feat_cr10_pct": 77.87981220994037,
    "time_tuning_search_secs": 836.4961364269257,
    "time_train_secs": 4.800572156906128,
    "time_infer_secs": 0.009543418884277344,
    "time_train_secs_per_1K": 0.8011635775878051,
    "time_infer_secs_per_1K": 0.0063665236052550655,
    "time_total_secs": 842.8289198875427
}