{
    "dataset": "online_shoppers_intention",
    "algorithm": "catboost",
    "mode": "combined",
    "task_type": "binary",
    "dataset_samples_count": 12330,
    "dataset_raw_features_count": 17,
    "feat_total_count": 38,
    "pca_n_components": 21,
    "optimal_trees": 805,
    "tuning_completed": 26,
    "tuning_best_idx": 15,
    "tuning_val_score_0": 0.06558873211381755,
    "tuning_val_score_best": 0.06388167671692846,
    "tuning_overall_gain": 0.00170705539688909,
    "tuning_gain_pct": 2.6026656437370974,
    "eval_overfitting_ratio": 0.9948395634064708,
    "primary_metric": "1-AUROC",
    "tabpfn_primary_score": 0.06073574780677515,
    "eval_primary_value": 0.06355201937474242,
    "eval_primary_delta": 0.0028162715679672656,
    "eval_primary_delta_pct": 4.6369258133232485,
    "secondary_metric": "Accuracy",
    "tabpfn_secondary_score": 0.9014598540145985,
    "eval_secondary_value": 0.9002433090024331,
    "eval_secondary_delta": -0.0012165450121653931,
    "eval_secondary_delta_pct": -0.1349527665317076,
    "feat_share_embedded_pct": 56.47366197096482,
    "feat_share_raw_pct": 43.52633802903515,
    "feat_active_embedded_pct": 100.0,
    "feat_active_raw_pct": 100.0,
    "feat_cr5_pct": 46.52605386908069,
    "feat_cr10_pct": 58.54577642600057,
    "time_tuning_search_secs": 650.7969312667847,
    "time_train_secs": 13.120877981185913,
    "time_infer_secs": 0.022413015365600586,
    "time_train_secs_per_1K": 1.3301782219369336,
    "time_infer_secs_per_1K": 0.00908881401686966,
    "time_total_secs": 666.5918316841125
}