{
    "dataset": "seismic-bumps",
    "algorithm": "xgboost",
    "mode": "combined",
    "task_type": "binary",
    "dataset_samples_count": 2584,
    "dataset_raw_features_count": 15,
    "feat_total_count": 40,
    "pca_n_components": 25,
    "optimal_trees": 437,
    "tuning_completed": 26,
    "tuning_best_idx": 20,
    "tuning_val_score_0": 0.23480608165216643,
    "tuning_val_score_best": 0.20355084954320535,
    "tuning_overall_gain": 0.031255232108961084,
    "tuning_gain_pct": 13.311082868484428,
    "eval_overfitting_ratio": 1.061114432135498,
    "primary_metric": "1-AUROC",
    "tabpfn_primary_score": 0.22415052977712813,
    "eval_primary_value": 0.21599074412373653,
    "eval_primary_delta": -0.008159785653391594,
    "eval_primary_delta_pct": -3.6403151317575886,
    "secondary_metric": "Accuracy",
    "tabpfn_secondary_score": 0.9342359767891683,
    "eval_secondary_value": 0.9361702127659575,
    "eval_secondary_delta": 0.0019342359767892114,
    "eval_secondary_delta_pct": 0.2070393374741247,
    "feat_share_embedded_pct": 70.21354848846212,
    "feat_share_raw_pct": 29.786451511537873,
    "feat_active_embedded_pct": 100.0,
    "feat_active_raw_pct": 93.33333333333333,
    "feat_cr5_pct": 26.720318919799993,
    "feat_cr10_pct": 44.56297402828841,
    "time_tuning_search_secs": 122.63484501838684,
    "time_train_secs": 0.45871901512145996,
    "time_infer_secs": 0.0013651847839355469,
    "time_train_secs_per_1K": 0.22192501941047893,
    "time_infer_secs_per_1K": 0.002640589524053282,
    "time_total_secs": 125.0568208694458
}