{
    "dataset": "e-commereshippingdata",
    "algorithm": "catboost",
    "mode": "raw-only",
    "task_type": "binary",
    "dataset_samples_count": 10999,
    "dataset_raw_features_count": 10,
    "feat_total_count": 10,
    "pca_n_components": 11,
    "optimal_trees": 552,
    "tuning_completed": 26,
    "tuning_best_idx": 1,
    "tuning_val_score_0": 0.25423256106213965,
    "tuning_val_score_best": 0.2502738958093067,
    "tuning_overall_gain": 0.003958665252832949,
    "tuning_gain_pct": 1.5571039509236466,
    "eval_overfitting_ratio": 1.0436819162884814,
    "primary_metric": "1-AUROC",
    "tabpfn_primary_score": 0.2576305284678151,
    "eval_primary_value": 0.26120633917524094,
    "eval_primary_delta": 0.0035758107074258527,
    "eval_primary_delta_pct": 1.3879607858167968,
    "secondary_metric": "Accuracy",
    "tabpfn_secondary_score": 0.6822727272727273,
    "eval_secondary_value": 0.6709090909090909,
    "eval_secondary_delta": -0.011363636363636354,
    "eval_secondary_delta_pct": -1.6655562958027967,
    "feat_share_embedded_pct": 0,
    "feat_share_raw_pct": 100.0,
    "feat_active_embedded_pct": 0,
    "feat_active_raw_pct": 100.0,
    "feat_cr5_pct": 97.16121786672213,
    "feat_cr10_pct": 100.0,
    "time_tuning_search_secs": 60.669493436813354,
    "time_train_secs": 0.5032804012298584,
    "time_infer_secs": 0.002980470657348633,
    "time_train_secs_per_1K": 0.057197454395938,
    "time_infer_secs_per_1K": 0.001354759389703924,
    "time_total_secs": 62.7812077999115
}