{
    "dataset": "jm1",
    "algorithm": "xgboost",
    "mode": "embed-only",
    "task_type": "binary",
    "dataset_samples_count": 10885,
    "dataset_raw_features_count": 21,
    "feat_total_count": 42,
    "pca_n_components": 42,
    "optimal_trees": 651,
    "tuning_completed": 26,
    "tuning_best_idx": 22,
    "tuning_val_score_0": 0.26872210924771567,
    "tuning_val_score_best": 0.24076064374339445,
    "tuning_overall_gain": 0.027961465504321215,
    "tuning_gain_pct": 10.405346096232648,
    "eval_overfitting_ratio": 0.9805489434047329,
    "primary_metric": "1-AUROC",
    "tabpfn_primary_score": 0.2203148756350808,
    "eval_primary_value": 0.23607759483602875,
    "eval_primary_delta": 0.01576271920094796,
    "eval_primary_delta_pct": 7.154632275968777,
    "secondary_metric": "Accuracy",
    "tabpfn_secondary_score": 0.8231511254019293,
    "eval_secondary_value": 0.8116674322462104,
    "eval_secondary_delta": -0.011483693155718844,
    "eval_secondary_delta_pct": -1.3950892857142814,
    "feat_share_embedded_pct": 99.99999999999999,
    "feat_share_raw_pct": 0,
    "feat_active_embedded_pct": 100.0,
    "feat_active_raw_pct": 0,
    "feat_cr5_pct": 21.366106744226773,
    "feat_cr10_pct": 36.88714841972067,
    "time_tuning_search_secs": 409.79497480392456,
    "time_train_secs": 2.194101572036743,
    "time_infer_secs": 0.006527900695800781,
    "time_train_secs_per_1K": 0.2519638920575038,
    "time_infer_secs_per_1K": 0.0029985763416631975,
    "time_total_secs": 413.64925384521484
}