{
    "dataset": "online_shoppers_intention",
    "algorithm": "lightgbm",
    "mode": "raw-only",
    "task_type": "binary",
    "dataset_samples_count": 12330,
    "dataset_raw_features_count": 17,
    "feat_total_count": 17,
    "pca_n_components": 21,
    "optimal_trees": 644,
    "tuning_completed": 26,
    "tuning_best_idx": 14,
    "tuning_val_score_0": 0.066819251811997,
    "tuning_val_score_best": 0.06380653182298812,
    "tuning_overall_gain": 0.003012719989008872,
    "tuning_gain_pct": 4.508760435518609,
    "eval_overfitting_ratio": 0.9995154245846757,
    "primary_metric": "1-AUROC",
    "tabpfn_primary_score": 0.06073574780677515,
    "eval_primary_value": 0.06377561274632959,
    "eval_primary_delta": 0.0030398649395544375,
    "eval_primary_delta_pct": 5.005067113399955,
    "secondary_metric": "Accuracy",
    "tabpfn_secondary_score": 0.9014598540145985,
    "eval_secondary_value": 0.902676399026764,
    "eval_secondary_delta": 0.0012165450121655041,
    "eval_secondary_delta_pct": 0.1349527665317199,
    "feat_share_embedded_pct": 0,
    "feat_share_raw_pct": 99.99999999999999,
    "feat_active_embedded_pct": 0,
    "feat_active_raw_pct": 100.0,
    "feat_cr5_pct": 88.51279358846224,
    "feat_cr10_pct": 98.0029588578224,
    "time_tuning_search_secs": 130.83354568481445,
    "time_train_secs": 0.6276750564575195,
    "time_infer_secs": 0.013540029525756836,
    "time_train_secs_per_1K": 0.06363291326617189,
    "time_infer_secs_per_1K": 0.005490685128044134,
    "time_total_secs": 133.7236728668213
}