{
    "dataset": "fitness_club",
    "algorithm": "catboost",
    "mode": "raw-only",
    "task_type": "binary",
    "dataset_samples_count": 1500,
    "dataset_raw_features_count": 6,
    "feat_total_count": 6,
    "pca_n_components": 15,
    "optimal_trees": 424,
    "tuning_completed": 26,
    "tuning_best_idx": 14,
    "tuning_val_score_0": 0.1887232021199412,
    "tuning_val_score_best": 0.18262559501689934,
    "tuning_overall_gain": 0.006097607103041858,
    "tuning_gain_pct": 3.2309790394328846,
    "eval_overfitting_ratio": 1.0816627471312628,
    "primary_metric": "1-AUROC",
    "tabpfn_primary_score": 0.1838161838161838,
    "eval_primary_value": 0.1975393028024608,
    "eval_primary_delta": 0.013723118986276983,
    "eval_primary_delta_pct": 7.465675057208294,
    "secondary_metric": "Accuracy",
    "tabpfn_secondary_score": 0.7633333333333333,
    "eval_secondary_value": 0.7566666666666667,
    "eval_secondary_delta": -0.006666666666666599,
    "eval_secondary_delta_pct": -0.8733624454148383,
    "feat_share_embedded_pct": 0,
    "feat_share_raw_pct": 100.00000000000003,
    "feat_active_embedded_pct": 0,
    "feat_active_raw_pct": 100.0,
    "feat_cr5_pct": 93.31329658092999,
    "feat_cr10_pct": 100.00000000000003,
    "time_tuning_search_secs": 30.56257438659668,
    "time_train_secs": 0.12283587455749512,
    "time_infer_secs": 0.0012745857238769531,
    "time_train_secs_per_1K": 0.1023632287979126,
    "time_infer_secs_per_1K": 0.004248619079589844,
    "time_total_secs": 32.28500509262085
}