{
    "dataset": "another-dataset-on-used-fiat-500",
    "algorithm": "catboost",
    "mode": "combined",
    "task_type": "regression",
    "dataset_samples_count": 1538,
    "dataset_raw_features_count": 7,
    "feat_total_count": 61,
    "pca_n_components": 54,
    "optimal_trees": 1000,
    "tuning_completed": 26,
    "tuning_best_idx": 22,
    "tuning_val_score_0": 1002.8198874925843,
    "tuning_val_score_best": 714.7484895055508,
    "tuning_overall_gain": 288.0713979870335,
    "tuning_gain_pct": 28.72613532897888,
    "eval_overfitting_ratio": 1.0383621080631966,
    "primary_metric": "RMSE",
    "tabpfn_primary_score": 727.5813856404222,
    "eval_primary_value": 742.1677482979692,
    "eval_primary_delta": 14.586362657546943,
    "eval_primary_delta_pct": 2.0047740287786393,
    "secondary_metric": "R2_Score",
    "tabpfn_secondary_score": 0.8715566241829944,
    "eval_secondary_value": 0.866355002382847,
    "eval_secondary_delta": -0.005201621800147382,
    "eval_secondary_delta_pct": -0.5968197195475892,
    "feat_share_embedded_pct": 72.79586425165077,
    "feat_share_raw_pct": 27.204135748349234,
    "feat_active_embedded_pct": 100.0,
    "feat_active_raw_pct": 100.0,
    "feat_cr5_pct": 78.18189388572448,
    "feat_cr10_pct": 82.33127249705986,
    "time_tuning_search_secs": 488.19930601119995,
    "time_train_secs": 1.4569237232208252,
    "time_infer_secs": 0.0018839836120605469,
    "time_train_secs_per_1K": 1.1844908318868497,
    "time_infer_secs_per_1K": 0.00611682990928749,
    "time_total_secs": 491.36789178848267
}