{
    "dataset": "blood-transfusion-service-center",
    "algorithm": "xgboost",
    "mode": "raw-only",
    "task_type": "binary",
    "dataset_samples_count": 748,
    "dataset_raw_features_count": 4,
    "feat_total_count": 4,
    "pca_n_components": 22,
    "optimal_trees": 27,
    "tuning_completed": 26,
    "tuning_best_idx": 17,
    "tuning_val_score_0": 0.31835870313037495,
    "tuning_val_score_best": 0.2674184439857814,
    "tuning_overall_gain": 0.05094025914459355,
    "tuning_gain_pct": 16.000900444594528,
    "eval_overfitting_ratio": 0.8423803079231938,
    "primary_metric": "1-AUROC",
    "tabpfn_primary_score": 0.21479044834307992,
    "eval_primary_value": 0.2252680311890839,
    "eval_primary_delta": 0.010477582846003974,
    "eval_primary_delta_pct": 4.87804878048784,
    "secondary_metric": "Accuracy",
    "tabpfn_secondary_score": 0.7933333333333333,
    "eval_secondary_value": 0.7666666666666667,
    "eval_secondary_delta": -0.026666666666666616,
    "eval_secondary_delta_pct": -3.3613445378151194,
    "feat_share_embedded_pct": 0,
    "feat_share_raw_pct": 99.99999999999999,
    "feat_active_embedded_pct": 0,
    "feat_active_raw_pct": 100.0,
    "feat_cr5_pct": 99.99999999999999,
    "feat_cr10_pct": 99.99999999999999,
    "time_tuning_search_secs": 12.55290937423706,
    "time_train_secs": 0.008085250854492188,
    "time_infer_secs": 0.0004341602325439453,
    "time_train_secs_per_1K": 0.013520486378749478,
    "time_infer_secs_per_1K": 0.0028944015502929688,
    "time_total_secs": 14.218738794326782
}