{
    "dataset": "taiwanese_bankruptcy_prediction",
    "algorithm": "lightgbm",
    "mode": "raw-only",
    "task_type": "binary",
    "dataset_samples_count": 6819,
    "dataset_raw_features_count": 94,
    "feat_total_count": 94,
    "pca_n_components": 32,
    "optimal_trees": 883,
    "tuning_completed": 26,
    "tuning_best_idx": 13,
    "tuning_val_score_0": 0.05799399708214714,
    "tuning_val_score_best": 0.04999302411617912,
    "tuning_overall_gain": 0.008000972965968023,
    "tuning_gain_pct": 13.796208863884363,
    "eval_overfitting_ratio": 0.866512078324759,
    "primary_metric": "1-AUROC",
    "tabpfn_primary_score": 0.0431818181818181,
    "eval_primary_value": 0.04331955922865016,
    "eval_primary_delta": 0.00013774104683206279,
    "eval_primary_delta_pct": 0.31897926634793544,
    "secondary_metric": "Accuracy",
    "tabpfn_secondary_score": 0.9736070381231672,
    "eval_secondary_value": 0.9743401759530792,
    "eval_secondary_delta": 0.0007331378299120228,
    "eval_secondary_delta_pct": 0.07530120481927703,
    "feat_share_embedded_pct": 0,
    "feat_share_raw_pct": 100.0,
    "feat_active_embedded_pct": 0,
    "feat_active_raw_pct": 98.93617021276596,
    "feat_cr5_pct": 23.427671931554926,
    "feat_cr10_pct": 38.574640933203575,
    "time_tuning_search_secs": 77.45347762107849,
    "time_train_secs": 0.6261448860168457,
    "time_infer_secs": 0.010466337203979492,
    "time_train_secs_per_1K": 0.1147836637977719,
    "time_infer_secs_per_1K": 0.007673267744853,
    "time_total_secs": 79.86854600906372
}