{
    "dataset": "wine_quality",
    "algorithm": "xgboost",
    "mode": "combined",
    "task_type": "regression",
    "dataset_samples_count": 6497,
    "dataset_raw_features_count": 12,
    "feat_total_count": 37,
    "pca_n_components": 25,
    "optimal_trees": 846,
    "tuning_completed": 26,
    "tuning_best_idx": 7,
    "tuning_val_score_0": 0.6065581153704526,
    "tuning_val_score_best": 0.5880671026037688,
    "tuning_overall_gain": 0.018491012766683745,
    "tuning_gain_pct": 3.0485146102431493,
    "eval_overfitting_ratio": 0.9650094322767973,
    "primary_metric": "RMSE",
    "tabpfn_primary_score": 0.5665150098489219,
    "eval_primary_value": 0.5674903008243241,
    "eval_primary_delta": 0.0009752909754021655,
    "eval_primary_delta_pct": 0.17215624625060788,
    "secondary_metric": "R2_Score",
    "tabpfn_secondary_score": 0.5709894261223469,
    "eval_secondary_value": 0.5695110176305295,
    "eval_secondary_delta": -0.0014784084918174623,
    "eval_secondary_delta_pct": -0.25892046755707887,
    "feat_share_embedded_pct": 93.92765767701368,
    "feat_share_raw_pct": 6.0723423229863,
    "feat_active_embedded_pct": 100.0,
    "feat_active_raw_pct": 91.66666666666666,
    "feat_cr5_pct": 88.20073080322965,
    "feat_cr10_pct": 95.90817180154995,
    "time_tuning_search_secs": 177.10854530334473,
    "time_train_secs": 0.5758404731750488,
    "time_infer_secs": 0.0020363330841064453,
    "time_train_secs_per_1K": 0.11080247703964764,
    "time_infer_secs_per_1K": 0.0015664100646972656,
    "time_total_secs": 179.2147171497345
}