{
    "dataset": "hr_analytics_job_change_of_data_scientists",
    "algorithm": "lightgbm",
    "mode": "embed-only",
    "task_type": "binary",
    "dataset_samples_count": 19158,
    "dataset_raw_features_count": 12,
    "feat_total_count": 36,
    "pca_n_components": 36,
    "optimal_trees": 986,
    "tuning_completed": 26,
    "tuning_best_idx": 21,
    "tuning_val_score_0": 0.19591842727719255,
    "tuning_val_score_best": 0.18964904699973917,
    "tuning_overall_gain": 0.006269380277453385,
    "tuning_gain_pct": 3.199995204424154,
    "eval_overfitting_ratio": 1.0965059533507215,
    "primary_metric": "1-AUROC",
    "tabpfn_primary_score": 0.2034192467065935,
    "eval_primary_value": 0.2079513090825048,
    "eval_primary_delta": 0.0045320623759113055,
    "eval_primary_delta_pct": 2.2279417750711814,
    "secondary_metric": "Accuracy",
    "tabpfn_secondary_score": 0.7904488517745303,
    "eval_secondary_value": 0.7849686847599165,
    "eval_secondary_delta": -0.005480167014613735,
    "eval_secondary_delta_pct": -0.6932981181908165,
    "feat_share_embedded_pct": 99.99999999999999,
    "feat_share_raw_pct": 0,
    "feat_active_embedded_pct": 100.0,
    "feat_active_raw_pct": 0,
    "feat_cr5_pct": 33.76256418884353,
    "feat_cr10_pct": 50.74613252501391,
    "time_tuning_search_secs": 395.8288300037384,
    "time_train_secs": 2.824779987335205,
    "time_infer_secs": 0.05882692337036133,
    "time_train_secs_per_1K": 0.18431293144559605,
    "time_infer_secs_per_1K": 0.015351493572641265,
    "time_total_secs": 400.325941324234
}