{
    "dataset": "credit-g",
    "algorithm": "catboost",
    "mode": "raw-only",
    "task_type": "binary",
    "dataset_samples_count": 1000,
    "dataset_raw_features_count": 20,
    "feat_total_count": 20,
    "pca_n_components": 42,
    "optimal_trees": 670,
    "tuning_completed": 26,
    "tuning_best_idx": 21,
    "tuning_val_score_0": 0.2176190476190476,
    "tuning_val_score_best": 0.1879761904761904,
    "tuning_overall_gain": 0.029642857142857193,
    "tuning_gain_pct": 13.621444201312935,
    "eval_overfitting_ratio": 1.3084230525649148,
    "primary_metric": "1-AUROC",
    "tabpfn_primary_score": 0.22690476190476194,
    "eval_primary_value": 0.24595238095238092,
    "eval_primary_delta": 0.01904761904761898,
    "eval_primary_delta_pct": 8.394543546694617,
    "secondary_metric": "Accuracy",
    "tabpfn_secondary_score": 0.75,
    "eval_secondary_value": 0.75,
    "eval_secondary_delta": 0.0,
    "eval_secondary_delta_pct": 0.0,
    "feat_share_embedded_pct": 0,
    "feat_share_raw_pct": 100.0,
    "feat_active_embedded_pct": 0,
    "feat_active_raw_pct": 100.0,
    "feat_cr5_pct": 53.89830550184803,
    "feat_cr10_pct": 77.10474410567515,
    "time_tuning_search_secs": 149.94256067276,
    "time_train_secs": 2.524629592895508,
    "time_infer_secs": 0.004014492034912109,
    "time_train_secs_per_1K": 3.1557869911193848,
    "time_infer_secs_per_1K": 0.020072460174560547,
    "time_total_secs": 153.97832083702087
}