{
    "dataset": "airfoil_self_noise",
    "algorithm": "lightgbm",
    "mode": "embed-only",
    "task_type": "regression",
    "dataset_samples_count": 1503,
    "dataset_raw_features_count": 5,
    "feat_total_count": 57,
    "pca_n_components": 57,
    "optimal_trees": 930,
    "tuning_completed": 26,
    "tuning_best_idx": 25,
    "tuning_val_score_0": 1.226879791756136,
    "tuning_val_score_best": 1.1771280008685032,
    "tuning_overall_gain": 0.04975179088763282,
    "tuning_gain_pct": 4.055147963307709,
    "eval_overfitting_ratio": 0.8299775188764124,
    "primary_metric": "RMSE",
    "tabpfn_primary_score": 0.8975385766269695,
    "eval_primary_value": 0.9769897775607916,
    "eval_primary_delta": 0.07945120093382219,
    "eval_primary_delta_pct": 8.852121012158266,
    "secondary_metric": "R2_Score",
    "tabpfn_secondary_score": 0.9835905950772067,
    "eval_secondary_value": 0.9805568501417877,
    "eval_secondary_delta": -0.0030337449354189694,
    "eval_secondary_delta_pct": -0.3084357405004301,
    "feat_share_embedded_pct": 100.00000000000006,
    "feat_share_raw_pct": 0,
    "feat_active_embedded_pct": 100.0,
    "feat_active_raw_pct": 0,
    "feat_cr5_pct": 96.74907762889592,
    "feat_cr10_pct": 98.96976361496625,
    "time_tuning_search_secs": 78.3015079498291,
    "time_train_secs": 0.23742318153381348,
    "time_infer_secs": 0.0015993118286132812,
    "time_train_secs_per_1K": 0.19752344553561854,
    "time_infer_secs_per_1K": 0.005313328334263393,
    "time_total_secs": 80.04298734664917
}