{
    "dataset": "miami_housing",
    "algorithm": "xgboost",
    "mode": "raw-only",
    "task_type": "regression",
    "dataset_samples_count": 13776,
    "dataset_raw_features_count": 15,
    "feat_total_count": 15,
    "pca_n_components": 73,
    "optimal_trees": 1000,
    "tuning_completed": 26,
    "tuning_best_idx": 23,
    "tuning_val_score_0": 97423.02833832629,
    "tuning_val_score_best": 83888.8137621519,
    "tuning_overall_gain": 13534.214576174389,
    "tuning_gain_pct": 13.892212967526918,
    "eval_overfitting_ratio": 1.0034822639387864,
    "primary_metric": "RMSE",
    "tabpfn_primary_score": 80937.77470144341,
    "eval_primary_value": 84180.9367531834,
    "eval_primary_delta": 3243.162051739986,
    "eval_primary_delta_pct": 4.006981985485881,
    "secondary_metric": "R2_Score",
    "tabpfn_secondary_score": 0.9386201225076625,
    "eval_secondary_value": 0.9336026102940658,
    "eval_secondary_delta": -0.005017512213596698,
    "eval_secondary_delta_pct": -0.5345626087997849,
    "feat_share_embedded_pct": 0,
    "feat_share_raw_pct": 99.99999999999999,
    "feat_active_embedded_pct": 0,
    "feat_active_raw_pct": 100.0,
    "feat_cr5_pct": 69.88717810029017,
    "feat_cr10_pct": 94.49855976250038,
    "time_tuning_search_secs": 361.0410158634186,
    "time_train_secs": 0.4891800880432129,
    "time_infer_secs": 0.003626585006713867,
    "time_train_secs_per_1K": 0.04439020762642586,
    "time_infer_secs_per_1K": 0.0013158871577336239,
    "time_total_secs": 363.59750986099243
}