{
    "dataset": "hr_analytics_job_change_of_data_scientists",
    "algorithm": "xgboost",
    "mode": "embed-only",
    "task_type": "binary",
    "dataset_samples_count": 19158,
    "dataset_raw_features_count": 12,
    "feat_total_count": 36,
    "pca_n_components": 36,
    "optimal_trees": 1000,
    "tuning_completed": 26,
    "tuning_best_idx": 14,
    "tuning_val_score_0": 0.20313022992727525,
    "tuning_val_score_best": 0.1889052659803001,
    "tuning_overall_gain": 0.014224963946975144,
    "tuning_gain_pct": 7.002878868432321,
    "eval_overfitting_ratio": 1.1234127728569085,
    "primary_metric": "1-AUROC",
    "tabpfn_primary_score": 0.2034192467065935,
    "eval_primary_value": 0.21221858866220078,
    "eval_primary_delta": 0.008799341955607276,
    "eval_primary_delta_pct": 4.325717501205386,
    "secondary_metric": "Accuracy",
    "tabpfn_secondary_score": 0.7904488517745303,
    "eval_secondary_value": 0.7839248434237995,
    "eval_secondary_delta": -0.006524008350730748,
    "eval_secondary_delta_pct": -0.8253549026081288,
    "feat_share_embedded_pct": 100.0,
    "feat_share_raw_pct": 0,
    "feat_active_embedded_pct": 100.0,
    "feat_active_raw_pct": 0,
    "feat_cr5_pct": 33.852576603479235,
    "feat_cr10_pct": 49.3490228780164,
    "time_tuning_search_secs": 876.3601319789886,
    "time_train_secs": 9.783931016921997,
    "time_infer_secs": 0.015501260757446289,
    "time_train_secs_per_1K": 0.6383877735170297,
    "time_infer_secs_per_1K": 0.0040452141851373405,
    "time_total_secs": 887.9791493415833
}