{
    "dataset": "splice",
    "algorithm": "xgboost",
    "mode": "combined",
    "task_type": "multiclass",
    "dataset_samples_count": 3190,
    "dataset_raw_features_count": 60,
    "feat_total_count": 93,
    "pca_n_components": 33,
    "optimal_trees": 873,
    "tuning_completed": 26,
    "tuning_best_idx": 24,
    "tuning_val_score_0": 0.12008075152269636,
    "tuning_val_score_best": 0.11306546712287835,
    "tuning_overall_gain": 0.007015284399818009,
    "tuning_gain_pct": 5.842138986357074,
    "eval_overfitting_ratio": 2.423101595901116,
    "primary_metric": "Log_Loss",
    "tabpfn_primary_score": 0.10458652604603381,
    "eval_primary_value": 0.2739691138267517,
    "eval_primary_delta": 0.1693825877807179,
    "eval_primary_delta_pct": 161.95450234781111,
    "secondary_metric": "Accuracy",
    "tabpfn_secondary_score": 0.9717868338557993,
    "eval_secondary_value": 0.9059561128526645,
    "eval_secondary_delta": -0.0658307210031348,
    "eval_secondary_delta_pct": -6.774193548387098,
    "feat_share_embedded_pct": 37.00026703908928,
    "feat_share_raw_pct": 62.99973296091074,
    "feat_active_embedded_pct": 100.0,
    "feat_active_raw_pct": 100.0,
    "feat_cr5_pct": 58.11012257927917,
    "feat_cr10_pct": 81.06360699746807,
    "time_tuning_search_secs": 716.0710060596466,
    "time_train_secs": 4.5572919845581055,
    "time_infer_secs": 0.011879444122314453,
    "time_train_secs_per_1K": 1.7857727212218282,
    "time_infer_secs_per_1K": 0.018619818373533624,
    "time_total_secs": 722.350213766098
}