{
    "dataset": "anneal",
    "algorithm": "lightgbm",
    "mode": "embed-only",
    "task_type": "multiclass",
    "dataset_samples_count": 890,
    "dataset_raw_features_count": 38,
    "feat_total_count": 32,
    "pca_n_components": 32,
    "optimal_trees": 1000,
    "tuning_completed": 26,
    "tuning_best_idx": 20,
    "tuning_val_score_0": 0.0185081340620583,
    "tuning_val_score_best": 0.010983667586038533,
    "tuning_overall_gain": 0.007524466476019766,
    "tuning_gain_pct": 40.65491664794526,
    "eval_overfitting_ratio": 0.5506842575811288,
    "primary_metric": "Log_Loss",
    "tabpfn_primary_score": 0.0043537343105701795,
    "eval_primary_value": 0.006048532830135539,
    "eval_primary_delta": 0.0016947985195653595,
    "eval_primary_delta_pct": 38.92746774764496,
    "secondary_metric": "Accuracy",
    "tabpfn_secondary_score": 1.0,
    "eval_secondary_value": 1.0,
    "eval_secondary_delta": 0.0,
    "eval_secondary_delta_pct": 0.0,
    "feat_share_embedded_pct": 100.00000000000004,
    "feat_share_raw_pct": 0,
    "feat_active_embedded_pct": 100.0,
    "feat_active_raw_pct": 0,
    "feat_cr5_pct": 74.7176992097406,
    "feat_cr10_pct": 87.91191837395742,
    "time_tuning_search_secs": 70.66327261924744,
    "time_train_secs": 0.29578208923339844,
    "time_infer_secs": 0.002667665481567383,
    "time_train_secs_per_1K": 0.4154242826311776,
    "time_infer_secs_per_1K": 0.014986884727906645,
    "time_total_secs": 72.55972695350647
}