{
    "dataset": "qsar-tid-11",
    "algorithm": "catboost",
    "mode": "embed-only",
    "task_type": "regression",
    "dataset_samples_count": 5742,
    "dataset_raw_features_count": 1024,
    "feat_total_count": 41,
    "pca_n_components": 41,
    "optimal_trees": 1000,
    "tuning_completed": 26,
    "tuning_best_idx": 23,
    "tuning_val_score_0": 0.8376703113449914,
    "tuning_val_score_best": 0.7276964511204261,
    "tuning_overall_gain": 0.10997386022456523,
    "tuning_gain_pct": 13.128537413244064,
    "eval_overfitting_ratio": 0.9219834894564815,
    "primary_metric": "RMSE",
    "tabpfn_primary_score": 0.6735581320258458,
    "eval_primary_value": 0.6709241132691084,
    "eval_primary_delta": -0.0026340187567374107,
    "eval_primary_delta_pct": -0.39106034527638045,
    "secondary_metric": "R2_Score",
    "tabpfn_secondary_score": 0.8040732050300042,
    "eval_secondary_value": 0.8056025927587174,
    "eval_secondary_delta": 0.0015293877287131386,
    "eval_secondary_delta_pct": 0.1902050359526741,
    "feat_share_embedded_pct": 99.99999999999997,
    "feat_share_raw_pct": 0,
    "feat_active_embedded_pct": 100.0,
    "feat_active_raw_pct": 0,
    "feat_cr5_pct": 85.98208589049773,
    "feat_cr10_pct": 89.4381219088965,
    "time_tuning_search_secs": 1034.8901920318604,
    "time_train_secs": 4.9044880867004395,
    "time_infer_secs": 0.005841970443725586,
    "time_train_secs_per_1K": 1.067818002765173,
    "time_infer_secs_per_1K": 0.00508439551238084,
    "time_total_secs": 1042.5242538452148
}