{
    "dataset": "is-this-a-good-customer",
    "algorithm": "lightgbm",
    "mode": "raw-only",
    "task_type": "binary",
    "dataset_samples_count": 1723,
    "dataset_raw_features_count": 13,
    "feat_total_count": 13,
    "pca_n_components": 31,
    "optimal_trees": 62,
    "tuning_completed": 26,
    "tuning_best_idx": 24,
    "tuning_val_score_0": 0.2743786549707603,
    "tuning_val_score_best": 0.24562505374957,
    "tuning_overall_gain": 0.028753601221190306,
    "tuning_gain_pct": 10.479532828183915,
    "eval_overfitting_ratio": 0.9238255383112772,
    "primary_metric": "1-AUROC",
    "tabpfn_primary_score": 0.22481984246690123,
    "eval_primary_value": 0.22691469750293292,
    "eval_primary_delta": 0.002094855036031684,
    "eval_primary_delta_pct": 0.9317927692881897,
    "secondary_metric": "Accuracy",
    "tabpfn_secondary_score": 0.8869565217391304,
    "eval_secondary_value": 0.8869565217391304,
    "eval_secondary_delta": 0.0,
    "eval_secondary_delta_pct": 0.0,
    "feat_share_embedded_pct": 0,
    "feat_share_raw_pct": 100.00000000000001,
    "feat_active_embedded_pct": 0,
    "feat_active_raw_pct": 100.0,
    "feat_cr5_pct": 69.11583279913864,
    "feat_cr10_pct": 91.81820932453664,
    "time_tuning_search_secs": 27.948843955993652,
    "time_train_secs": 0.033701419830322266,
    "time_infer_secs": 0.003841400146484375,
    "time_train_secs_per_1K": 0.024456763302120658,
    "time_infer_secs_per_1K": 0.01113449317821558,
    "time_total_secs": 29.548907995224
}