{
    "dataset": "website_phishing",
    "algorithm": "lightgbm",
    "mode": "raw-only",
    "task_type": "multiclass",
    "dataset_samples_count": 1353,
    "dataset_raw_features_count": 9,
    "feat_total_count": 9,
    "pca_n_components": 27,
    "optimal_trees": 103,
    "tuning_completed": 26,
    "tuning_best_idx": 16,
    "tuning_val_score_0": 0.255541041482539,
    "tuning_val_score_best": 0.23598197152036623,
    "tuning_overall_gain": 0.019559069962172743,
    "tuning_gain_pct": 7.653983817511054,
    "eval_overfitting_ratio": 1.0874359397763054,
    "primary_metric": "Log_Loss",
    "tabpfn_primary_score": 0.26726963543778837,
    "eval_primary_value": 0.2566152769705148,
    "eval_primary_delta": -0.010654358467273584,
    "eval_primary_delta_pct": -3.9863707112937528,
    "secondary_metric": "Accuracy",
    "tabpfn_secondary_score": 0.8856088560885609,
    "eval_secondary_value": 0.8892988929889298,
    "eval_secondary_delta": 0.0036900369003689537,
    "eval_secondary_delta_pct": 0.416666666666661,
    "feat_share_embedded_pct": 0,
    "feat_share_raw_pct": 100.00000000000001,
    "feat_active_embedded_pct": 0,
    "feat_active_raw_pct": 100.0,
    "feat_cr5_pct": 88.20611128368006,
    "feat_cr10_pct": 100.00000000000001,
    "time_tuning_search_secs": 76.70803332328796,
    "time_train_secs": 0.09575247764587402,
    "time_infer_secs": 0.003253459930419922,
    "time_train_secs_per_1K": 0.08849582037511462,
    "time_infer_secs_per_1K": 0.012005387197121482,
    "time_total_secs": 78.38507390022278
}