{
    "dataset": "customer_satisfaction_in_airline",
    "algorithm": "xgboost",
    "mode": "combined",
    "task_type": "binary",
    "dataset_samples_count": 129880,
    "dataset_raw_features_count": 21,
    "feat_total_count": 54,
    "pca_n_components": 33,
    "optimal_trees": 1000,
    "tuning_completed": 26,
    "tuning_best_idx": 1,
    "tuning_val_score_0": 0.005706186230583388,
    "tuning_val_score_best": 0.005132563728779349,
    "tuning_overall_gain": 0.0005736225018040386,
    "tuning_gain_pct": 10.052642494028674,
    "eval_overfitting_ratio": 1.0285586844480263,
    "primary_metric": "1-AUROC",
    "tabpfn_primary_score": 0.004773229238590471,
    "eval_primary_value": 0.005279142996718944,
    "eval_primary_delta": 0.0005059137581284734,
    "eval_primary_delta_pct": 10.598983054035536,
    "secondary_metric": "Accuracy",
    "tabpfn_secondary_score": 0.9618109023714198,
    "eval_secondary_value": 0.9616569140745304,
    "eval_secondary_delta": -0.00015398829688939575,
    "eval_secondary_delta_pct": -0.016010246557792762,
    "feat_share_embedded_pct": 51.95876206343297,
    "feat_share_raw_pct": 48.04123793656702,
    "feat_active_embedded_pct": 100.0,
    "feat_active_raw_pct": 100.0,
    "feat_cr5_pct": 57.134213489718796,
    "feat_cr10_pct": 70.06544916274449,
    "time_tuning_search_secs": 3137.963478565216,
    "time_train_secs": 29.610610723495483,
    "time_infer_secs": 0.34039974212646484,
    "time_train_secs_per_1K": 0.284980469697947,
    "time_infer_secs_per_1K": 0.013104394137914416,
    "time_total_secs": 3171.362545490265
}