{
    "dataset": "blood-transfusion-service-center",
    "algorithm": "lightgbm",
    "mode": "embed-only",
    "task_type": "binary",
    "dataset_samples_count": 748,
    "dataset_raw_features_count": 4,
    "feat_total_count": 22,
    "pca_n_components": 22,
    "optimal_trees": 7,
    "tuning_completed": 26,
    "tuning_best_idx": 2,
    "tuning_val_score_0": 0.27481080151358794,
    "tuning_val_score_best": 0.24564986813438827,
    "tuning_overall_gain": 0.02916093337919967,
    "tuning_gain_pct": 10.611276273926888,
    "eval_overfitting_ratio": 1.15260962161216,
    "primary_metric": "1-AUROC",
    "tabpfn_primary_score": 0.21479044834307992,
    "eval_primary_value": 0.28313840155945424,
    "eval_primary_delta": 0.06834795321637432,
    "eval_primary_delta_pct": 31.820760068065823,
    "secondary_metric": "Accuracy",
    "tabpfn_secondary_score": 0.7933333333333333,
    "eval_secondary_value": 0.76,
    "eval_secondary_delta": -0.033333333333333326,
    "eval_secondary_delta_pct": -4.201680672268907,
    "feat_share_embedded_pct": 99.99999999999997,
    "feat_share_raw_pct": 0,
    "feat_active_embedded_pct": 86.36363636363636,
    "feat_active_raw_pct": 0,
    "feat_cr5_pct": 59.96509555064926,
    "feat_cr10_pct": 81.9435032785113,
    "time_tuning_search_secs": 12.865244626998901,
    "time_train_secs": 0.003939628601074219,
    "time_infer_secs": 0.0004379749298095703,
    "time_train_secs_per_1K": 0.006588007694104045,
    "time_infer_secs_per_1K": 0.0029198328653971357,
    "time_total_secs": 14.358691930770874
}