{
    "dataset": "diabetes",
    "algorithm": "catboost",
    "mode": "combined",
    "task_type": "binary",
    "dataset_samples_count": 768,
    "dataset_raw_features_count": 8,
    "feat_total_count": 40,
    "pca_n_components": 32,
    "optimal_trees": 561,
    "tuning_completed": 26,
    "tuning_best_idx": 24,
    "tuning_val_score_0": 0.19055911680911675,
    "tuning_val_score_best": 0.17787393162393172,
    "tuning_overall_gain": 0.012685185185185022,
    "tuning_gain_pct": 6.656824085667748,
    "eval_overfitting_ratio": 0.876609205758103,
    "primary_metric": "1-AUROC",
    "tabpfn_primary_score": 0.13203703703703706,
    "eval_primary_value": 0.1559259259259259,
    "eval_primary_delta": 0.02388888888888885,
    "eval_primary_delta_pct": 18.092566619915814,
    "secondary_metric": "Accuracy",
    "tabpfn_secondary_score": 0.7597402597402597,
    "eval_secondary_value": 0.7792207792207793,
    "eval_secondary_delta": 0.019480519480519543,
    "eval_secondary_delta_pct": 2.5641025641025723,
    "feat_share_embedded_pct": 64.04518526930002,
    "feat_share_raw_pct": 35.95481473069997,
    "feat_active_embedded_pct": 100.0,
    "feat_active_raw_pct": 100.0,
    "feat_cr5_pct": 34.95725434469536,
    "feat_cr10_pct": 48.322231928897835,
    "time_tuning_search_secs": 174.5792407989502,
    "time_train_secs": 1.1598763465881348,
    "time_infer_secs": 0.002326488494873047,
    "time_train_secs_per_1K": 1.889049424410643,
    "time_infer_secs_per_1K": 0.01510706814852628,
    "time_total_secs": 177.24104237556458
}