{
    "dataset": "superconductivity",
    "algorithm": "xgboost",
    "mode": "embed-only",
    "task_type": "regression",
    "dataset_samples_count": 21263,
    "dataset_raw_features_count": 81,
    "feat_total_count": 70,
    "pca_n_components": 70,
    "optimal_trees": 1000,
    "tuning_completed": 26,
    "tuning_best_idx": 23,
    "tuning_val_score_0": 9.081664197292195,
    "tuning_val_score_best": 8.892337434573733,
    "tuning_overall_gain": 0.18932676271846205,
    "tuning_gain_pct": 2.0847144158326407,
    "eval_overfitting_ratio": 1.000670666388478,
    "primary_metric": "RMSE",
    "tabpfn_primary_score": 8.967884575443701,
    "eval_primary_value": 8.898301226406106,
    "eval_primary_delta": -0.069583349037595,
    "eval_primary_delta_pct": -0.7759170900585799,
    "secondary_metric": "R2_Score",
    "tabpfn_secondary_score": 0.9315355911199428,
    "eval_secondary_value": 0.9325939233366976,
    "eval_secondary_delta": 0.001058332216754776,
    "eval_secondary_delta_pct": 0.11361157070578391,
    "feat_share_embedded_pct": 100.00000000000003,
    "feat_share_raw_pct": 0,
    "feat_active_embedded_pct": 100.0,
    "feat_active_raw_pct": 0,
    "feat_cr5_pct": 90.80609363782645,
    "feat_cr10_pct": 95.15387236540467,
    "time_tuning_search_secs": 1949.4596605300903,
    "time_train_secs": 22.65394139289856,
    "time_infer_secs": 0.031040191650390625,
    "time_train_secs_per_1K": 1.3318013752438893,
    "time_infer_secs_per_1K": 0.007298422678201417,
    "time_total_secs": 1974.2659695148468
}