{
    "dataset": "website_phishing",
    "algorithm": "xgboost",
    "mode": "embed-only",
    "task_type": "multiclass",
    "dataset_samples_count": 1353,
    "dataset_raw_features_count": 9,
    "feat_total_count": 27,
    "pca_n_components": 27,
    "optimal_trees": 1000,
    "tuning_completed": 26,
    "tuning_best_idx": 13,
    "tuning_val_score_0": 0.2716006680688601,
    "tuning_val_score_best": 0.2506626422365966,
    "tuning_overall_gain": 0.02093802583226345,
    "tuning_gain_pct": 7.709121623719624,
    "eval_overfitting_ratio": 1.3099406973959646,
    "primary_metric": "Log_Loss",
    "tabpfn_primary_score": 0.26726963543778837,
    "eval_primary_value": 0.3283531963825226,
    "eval_primary_delta": 0.061083560944734216,
    "eval_primary_delta_pct": 22.8546579354887,
    "secondary_metric": "Accuracy",
    "tabpfn_secondary_score": 0.8856088560885609,
    "eval_secondary_value": 0.8892988929889298,
    "eval_secondary_delta": 0.0036900369003689537,
    "eval_secondary_delta_pct": 0.416666666666661,
    "feat_share_embedded_pct": 99.99999999999999,
    "feat_share_raw_pct": 0,
    "feat_active_embedded_pct": 100.0,
    "feat_active_raw_pct": 0,
    "feat_cr5_pct": 54.73532604694411,
    "feat_cr10_pct": 73.25202945809373,
    "time_tuning_search_secs": 489.10198950767517,
    "time_train_secs": 4.293767213821411,
    "time_infer_secs": 0.009348630905151367,
    "time_train_secs_per_1K": 3.968361565454169,
    "time_infer_secs_per_1K": 0.03449679300793862,
    "time_total_secs": 494.93400740623474
}