{
    "dataset": "apsfailure",
    "algorithm": "catboost",
    "mode": "embed-only",
    "task_type": "binary",
    "dataset_samples_count": 76000,
    "dataset_raw_features_count": 170,
    "feat_total_count": 41,
    "pca_n_components": 41,
    "optimal_trees": 670,
    "tuning_completed": 26,
    "tuning_best_idx": 20,
    "tuning_val_score_0": 0.010999197866152777,
    "tuning_val_score_best": 0.007031159300257439,
    "tuning_overall_gain": 0.003968038565895338,
    "tuning_gain_pct": 36.075708557857325,
    "eval_overfitting_ratio": 0.830811996197969,
    "primary_metric": "1-AUROC",
    "tabpfn_primary_score": 0.004460849703060821,
    "eval_primary_value": 0.005841571493832798,
    "eval_primary_delta": 0.001380721790771977,
    "eval_primary_delta_pct": 30.95199082418294,
    "secondary_metric": "Accuracy",
    "tabpfn_secondary_score": 0.995,
    "eval_secondary_value": 0.9944078947368421,
    "eval_secondary_delta": -0.0005921052631578938,
    "eval_secondary_delta_pct": -0.059508066649034554,
    "feat_share_embedded_pct": 99.99999999999999,
    "feat_share_raw_pct": 0,
    "feat_active_embedded_pct": 100.0,
    "feat_active_raw_pct": 0,
    "feat_cr5_pct": 30.36060008383265,
    "feat_cr10_pct": 45.02847826698974,
    "time_tuning_search_secs": 469.4620280265808,
    "time_train_secs": 3.2325439453125,
    "time_infer_secs": 0.0032007694244384766,
    "time_train_secs_per_1K": 0.0531668412057977,
    "time_infer_secs_per_1K": 0.00021057693581832084,
    "time_total_secs": 476.6321213245392
}