{
    "dataset": "miami_housing",
    "algorithm": "xgboost",
    "mode": "embed-only",
    "task_type": "regression",
    "dataset_samples_count": 13776,
    "dataset_raw_features_count": 15,
    "feat_total_count": 73,
    "pca_n_components": 73,
    "optimal_trees": 488,
    "tuning_completed": 26,
    "tuning_best_idx": 19,
    "tuning_val_score_0": 85370.49594441857,
    "tuning_val_score_best": 80360.53108927057,
    "tuning_overall_gain": 5009.964855147991,
    "tuning_gain_pct": 5.868496838075986,
    "eval_overfitting_ratio": 1.0289980195365531,
    "primary_metric": "RMSE",
    "tabpfn_primary_score": 80937.77470144341,
    "eval_primary_value": 82690.82733976503,
    "eval_primary_delta": 1753.0526383216202,
    "eval_primary_delta_pct": 2.165926410490202,
    "secondary_metric": "R2_Score",
    "tabpfn_secondary_score": 0.9386201225076625,
    "eval_secondary_value": 0.9359324417964379,
    "eval_secondary_delta": -0.002687680711224605,
    "eval_secondary_delta_pct": -0.2863438196960948,
    "feat_share_embedded_pct": 100.00000000000003,
    "feat_share_raw_pct": 0,
    "feat_active_embedded_pct": 100.0,
    "feat_active_raw_pct": 0,
    "feat_cr5_pct": 89.03277420041364,
    "feat_cr10_pct": 96.48354133633615,
    "time_tuning_search_secs": 367.3064868450165,
    "time_train_secs": 1.1239187717437744,
    "time_infer_secs": 0.00507354736328125,
    "time_train_secs_per_1K": 0.10198899925079623,
    "time_infer_secs_per_1K": 0.0018409097834837628,
    "time_total_secs": 370.63633251190186
}