{
    "dataset": "hr_analytics_job_change_of_data_scientists",
    "algorithm": "xgboost",
    "mode": "raw-only",
    "task_type": "binary",
    "dataset_samples_count": 19158,
    "dataset_raw_features_count": 12,
    "feat_total_count": 12,
    "pca_n_components": 36,
    "optimal_trees": 305,
    "tuning_completed": 26,
    "tuning_best_idx": 23,
    "tuning_val_score_0": 0.2000723850833318,
    "tuning_val_score_best": 0.19123976514135843,
    "tuning_overall_gain": 0.008832619941973374,
    "tuning_gain_pct": 4.414712174443522,
    "eval_overfitting_ratio": 1.1569672540359954,
    "primary_metric": "1-AUROC",
    "tabpfn_primary_score": 0.2034192467065935,
    "eval_primary_value": 0.22125814593808613,
    "eval_primary_delta": 0.017838899231492622,
    "eval_primary_delta_pct": 8.769523789075365,
    "secondary_metric": "Accuracy",
    "tabpfn_secondary_score": 0.7904488517745303,
    "eval_secondary_value": 0.7640918580375783,
    "eval_secondary_delta": -0.026356993736951995,
    "eval_secondary_delta_pct": -3.334433806536812,
    "feat_share_embedded_pct": 0,
    "feat_share_raw_pct": 100.0,
    "feat_active_embedded_pct": 0,
    "feat_active_raw_pct": 100.0,
    "feat_cr5_pct": 83.79472486585911,
    "feat_cr10_pct": 97.40094982750742,
    "time_tuning_search_secs": 281.2446491718292,
    "time_train_secs": 0.9290413856506348,
    "time_infer_secs": 0.012455940246582031,
    "time_train_secs_per_1K": 0.06061864711279099,
    "time_infer_secs_per_1K": 0.003250506327396146,
    "time_total_secs": 283.97155141830444
}