{
    "dataset": "physiochemical_protein",
    "algorithm": "catboost",
    "mode": "combined",
    "task_type": "regression",
    "dataset_samples_count": 45730,
    "dataset_raw_features_count": 9,
    "feat_total_count": 96,
    "pca_n_components": 87,
    "optimal_trees": 1000,
    "tuning_completed": 26,
    "tuning_best_idx": 13,
    "tuning_val_score_0": 2.9618618833525803,
    "tuning_val_score_best": 2.8869632773200857,
    "tuning_overall_gain": 0.07489860603249454,
    "tuning_gain_pct": 2.528767680001188,
    "eval_overfitting_ratio": 0.9750614113573991,
    "primary_metric": "RMSE",
    "tabpfn_primary_score": 2.8268602129706855,
    "eval_primary_value": 2.8149664877207052,
    "eval_primary_delta": -0.011893725249980225,
    "eval_primary_delta_pct": -0.42073977324408873,
    "secondary_metric": "R2_Score",
    "tabpfn_secondary_score": 0.7868861628452948,
    "eval_secondary_value": 0.7886756996128406,
    "eval_secondary_delta": 0.0017895367675457852,
    "eval_secondary_delta_pct": 0.22742003253367868,
    "feat_share_embedded_pct": 97.66976191452314,
    "feat_share_raw_pct": 2.3302380854768567,
    "feat_active_embedded_pct": 100.0,
    "feat_active_raw_pct": 100.0,
    "feat_cr5_pct": 92.6615183975111,
    "feat_cr10_pct": 93.83232696863767,
    "time_tuning_search_secs": 3829.965083360672,
    "time_train_secs": 23.29206895828247,
    "time_infer_secs": 0.02426290512084961,
    "time_train_secs_per_1K": 0.6366736540094705,
    "time_infer_secs_per_1K": 0.002652843332697311,
    "time_total_secs": 3855.3996891975403
}