{
    "dataset": "miami_housing",
    "algorithm": "catboost",
    "mode": "combined",
    "task_type": "regression",
    "dataset_samples_count": 13776,
    "dataset_raw_features_count": 15,
    "feat_total_count": 88,
    "pca_n_components": 73,
    "optimal_trees": 1000,
    "tuning_completed": 26,
    "tuning_best_idx": 11,
    "tuning_val_score_0": 87408.51518725214,
    "tuning_val_score_best": 78321.13396003864,
    "tuning_overall_gain": 9087.381227213496,
    "tuning_gain_pct": 10.396448455560565,
    "eval_overfitting_ratio": 1.0084556145708046,
    "primary_metric": "RMSE",
    "tabpfn_primary_score": 80937.77470144341,
    "eval_primary_value": 78983.38728155308,
    "eval_primary_delta": -1954.3874198903359,
    "eval_primary_delta_pct": -2.4146789643025386,
    "secondary_metric": "R2_Score",
    "tabpfn_secondary_score": 0.9386201225076625,
    "eval_secondary_value": 0.941548587879252,
    "eval_secondary_delta": 0.002928465371589528,
    "eval_secondary_delta_pct": 0.311996866609433,
    "feat_share_embedded_pct": 95.7104388551378,
    "feat_share_raw_pct": 4.289561144862229,
    "feat_active_embedded_pct": 100.0,
    "feat_active_raw_pct": 100.0,
    "feat_cr5_pct": 80.86722489887163,
    "feat_cr10_pct": 86.68198475655508,
    "time_tuning_search_secs": 757.0542721748352,
    "time_train_secs": 4.555375337600708,
    "time_infer_secs": 0.0035452842712402344,
    "time_train_secs_per_1K": 0.4133734426134944,
    "time_infer_secs_per_1K": 0.0012863876165603173,
    "time_total_secs": 763.3387362957001
}