{
    "dataset": "bank_customer_churn",
    "algorithm": "lightgbm",
    "mode": "embed-only",
    "task_type": "binary",
    "dataset_samples_count": 10000,
    "dataset_raw_features_count": 10,
    "feat_total_count": 20,
    "pca_n_components": 20,
    "optimal_trees": 534,
    "tuning_completed": 26,
    "tuning_best_idx": 25,
    "tuning_val_score_0": 0.14128777099798273,
    "tuning_val_score_best": 0.13461057442734514,
    "tuning_overall_gain": 0.006677196570637589,
    "tuning_gain_pct": 4.725955065660229,
    "eval_overfitting_ratio": 0.9284112556777853,
    "primary_metric": "1-AUROC",
    "tabpfn_primary_score": 0.12259254632135974,
    "eval_primary_value": 0.12497397243159947,
    "eval_primary_delta": 0.002381426110239726,
    "eval_primary_delta_pct": 1.9425537536329005,
    "secondary_metric": "Accuracy",
    "tabpfn_secondary_score": 0.869,
    "eval_secondary_value": 0.8695,
    "eval_secondary_delta": 0.000500000000000056,
    "eval_secondary_delta_pct": 0.057537399309557646,
    "feat_share_embedded_pct": 99.99999999999999,
    "feat_share_raw_pct": 0,
    "feat_active_embedded_pct": 100.0,
    "feat_active_raw_pct": 0,
    "feat_cr5_pct": 53.90366880808135,
    "feat_cr10_pct": 81.82177010425018,
    "time_tuning_search_secs": 124.678786277771,
    "time_train_secs": 0.7611546516418457,
    "time_infer_secs": 0.009970903396606445,
    "time_train_secs_per_1K": 0.09514433145523071,
    "time_infer_secs_per_1K": 0.004985451698303223,
    "time_total_secs": 126.92670464515686
}