{
    "dataset": "mic",
    "algorithm": "catboost",
    "mode": "embed-only",
    "task_type": "multiclass",
    "dataset_samples_count": 1699,
    "dataset_raw_features_count": 111,
    "feat_total_count": 30,
    "pca_n_components": 30,
    "optimal_trees": 1000,
    "tuning_completed": 26,
    "tuning_best_idx": 16,
    "tuning_val_score_0": 0.51208729256436,
    "tuning_val_score_best": 0.4603174460088753,
    "tuning_overall_gain": 0.05176984655548472,
    "tuning_gain_pct": 10.109574540746527,
    "eval_overfitting_ratio": 1.0165880765971536,
    "primary_metric": "Log_Loss",
    "tabpfn_primary_score": 0.45523432170328487,
    "eval_primary_value": 0.46795322706227666,
    "eval_primary_delta": 0.012718905358991783,
    "eval_primary_delta_pct": 2.7939249640500043,
    "secondary_metric": "Accuracy",
    "tabpfn_secondary_score": 0.888235294117647,
    "eval_secondary_value": 0.8823529411764706,
    "eval_secondary_delta": -0.00588235294117645,
    "eval_secondary_delta_pct": -0.6622516556291367,
    "feat_share_embedded_pct": 99.99999999999999,
    "feat_share_raw_pct": 0,
    "feat_active_embedded_pct": 100.0,
    "feat_active_raw_pct": 0,
    "feat_cr5_pct": 39.606395664712245,
    "feat_cr10_pct": 54.70073062818017,
    "time_tuning_search_secs": 419.86306715011597,
    "time_train_secs": 2.7379391193389893,
    "time_infer_secs": 0.00410914421081543,
    "time_train_secs_per_1K": 2.014671905326703,
    "time_infer_secs_per_1K": 0.012085718267104204,
    "time_total_secs": 424.8764650821686
}