{
    "dataset": "e-commereshippingdata",
    "algorithm": "xgboost",
    "mode": "embed-only",
    "task_type": "binary",
    "dataset_samples_count": 10999,
    "dataset_raw_features_count": 10,
    "feat_total_count": 11,
    "pca_n_components": 11,
    "optimal_trees": 4,
    "tuning_completed": 26,
    "tuning_best_idx": 13,
    "tuning_val_score_0": 0.2564730213415166,
    "tuning_val_score_best": 0.2507323077147299,
    "tuning_overall_gain": 0.005740713626786742,
    "tuning_gain_pct": 2.2383304086952958,
    "eval_overfitting_ratio": 1.009148234916074,
    "primary_metric": "1-AUROC",
    "tabpfn_primary_score": 0.2576305284678151,
    "eval_primary_value": 0.25302606576675357,
    "eval_primary_delta": -0.004604462701061518,
    "eval_primary_delta_pct": -1.7872348934907916,
    "secondary_metric": "Accuracy",
    "tabpfn_secondary_score": 0.6822727272727273,
    "eval_secondary_value": 0.5968181818181818,
    "eval_secondary_delta": -0.08545454545454545,
    "eval_secondary_delta_pct": -12.524983344437041,
    "feat_share_embedded_pct": 100.00000000000001,
    "feat_share_raw_pct": 0,
    "feat_active_embedded_pct": 100.0,
    "feat_active_raw_pct": 0,
    "feat_cr5_pct": 97.58460765515652,
    "feat_cr10_pct": 99.72917520321711,
    "time_tuning_search_secs": 59.140342473983765,
    "time_train_secs": 0.008227348327636719,
    "time_infer_secs": 0.0005636215209960938,
    "time_train_secs_per_1K": 0.0009350321999814432,
    "time_infer_secs_per_1K": 0.0002561916004527699,
    "time_total_secs": 60.753597259521484
}