{
    "dataset": "taiwanese_bankruptcy_prediction",
    "algorithm": "catboost",
    "mode": "combined",
    "task_type": "binary",
    "dataset_samples_count": 6819,
    "dataset_raw_features_count": 94,
    "feat_total_count": 126,
    "pca_n_components": 32,
    "optimal_trees": 1000,
    "tuning_completed": 26,
    "tuning_best_idx": 5,
    "tuning_val_score_0": 0.05820553357411895,
    "tuning_val_score_best": 0.0491140627547374,
    "tuning_overall_gain": 0.009091470819381553,
    "tuning_gain_pct": 15.619598792620756,
    "eval_overfitting_ratio": 0.885525104171817,
    "primary_metric": "1-AUROC",
    "tabpfn_primary_score": 0.0431818181818181,
    "eval_primary_value": 0.04349173553718999,
    "eval_primary_delta": 0.00030991735537189147,
    "eval_primary_delta_pct": 0.7177033492822764,
    "secondary_metric": "Accuracy",
    "tabpfn_secondary_score": 0.9736070381231672,
    "eval_secondary_value": 0.9728739002932552,
    "eval_secondary_delta": -0.0007331378299120228,
    "eval_secondary_delta_pct": -0.07530120481927703,
    "feat_share_embedded_pct": 21.84051968827748,
    "feat_share_raw_pct": 78.15948031172248,
    "feat_active_embedded_pct": 100.0,
    "feat_active_raw_pct": 100.0,
    "feat_cr5_pct": 13.593563447560967,
    "feat_cr10_pct": 23.457822142896116,
    "time_tuning_search_secs": 946.644327878952,
    "time_train_secs": 10.056185483932495,
    "time_infer_secs": 0.008953094482421875,
    "time_train_secs_per_1K": 1.8434803820224555,
    "time_infer_secs_per_1K": 0.006563852259840084,
    "time_total_secs": 958.5618152618408
}