{
    "dataset": "miami_housing",
    "algorithm": "lightgbm",
    "mode": "embed-only",
    "task_type": "regression",
    "dataset_samples_count": 13776,
    "dataset_raw_features_count": 15,
    "feat_total_count": 73,
    "pca_n_components": 73,
    "optimal_trees": 596,
    "tuning_completed": 26,
    "tuning_best_idx": 15,
    "tuning_val_score_0": 83593.73799014036,
    "tuning_val_score_best": 79473.48287698785,
    "tuning_overall_gain": 4120.255113152511,
    "tuning_gain_pct": 4.928904021062538,
    "eval_overfitting_ratio": 1.0158636523048528,
    "primary_metric": "RMSE",
    "tabpfn_primary_score": 80937.77470144341,
    "eval_primary_value": 80734.22257680405,
    "eval_primary_delta": -203.55212463936186,
    "eval_primary_delta_pct": -0.25149211896448614,
    "secondary_metric": "R2_Score",
    "tabpfn_secondary_score": 0.9386201225076625,
    "eval_secondary_value": 0.938928465399505,
    "eval_secondary_delta": 0.00030834289184256125,
    "eval_secondary_delta_pct": 0.03285065858366403,
    "feat_share_embedded_pct": 99.99999999999999,
    "feat_share_raw_pct": 0,
    "feat_active_embedded_pct": 100.0,
    "feat_active_raw_pct": 0,
    "feat_cr5_pct": 83.2046834953286,
    "feat_cr10_pct": 95.54648425408398,
    "time_tuning_search_secs": 155.75563502311707,
    "time_train_secs": 0.6478760242462158,
    "time_infer_secs": 0.009217262268066406,
    "time_train_secs_per_1K": 0.058790927790037736,
    "time_infer_secs_per_1K": 0.0033444347852200317,
    "time_total_secs": 157.98389053344727
}