{
    "dataset": "another-dataset-on-used-fiat-500",
    "algorithm": "xgboost",
    "mode": "raw-only",
    "task_type": "regression",
    "dataset_samples_count": 1538,
    "dataset_raw_features_count": 7,
    "feat_total_count": 7,
    "pca_n_components": 54,
    "optimal_trees": 530,
    "tuning_completed": 26,
    "tuning_best_idx": 18,
    "tuning_val_score_0": 776.7764184943194,
    "tuning_val_score_best": 728.4311968204076,
    "tuning_overall_gain": 48.34522167391174,
    "tuning_gain_pct": 6.2238271557757505,
    "eval_overfitting_ratio": 1.0469247622574298,
    "primary_metric": "RMSE",
    "tabpfn_primary_score": 727.5813856404222,
    "eval_primary_value": 762.6126575521004,
    "eval_primary_delta": 35.03127191167812,
    "eval_primary_delta_pct": 4.81475647990133,
    "secondary_metric": "R2_Score",
    "tabpfn_secondary_score": 0.8715566241829944,
    "eval_secondary_value": 0.8588903967706936,
    "eval_secondary_delta": -0.012666227412300834,
    "eval_secondary_delta_pct": -1.4532879517924928,
    "feat_share_embedded_pct": 0,
    "feat_share_raw_pct": 99.99999999999999,
    "feat_active_embedded_pct": 0,
    "feat_active_raw_pct": 100.0,
    "feat_cr5_pct": 97.4059617559053,
    "feat_cr10_pct": 99.99999999999999,
    "time_tuning_search_secs": 187.31619834899902,
    "time_train_secs": 1.0408556461334229,
    "time_infer_secs": 0.002599000930786133,
    "time_train_secs_per_1K": 0.8462241025474982,
    "time_infer_secs_per_1K": 0.008438314710344588,
    "time_total_secs": 190.00768446922302
}