{
    "dataset": "another-dataset-on-used-fiat-500",
    "algorithm": "xgboost",
    "mode": "combined",
    "task_type": "regression",
    "dataset_samples_count": 1538,
    "dataset_raw_features_count": 7,
    "feat_total_count": 61,
    "pca_n_components": 54,
    "optimal_trees": 713,
    "tuning_completed": 26,
    "tuning_best_idx": 25,
    "tuning_val_score_0": 773.3170254438116,
    "tuning_val_score_best": 714.4418363830534,
    "tuning_overall_gain": 58.8751890607582,
    "tuning_gain_pct": 7.613331547558952,
    "eval_overfitting_ratio": 1.0596791777342551,
    "primary_metric": "RMSE",
    "tabpfn_primary_score": 727.5813856404222,
    "eval_primary_value": 757.0791377173452,
    "eval_primary_delta": 29.497752076923007,
    "eval_primary_delta_pct": 4.05422027818357,
    "secondary_metric": "R2_Score",
    "tabpfn_secondary_score": 0.8715566241829944,
    "eval_secondary_value": 0.8609307508562409,
    "eval_secondary_delta": -0.010625873326753466,
    "eval_secondary_delta_pct": -1.2191833590518875,
    "feat_share_embedded_pct": 76.09043626952754,
    "feat_share_raw_pct": 23.90956373047245,
    "feat_active_embedded_pct": 100.0,
    "feat_active_raw_pct": 100.0,
    "feat_cr5_pct": 93.17043156276186,
    "feat_cr10_pct": 94.91328444107204,
    "time_tuning_search_secs": 252.29669666290283,
    "time_train_secs": 0.6073086261749268,
    "time_infer_secs": 0.0013828277587890625,
    "time_train_secs_per_1K": 0.493746850548721,
    "time_infer_secs_per_1K": 0.004489700515548904,
    "time_total_secs": 254.35432839393616
}