{
    "dataset": "online_shoppers_intention",
    "algorithm": "lightgbm",
    "mode": "embed-only",
    "task_type": "binary",
    "dataset_samples_count": 12330,
    "dataset_raw_features_count": 17,
    "feat_total_count": 21,
    "pca_n_components": 21,
    "optimal_trees": 234,
    "tuning_completed": 26,
    "tuning_best_idx": 13,
    "tuning_val_score_0": 0.06714562938738033,
    "tuning_val_score_best": 0.0644944291791838,
    "tuning_overall_gain": 0.002651200208196536,
    "tuning_gain_pct": 3.9484330289036125,
    "eval_overfitting_ratio": 1.0166089799694669,
    "primary_metric": "1-AUROC",
    "tabpfn_primary_score": 0.06073574780677515,
    "eval_primary_value": 0.06556561586156306,
    "eval_primary_delta": 0.004829868054787911,
    "eval_primary_delta_pct": 7.952265723563105,
    "secondary_metric": "Accuracy",
    "tabpfn_secondary_score": 0.9014598540145985,
    "eval_secondary_value": 0.8986212489862125,
    "eval_secondary_delta": -0.0028386050283859543,
    "eval_secondary_delta_pct": -0.31488978857398847,
    "feat_share_embedded_pct": 100.0,
    "feat_share_raw_pct": 0,
    "feat_active_embedded_pct": 100.0,
    "feat_active_raw_pct": 0,
    "feat_cr5_pct": 58.19231188739454,
    "feat_cr10_pct": 83.98058713602157,
    "time_tuning_search_secs": 97.98077607154846,
    "time_train_secs": 0.17058253288269043,
    "time_infer_secs": 0.004067659378051758,
    "time_train_secs_per_1K": 0.01729344412841549,
    "time_infer_secs_per_1K": 0.0016494969091856275,
    "time_total_secs": 100.77066493034363
}