{
    "dataset": "mic",
    "algorithm": "lightgbm",
    "mode": "embed-only",
    "task_type": "multiclass",
    "dataset_samples_count": 1699,
    "dataset_raw_features_count": 111,
    "feat_total_count": 30,
    "pca_n_components": 30,
    "optimal_trees": 837,
    "tuning_completed": 26,
    "tuning_best_idx": 19,
    "tuning_val_score_0": 0.5075573857165194,
    "tuning_val_score_best": 0.4677400354125859,
    "tuning_overall_gain": 0.03981735030393352,
    "tuning_gain_pct": 7.844896247095945,
    "eval_overfitting_ratio": 1.0157114980366198,
    "primary_metric": "Log_Loss",
    "tabpfn_primary_score": 0.45523432170328487,
    "eval_primary_value": 0.4750889320606192,
    "eval_primary_delta": 0.019854610357334324,
    "eval_primary_delta_pct": 4.361404536250074,
    "secondary_metric": "Accuracy",
    "tabpfn_secondary_score": 0.888235294117647,
    "eval_secondary_value": 0.8911764705882353,
    "eval_secondary_delta": 0.002941176470588336,
    "eval_secondary_delta_pct": 0.33112582781458083,
    "feat_share_embedded_pct": 100.00000000000001,
    "feat_share_raw_pct": 0,
    "feat_active_embedded_pct": 100.0,
    "feat_active_raw_pct": 0,
    "feat_cr5_pct": 79.18671526536251,
    "feat_cr10_pct": 87.7887186940032,
    "time_tuning_search_secs": 133.62073493003845,
    "time_train_secs": 0.5243582725524902,
    "time_infer_secs": 0.0050580501556396484,
    "time_train_secs_per_1K": 0.3858412601563578,
    "time_infer_secs_per_1K": 0.014876618104822494,
    "time_total_secs": 136.1484818458557
}