{
    "dataset": "splice",
    "algorithm": "xgboost",
    "mode": "raw-only",
    "task_type": "multiclass",
    "dataset_samples_count": 3190,
    "dataset_raw_features_count": 60,
    "feat_total_count": 60,
    "pca_n_components": 33,
    "optimal_trees": 840,
    "tuning_completed": 26,
    "tuning_best_idx": 12,
    "tuning_val_score_0": 0.11407458305402998,
    "tuning_val_score_best": 0.11119464134709321,
    "tuning_overall_gain": 0.00287994170693677,
    "tuning_gain_pct": 2.524612959201194,
    "eval_overfitting_ratio": 5.073633734431882,
    "primary_metric": "Log_Loss",
    "tabpfn_primary_score": 0.10458652604603381,
    "eval_primary_value": 0.5641608834266663,
    "eval_primary_delta": 0.45957435738063246,
    "eval_primary_delta_pct": 439.42023390121074,
    "secondary_metric": "Accuracy",
    "tabpfn_secondary_score": 0.9717868338557993,
    "eval_secondary_value": 0.7586206896551724,
    "eval_secondary_delta": -0.21316614420062696,
    "eval_secondary_delta_pct": -21.935483870967744,
    "feat_share_embedded_pct": 0,
    "feat_share_raw_pct": 100.00000000000001,
    "feat_active_embedded_pct": 0,
    "feat_active_raw_pct": 100.0,
    "feat_cr5_pct": 72.76458209465761,
    "feat_cr10_pct": 86.04958357527757,
    "time_tuning_search_secs": 352.14084339141846,
    "time_train_secs": 1.598107099533081,
    "time_infer_secs": 0.018701791763305664,
    "time_train_secs_per_1K": 0.6262175154910192,
    "time_infer_secs_per_1K": 0.029313153234021415,
    "time_total_secs": 356.00304532051086
}