{
    "dataset": "kddcup09_appetency",
    "algorithm": "lightgbm",
    "mode": "combined",
    "task_type": "binary",
    "dataset_samples_count": 50000,
    "dataset_raw_features_count": 212,
    "feat_total_count": 248,
    "pca_n_components": 36,
    "optimal_trees": 36,
    "tuning_completed": 26,
    "tuning_best_idx": 25,
    "tuning_val_score_0": 0.21844520670176326,
    "tuning_val_score_best": 0.17081122634580925,
    "tuning_overall_gain": 0.04763398035595401,
    "tuning_gain_pct": 21.80591695060046,
    "eval_overfitting_ratio": 1.0620194754748318,
    "primary_metric": "1-AUROC",
    "tabpfn_primary_score": 0.18370534846103337,
    "eval_primary_value": 0.18140484900898912,
    "eval_primary_delta": -0.0023004994520442468,
    "eval_primary_delta_pct": -1.2522767961392354,
    "secondary_metric": "Accuracy",
    "tabpfn_secondary_score": 0.9822,
    "eval_secondary_value": 0.9822,
    "eval_secondary_delta": 0.0,
    "eval_secondary_delta_pct": 0.0,
    "feat_share_embedded_pct": 19.221409664846966,
    "feat_share_raw_pct": 80.77859033515301,
    "feat_active_embedded_pct": 75.0,
    "feat_active_raw_pct": 47.64150943396226,
    "feat_cr5_pct": 56.765999545977564,
    "feat_cr10_pct": 76.31637101186327,
    "time_tuning_search_secs": 218.81298923492432,
    "time_train_secs": 0.4431760311126709,
    "time_infer_secs": 0.03613567352294922,
    "time_train_secs_per_1K": 0.011079400777816772,
    "time_infer_secs_per_1K": 0.003613567352294922,
    "time_total_secs": 222.8992202281952
}