{
    "dataset": "credit-g",
    "algorithm": "xgboost",
    "mode": "combined",
    "task_type": "binary",
    "dataset_samples_count": 1000,
    "dataset_raw_features_count": 20,
    "feat_total_count": 62,
    "pca_n_components": 42,
    "optimal_trees": 72,
    "tuning_completed": 26,
    "tuning_best_idx": 19,
    "tuning_val_score_0": 0.22499999999999998,
    "tuning_val_score_best": 0.1964285714285714,
    "tuning_overall_gain": 0.02857142857142858,
    "tuning_gain_pct": 12.698412698412703,
    "eval_overfitting_ratio": 1.304242424242424,
    "primary_metric": "1-AUROC",
    "tabpfn_primary_score": 0.22690476190476194,
    "eval_primary_value": 0.2561904761904761,
    "eval_primary_delta": 0.029285714285714137,
    "eval_primary_delta_pct": 12.906610703042954,
    "secondary_metric": "Accuracy",
    "tabpfn_secondary_score": 0.75,
    "eval_secondary_value": 0.76,
    "eval_secondary_delta": 0.010000000000000009,
    "eval_secondary_delta_pct": 1.3333333333333344,
    "feat_share_embedded_pct": 76.39343525381479,
    "feat_share_raw_pct": 23.606564746185207,
    "feat_active_embedded_pct": 100.0,
    "feat_active_raw_pct": 95.0,
    "feat_cr5_pct": 35.31079944906004,
    "feat_cr10_pct": 49.88403036107628,
    "time_tuning_search_secs": 91.8780665397644,
    "time_train_secs": 0.06714153289794922,
    "time_infer_secs": 0.0007042884826660156,
    "time_train_secs_per_1K": 0.08392691612243652,
    "time_infer_secs_per_1K": 0.003521442413330078,
    "time_total_secs": 93.59544467926025
}