{
    "dataset": "food_delivery_time",
    "algorithm": "catboost",
    "mode": "raw-only",
    "task_type": "regression",
    "dataset_samples_count": 45451,
    "dataset_raw_features_count": 9,
    "feat_total_count": 9,
    "pca_n_components": 34,
    "optimal_trees": 1000,
    "tuning_completed": 26,
    "tuning_best_idx": 21,
    "tuning_val_score_0": 8.042414405254485,
    "tuning_val_score_best": 7.384586075059598,
    "tuning_overall_gain": 0.6578283301948868,
    "tuning_gain_pct": 8.179488111991553,
    "eval_overfitting_ratio": 0.9978822698905705,
    "primary_metric": "RMSE",
    "tabpfn_primary_score": 7.406528158962125,
    "eval_primary_value": 7.3689475147827705,
    "eval_primary_delta": -0.03758064417935447,
    "eval_primary_delta_pct": -0.5073989239328112,
    "secondary_metric": "R2_Score",
    "tabpfn_secondary_score": 0.36501583853960906,
    "eval_secondary_value": 0.3714432962442472,
    "eval_secondary_delta": 0.006427457704638151,
    "eval_secondary_delta_pct": 1.7608709064115546,
    "feat_share_embedded_pct": 0,
    "feat_share_raw_pct": 100.0,
    "feat_active_embedded_pct": 0,
    "feat_active_raw_pct": 100.0,
    "feat_cr5_pct": 84.25194913355087,
    "feat_cr10_pct": 100.0,
    "time_tuning_search_secs": 1024.472769021988,
    "time_train_secs": 2.4450604915618896,
    "time_infer_secs": 0.009953498840332031,
    "time_train_secs_per_1K": 0.06724588810676264,
    "time_infer_secs_per_1K": 0.0010948739236972865,
    "time_total_secs": 1028.8031458854675
}