{
    "dataset": "airfoil_self_noise",
    "algorithm": "catboost",
    "mode": "raw-only",
    "task_type": "regression",
    "dataset_samples_count": 1503,
    "dataset_raw_features_count": 5,
    "feat_total_count": 5,
    "pca_n_components": 57,
    "optimal_trees": 1000,
    "tuning_completed": 26,
    "tuning_best_idx": 22,
    "tuning_val_score_0": 7.969229033952813,
    "tuning_val_score_best": 1.3408424252712319,
    "tuning_overall_gain": 6.6283866086815815,
    "tuning_gain_pct": 83.1747535481966,
    "eval_overfitting_ratio": 1.054262861559446,
    "primary_metric": "RMSE",
    "tabpfn_primary_score": 0.8975385766269695,
    "eval_primary_value": 1.4136003721667567,
    "eval_primary_delta": 0.5160617955397873,
    "eval_primary_delta_pct": 57.49745013514559,
    "secondary_metric": "R2_Score",
    "tabpfn_secondary_score": 0.9835905950772067,
    "eval_secondary_value": 0.9592957379183209,
    "eval_secondary_delta": -0.024294857158885796,
    "eval_secondary_delta_pct": -2.4700172287616047,
    "feat_share_embedded_pct": 0,
    "feat_share_raw_pct": 100.00000000000001,
    "feat_active_embedded_pct": 0,
    "feat_active_raw_pct": 100.0,
    "feat_cr5_pct": 100.00000000000001,
    "feat_cr10_pct": 100.00000000000001,
    "time_tuning_search_secs": 450.0319881439209,
    "time_train_secs": 2.234308958053589,
    "time_infer_secs": 0.005995750427246094,
    "time_train_secs_per_1K": 1.8588260882309393,
    "time_infer_secs_per_1K": 0.019919436635369082,
    "time_total_secs": 453.79679679870605
}