{
    "dataset": "food_delivery_time",
    "algorithm": "catboost",
    "mode": "embed-only",
    "task_type": "regression",
    "dataset_samples_count": 45451,
    "dataset_raw_features_count": 9,
    "feat_total_count": 34,
    "pca_n_components": 34,
    "optimal_trees": 1000,
    "tuning_completed": 26,
    "tuning_best_idx": 20,
    "tuning_val_score_0": 7.476343909145296,
    "tuning_val_score_best": 7.31553048684653,
    "tuning_overall_gain": 0.16081342229876583,
    "tuning_gain_pct": 2.1509634154476744,
    "eval_overfitting_ratio": 0.9971340204872863,
    "primary_metric": "RMSE",
    "tabpfn_primary_score": 7.406528158962125,
    "eval_primary_value": 7.294564326346595,
    "eval_primary_delta": -0.11196383261552967,
    "eval_primary_delta_pct": -1.511691175845325,
    "secondary_metric": "R2_Score",
    "tabpfn_secondary_score": 0.36501583853960906,
    "eval_secondary_value": 0.38406873038426603,
    "eval_secondary_delta": 0.01905289184465697,
    "eval_secondary_delta_pct": 5.21974386670059,
    "feat_share_embedded_pct": 100.00000000000001,
    "feat_share_raw_pct": 0,
    "feat_active_embedded_pct": 100.0,
    "feat_active_raw_pct": 0,
    "feat_cr5_pct": 73.90743891474486,
    "feat_cr10_pct": 79.42776777462329,
    "time_tuning_search_secs": 2079.0243186950684,
    "time_train_secs": 20.928287506103516,
    "time_infer_secs": 0.02722024917602539,
    "time_train_secs_per_1K": 0.5755854649643432,
    "time_infer_secs_per_1K": 0.002994197467388119,
    "time_total_secs": 2101.866465330124
}