{
    "dataset": "churn",
    "algorithm": "xgboost",
    "mode": "raw-only",
    "task_type": "binary",
    "dataset_samples_count": 5000,
    "dataset_raw_features_count": 19,
    "feat_total_count": 19,
    "pca_n_components": 20,
    "optimal_trees": 42,
    "tuning_completed": 26,
    "tuning_best_idx": 24,
    "tuning_val_score_0": 0.0727224924600457,
    "tuning_val_score_best": 0.0721683572187175,
    "tuning_overall_gain": 0.0005541352413281908,
    "tuning_gain_pct": 0.7619860411586374,
    "eval_overfitting_ratio": 1.383944215157467,
    "primary_metric": "1-AUROC",
    "tabpfn_primary_score": 0.08595678630107573,
    "eval_primary_value": 0.09987698049026172,
    "eval_primary_delta": 0.013920194189185997,
    "eval_primary_delta_pct": 16.19440975890904,
    "secondary_metric": "Accuracy",
    "tabpfn_secondary_score": 0.973,
    "eval_secondary_value": 0.953,
    "eval_secondary_delta": -0.020000000000000018,
    "eval_secondary_delta_pct": -2.0554984583761584,
    "feat_share_embedded_pct": 0,
    "feat_share_raw_pct": 100.0,
    "feat_active_embedded_pct": 0,
    "feat_active_raw_pct": 100.0,
    "feat_cr5_pct": 64.40658779899819,
    "feat_cr10_pct": 88.97718867165084,
    "time_tuning_search_secs": 77.90770888328552,
    "time_train_secs": 0.06630420684814453,
    "time_infer_secs": 0.0008921623229980469,
    "time_train_secs_per_1K": 0.016576051712036133,
    "time_infer_secs_per_1K": 0.0008921623229980469,
    "time_total_secs": 79.90803050994873
}