{
    "dataset": "diamonds",
    "algorithm": "xgboost",
    "mode": "raw-only",
    "task_type": "regression",
    "dataset_samples_count": 53940,
    "dataset_raw_features_count": 9,
    "feat_total_count": 9,
    "pca_n_components": 29,
    "optimal_trees": 194,
    "tuning_completed": 26,
    "tuning_best_idx": 10,
    "tuning_val_score_0": 556.3909676482543,
    "tuning_val_score_best": 546.5461879949398,
    "tuning_overall_gain": 9.844779653314504,
    "tuning_gain_pct": 1.7693996174895297,
    "eval_overfitting_ratio": 0.9384800533250447,
    "primary_metric": "RMSE",
    "tabpfn_primary_score": 474.1404367703237,
    "eval_primary_value": 512.9226956540911,
    "eval_primary_delta": 38.78225888376738,
    "eval_primary_delta_pct": 8.179487737417707,
    "secondary_metric": "R2_Score",
    "tabpfn_secondary_score": 0.9855533059097163,
    "eval_secondary_value": 0.9830933205760378,
    "eval_secondary_delta": -0.002459985333678527,
    "eval_secondary_delta_pct": -0.2496044931235692,
    "feat_share_embedded_pct": 0,
    "feat_share_raw_pct": 100.0,
    "feat_active_embedded_pct": 0,
    "feat_active_raw_pct": 100.0,
    "feat_cr5_pct": 97.50838783096562,
    "feat_cr10_pct": 100.0,
    "time_tuning_search_secs": 932.2467620372772,
    "time_train_secs": 0.6740162372589111,
    "time_infer_secs": 0.013204097747802734,
    "time_train_secs_per_1K": 0.015619582806333684,
    "time_infer_secs_per_1K": 0.0012239616006491226,
    "time_total_secs": 935.8268775939941
}