{
    "dataset": "coil2000_insurance_policies",
    "algorithm": "xgboost",
    "mode": "combined",
    "task_type": "binary",
    "dataset_samples_count": 9822,
    "dataset_raw_features_count": 85,
    "feat_total_count": 142,
    "pca_n_components": 57,
    "optimal_trees": 708,
    "tuning_completed": 26,
    "tuning_best_idx": 17,
    "tuning_val_score_0": 0.2593251575110749,
    "tuning_val_score_best": 0.22669070832595373,
    "tuning_overall_gain": 0.03263444918512115,
    "tuning_gain_pct": 12.584374573734694,
    "eval_overfitting_ratio": 1.06065271583338,
    "primary_metric": "1-AUROC",
    "tabpfn_primary_score": 0.22762885262885268,
    "eval_primary_value": 0.24044011544011545,
    "eval_primary_delta": 0.012811262811262769,
    "eval_primary_delta_pct": 5.628136619460736,
    "secondary_metric": "Accuracy",
    "tabpfn_secondary_score": 0.9404580152671755,
    "eval_secondary_value": 0.9399491094147583,
    "eval_secondary_delta": -0.0005089058524172518,
    "eval_secondary_delta_pct": -0.05411255411254869,
    "feat_share_embedded_pct": 71.29628623927796,
    "feat_share_raw_pct": 28.703713760722074,
    "feat_active_embedded_pct": 100.0,
    "feat_active_raw_pct": 94.11764705882352,
    "feat_cr5_pct": 21.0937269635407,
    "feat_cr10_pct": 30.414478448247507,
    "time_tuning_search_secs": 330.22610354423523,
    "time_train_secs": 2.095613479614258,
    "time_infer_secs": 0.005999326705932617,
    "time_train_secs_per_1K": 0.2667192923016746,
    "time_infer_secs_per_1K": 0.0030530924712125276,
    "time_total_secs": 334.273149728775
}