{
    "dataset": "diabetes130us",
    "algorithm": "xgboost",
    "mode": "embed-only",
    "task_type": "binary",
    "dataset_samples_count": 71518,
    "dataset_raw_features_count": 47,
    "feat_total_count": 38,
    "pca_n_components": 38,
    "optimal_trees": 648,
    "tuning_completed": 26,
    "tuning_best_idx": 19,
    "tuning_val_score_0": 0.3631958968652085,
    "tuning_val_score_best": 0.3485139997609801,
    "tuning_overall_gain": 0.014681897104228403,
    "tuning_gain_pct": 4.042418218638973,
    "eval_overfitting_ratio": 0.9679365400894623,
    "primary_metric": "1-AUROC",
    "tabpfn_primary_score": 0.32308271210032113,
    "eval_primary_value": 0.33733943510138276,
    "eval_primary_delta": 0.014256723001061622,
    "eval_primary_delta_pct": 4.412716145775926,
    "secondary_metric": "Accuracy",
    "tabpfn_secondary_score": 0.9121923937360179,
    "eval_secondary_value": 0.9119826621923938,
    "eval_secondary_delta": -0.00020973154362413648,
    "eval_secondary_delta_pct": -0.022992029429794975,
    "feat_share_embedded_pct": 99.99999999999999,
    "feat_share_raw_pct": 0,
    "feat_active_embedded_pct": 100.0,
    "feat_active_raw_pct": 0,
    "feat_cr5_pct": 33.65716224067099,
    "feat_cr10_pct": 49.489921172124745,
    "time_tuning_search_secs": 440.0851504802704,
    "time_train_secs": 1.6846776008605957,
    "time_infer_secs": 0.022051334381103516,
    "time_train_secs_per_1K": 0.029445198742625855,
    "time_infer_secs_per_1K": 0.001541620132907125,
    "time_total_secs": 444.2295575141907
}