{
    "dataset": "kddcup09_appetency",
    "algorithm": "catboost",
    "mode": "embed-only",
    "task_type": "binary",
    "dataset_samples_count": 50000,
    "dataset_raw_features_count": 212,
    "feat_total_count": 36,
    "pca_n_components": 36,
    "optimal_trees": 1000,
    "tuning_completed": 26,
    "tuning_best_idx": 16,
    "tuning_val_score_0": 0.18815362897782772,
    "tuning_val_score_best": 0.1799076940324288,
    "tuning_overall_gain": 0.008245934945398936,
    "tuning_gain_pct": 4.3825542936355735,
    "eval_overfitting_ratio": 1.0370498719540406,
    "primary_metric": "1-AUROC",
    "tabpfn_primary_score": 0.18370534846103337,
    "eval_primary_value": 0.186573251059877,
    "eval_primary_delta": 0.002867902598843619,
    "eval_primary_delta_pct": 1.5611426792246845,
    "secondary_metric": "Accuracy",
    "tabpfn_secondary_score": 0.9822,
    "eval_secondary_value": 0.9822,
    "eval_secondary_delta": 0.0,
    "eval_secondary_delta_pct": 0.0,
    "feat_share_embedded_pct": 100.00000000000001,
    "feat_share_raw_pct": 0,
    "feat_active_embedded_pct": 100.0,
    "feat_active_raw_pct": 0,
    "feat_cr5_pct": 44.10441883762293,
    "feat_cr10_pct": 57.83586978584993,
    "time_tuning_search_secs": 773.3865938186646,
    "time_train_secs": 6.997868061065674,
    "time_infer_secs": 0.024698495864868164,
    "time_train_secs_per_1K": 0.17494670152664185,
    "time_infer_secs_per_1K": 0.0024698495864868162,
    "time_total_secs": 784.0326766967773
}