{
    "dataset": "website_phishing",
    "algorithm": "catboost",
    "mode": "embed-only",
    "task_type": "multiclass",
    "dataset_samples_count": 1353,
    "dataset_raw_features_count": 9,
    "feat_total_count": 27,
    "pca_n_components": 27,
    "optimal_trees": 468,
    "tuning_completed": 26,
    "tuning_best_idx": 17,
    "tuning_val_score_0": 0.4077716942612078,
    "tuning_val_score_best": 0.23694362174734743,
    "tuning_overall_gain": 0.17082807251386037,
    "tuning_gain_pct": 41.89306784115143,
    "eval_overfitting_ratio": 1.6181719377697787,
    "primary_metric": "Log_Loss",
    "tabpfn_primary_score": 0.26726963543778837,
    "eval_primary_value": 0.3834155195450947,
    "eval_primary_delta": 0.11614588410730631,
    "eval_primary_delta_pct": 43.45644574141729,
    "secondary_metric": "Accuracy",
    "tabpfn_secondary_score": 0.8856088560885609,
    "eval_secondary_value": 0.8892988929889298,
    "eval_secondary_delta": 0.0036900369003689537,
    "eval_secondary_delta_pct": 0.416666666666661,
    "feat_share_embedded_pct": 100.0,
    "feat_share_raw_pct": 0,
    "feat_active_embedded_pct": 100.0,
    "feat_active_raw_pct": 0,
    "feat_cr5_pct": 47.85185492123684,
    "feat_cr10_pct": 68.83813849974743,
    "time_tuning_search_secs": 329.45848751068115,
    "time_train_secs": 0.9503781795501709,
    "time_infer_secs": 0.0012538433074951172,
    "time_train_secs_per_1K": 0.8783532158504351,
    "time_infer_secs_per_1K": 0.0046267280719377015,
    "time_total_secs": 332.1375849246979
}