{
    "dataset": "another-dataset-on-used-fiat-500",
    "algorithm": "catboost",
    "mode": "raw-only",
    "task_type": "regression",
    "dataset_samples_count": 1538,
    "dataset_raw_features_count": 7,
    "feat_total_count": 7,
    "pca_n_components": 54,
    "optimal_trees": 1000,
    "tuning_completed": 26,
    "tuning_best_idx": 3,
    "tuning_val_score_0": 968.3072166799877,
    "tuning_val_score_best": 732.8937106360389,
    "tuning_overall_gain": 235.41350604394881,
    "tuning_gain_pct": 24.31186115199116,
    "eval_overfitting_ratio": 1.0267660028100998,
    "primary_metric": "RMSE",
    "tabpfn_primary_score": 727.5813856404222,
    "eval_primary_value": 752.5103457544276,
    "eval_primary_delta": 24.92896011400535,
    "eval_primary_delta_pct": 3.4262778853341205,
    "secondary_metric": "R2_Score",
    "tabpfn_secondary_score": 0.8715566241829944,
    "eval_secondary_value": 0.8626041856597904,
    "eval_secondary_delta": -0.008952438523204043,
    "eval_secondary_delta_pct": -1.0271780713727172,
    "feat_share_embedded_pct": 0,
    "feat_share_raw_pct": 100.00000000000001,
    "feat_active_embedded_pct": 0,
    "feat_active_raw_pct": 100.0,
    "feat_cr5_pct": 99.43765659741642,
    "feat_cr10_pct": 100.00000000000001,
    "time_tuning_search_secs": 185.5779459476471,
    "time_train_secs": 0.5164346694946289,
    "time_infer_secs": 0.003620624542236328,
    "time_train_secs_per_1K": 0.41986558495498283,
    "time_infer_secs_per_1K": 0.011755274487780286,
    "time_total_secs": 187.61266660690308
}