{
    "dataset": "online_shoppers_intention",
    "algorithm": "xgboost",
    "mode": "raw-only",
    "task_type": "binary",
    "dataset_samples_count": 12330,
    "dataset_raw_features_count": 17,
    "feat_total_count": 17,
    "pca_n_components": 21,
    "optimal_trees": 549,
    "tuning_completed": 26,
    "tuning_best_idx": 20,
    "tuning_val_score_0": 0.07027394702323253,
    "tuning_val_score_best": 0.06469125771059236,
    "tuning_overall_gain": 0.0055826893126401655,
    "tuning_gain_pct": 7.944180665979288,
    "eval_overfitting_ratio": 1.0106809075139476,
    "primary_metric": "1-AUROC",
    "tabpfn_primary_score": 0.06073574780677515,
    "eval_primary_value": 0.06538221905116015,
    "eval_primary_delta": 0.004646471244384998,
    "eval_primary_delta_pct": 7.650307129118245,
    "secondary_metric": "Accuracy",
    "tabpfn_secondary_score": 0.9014598540145985,
    "eval_secondary_value": 0.9030819140308192,
    "eval_secondary_delta": 0.0016220600162206722,
    "eval_secondary_delta_pct": 0.1799370220422932,
    "feat_share_embedded_pct": 0,
    "feat_share_raw_pct": 100.00000000000004,
    "feat_active_embedded_pct": 0,
    "feat_active_raw_pct": 100.0,
    "feat_cr5_pct": 90.78705298495474,
    "feat_cr10_pct": 98.91433217647675,
    "time_tuning_search_secs": 143.8047957420349,
    "time_train_secs": 0.3636505603790283,
    "time_infer_secs": 0.005380392074584961,
    "time_train_secs_per_1K": 0.03686643961668981,
    "time_infer_secs_per_1K": 0.0021818297139436175,
    "time_total_secs": 146.02486634254456
}