{
    "dataset": "mic",
    "algorithm": "lightgbm",
    "mode": "combined",
    "task_type": "multiclass",
    "dataset_samples_count": 1699,
    "dataset_raw_features_count": 111,
    "feat_total_count": 141,
    "pca_n_components": 30,
    "optimal_trees": 150,
    "tuning_completed": 26,
    "tuning_best_idx": 15,
    "tuning_val_score_0": 0.49894607072284947,
    "tuning_val_score_best": 0.44362440438954487,
    "tuning_overall_gain": 0.0553216663333046,
    "tuning_gain_pct": 11.087704579606607,
    "eval_overfitting_ratio": 1.0127414973628956,
    "primary_metric": "Log_Loss",
    "tabpfn_primary_score": 0.45523432170328487,
    "eval_primary_value": 0.4492768435681904,
    "eval_primary_delta": -0.005957478135094452,
    "eval_primary_delta_pct": -1.308661902469087,
    "secondary_metric": "Accuracy",
    "tabpfn_secondary_score": 0.888235294117647,
    "eval_secondary_value": 0.888235294117647,
    "eval_secondary_delta": 0.0,
    "eval_secondary_delta_pct": 0.0,
    "feat_share_embedded_pct": 36.41076863859601,
    "feat_share_raw_pct": 63.589231361404,
    "feat_active_embedded_pct": 100.0,
    "feat_active_raw_pct": 71.17117117117117,
    "feat_cr5_pct": 43.31298970435611,
    "feat_cr10_pct": 53.24294327501218,
    "time_tuning_search_secs": 203.7517445087433,
    "time_train_secs": 0.32419705390930176,
    "time_infer_secs": 0.024980783462524414,
    "time_train_secs_per_1K": 0.23855559522391595,
    "time_infer_secs_per_1K": 0.0734728925368365,
    "time_total_secs": 205.9567153453827
}