{
    "dataset": "in_vehicle_coupon_recommendation",
    "algorithm": "lightgbm",
    "mode": "combined",
    "task_type": "binary",
    "dataset_samples_count": 12684,
    "dataset_raw_features_count": 24,
    "feat_total_count": 82,
    "pca_n_components": 58,
    "optimal_trees": 1000,
    "tuning_completed": 26,
    "tuning_best_idx": 22,
    "tuning_val_score_0": 0.18810654336817145,
    "tuning_val_score_best": 0.1700405927935581,
    "tuning_overall_gain": 0.018065950574613354,
    "tuning_gain_pct": 9.604105338990669,
    "eval_overfitting_ratio": 0.8226750686699053,
    "primary_metric": "1-AUROC",
    "tabpfn_primary_score": 0.12970348133933718,
    "eval_primary_value": 0.1398881563531118,
    "eval_primary_delta": 0.010184675013774624,
    "eval_primary_delta_pct": 7.852275751279901,
    "secondary_metric": "Accuracy",
    "tabpfn_secondary_score": 0.7942451714623571,
    "eval_secondary_value": 0.793062672447773,
    "eval_secondary_delta": -0.0011824990145841152,
    "eval_secondary_delta_pct": -0.14888337468982135,
    "feat_share_embedded_pct": 75.05274229487803,
    "feat_share_raw_pct": 24.94725770512196,
    "feat_active_embedded_pct": 100.0,
    "feat_active_raw_pct": 100.0,
    "feat_cr5_pct": 11.986398568799418,
    "feat_cr10_pct": 20.439327834715797,
    "time_tuning_search_secs": 661.2233617305756,
    "time_train_secs": 4.4979047775268555,
    "time_infer_secs": 0.048259735107421875,
    "time_train_secs_per_1K": 0.4432743448829068,
    "time_infer_secs_per_1K": 0.019022363069539566,
    "time_total_secs": 668.3368310928345
}