{
    "dataset": "diabetes",
    "algorithm": "lightgbm",
    "mode": "combined",
    "task_type": "binary",
    "dataset_samples_count": 768,
    "dataset_raw_features_count": 8,
    "feat_total_count": 40,
    "pca_n_components": 32,
    "optimal_trees": 188,
    "tuning_completed": 26,
    "tuning_best_idx": 17,
    "tuning_val_score_0": 0.20007834757834764,
    "tuning_val_score_best": 0.172261396011396,
    "tuning_overall_gain": 0.02781695156695163,
    "tuning_gain_pct": 13.903029440034203,
    "eval_overfitting_ratio": 0.7772425626925228,
    "primary_metric": "1-AUROC",
    "tabpfn_primary_score": 0.13203703703703706,
    "eval_primary_value": 0.13388888888888895,
    "eval_primary_delta": 0.0018518518518518823,
    "eval_primary_delta_pct": 1.4025245441795458,
    "secondary_metric": "Accuracy",
    "tabpfn_secondary_score": 0.7597402597402597,
    "eval_secondary_value": 0.7662337662337663,
    "eval_secondary_delta": 0.006493506493506551,
    "eval_secondary_delta_pct": 0.8547008547008622,
    "feat_share_embedded_pct": 31.084136760476586,
    "feat_share_raw_pct": 68.9158632395234,
    "feat_active_embedded_pct": 90.625,
    "feat_active_raw_pct": 87.5,
    "feat_cr5_pct": 80.36243239059502,
    "feat_cr10_pct": 94.54897218140152,
    "time_tuning_search_secs": 15.998846530914307,
    "time_train_secs": 0.027317047119140625,
    "time_infer_secs": 0.0005364418029785156,
    "time_train_secs_per_1K": 0.04449030475430069,
    "time_infer_secs_per_1K": 0.0034833883310293225,
    "time_total_secs": 17.653722286224365
}