{
    "dataset": "healthcare_insurance_expenses",
    "algorithm": "lightgbm",
    "mode": "combined",
    "task_type": "regression",
    "dataset_samples_count": 1338,
    "dataset_raw_features_count": 6,
    "feat_total_count": 31,
    "pca_n_components": 25,
    "optimal_trees": 996,
    "tuning_completed": 26,
    "tuning_best_idx": 18,
    "tuning_val_score_0": 4763.637550896499,
    "tuning_val_score_best": 4656.34605037003,
    "tuning_overall_gain": 107.29150052646946,
    "tuning_gain_pct": 2.252301930617656,
    "eval_overfitting_ratio": 0.760720085908057,
    "primary_metric": "RMSE",
    "tabpfn_primary_score": 3491.6280042643198,
    "eval_primary_value": 3542.175967455131,
    "eval_primary_delta": 50.54796319081106,
    "eval_primary_delta_pct": 1.447690393394626,
    "secondary_metric": "R2_Score",
    "tabpfn_secondary_score": 0.8840187677944327,
    "eval_secondary_value": 0.8806363620475282,
    "eval_secondary_delta": -0.0033824057469045155,
    "eval_secondary_delta_pct": -0.3826169613280259,
    "feat_share_embedded_pct": 75.94057222700181,
    "feat_share_raw_pct": 24.059427772998156,
    "feat_active_embedded_pct": 100.0,
    "feat_active_raw_pct": 83.33333333333334,
    "feat_cr5_pct": 83.84966064512304,
    "feat_cr10_pct": 96.06462533245393,
    "time_tuning_search_secs": 46.74702191352844,
    "time_train_secs": 0.14947938919067383,
    "time_infer_secs": 0.003587484359741211,
    "time_train_secs_per_1K": 0.1397003637296017,
    "time_infer_secs_per_1K": 0.013386135670676159,
    "time_total_secs": 48.37040185928345
}