{
    "dataset": "bank-marketing",
    "algorithm": "xgboost",
    "mode": "raw-only",
    "task_type": "binary",
    "dataset_samples_count": 45211,
    "dataset_raw_features_count": 13,
    "feat_total_count": 13,
    "pca_n_components": 28,
    "optimal_trees": 564,
    "tuning_completed": 26,
    "tuning_best_idx": 19,
    "tuning_val_score_0": 0.24439716785809162,
    "tuning_val_score_best": 0.23655690740586177,
    "tuning_overall_gain": 0.007840260452229852,
    "tuning_gain_pct": 3.207999716585207,
    "eval_overfitting_ratio": 0.9451576144249287,
    "primary_metric": "1-AUROC",
    "tabpfn_primary_score": 0.22318205330647145,
    "eval_primary_value": 0.22358356227946308,
    "eval_primary_delta": 0.0004015089729916266,
    "eval_primary_delta_pct": 0.17990199796229955,
    "secondary_metric": "Accuracy",
    "tabpfn_secondary_score": 0.8961627778392126,
    "eval_secondary_value": 0.8961627778392126,
    "eval_secondary_delta": 0.0,
    "eval_secondary_delta_pct": 0.0,
    "feat_share_embedded_pct": 0,
    "feat_share_raw_pct": 99.99999999999999,
    "feat_active_embedded_pct": 0,
    "feat_active_raw_pct": 100.0,
    "feat_cr5_pct": 73.75146851562384,
    "feat_cr10_pct": 95.8700072445877,
    "time_tuning_search_secs": 239.13300371170044,
    "time_train_secs": 0.5536270141601562,
    "time_infer_secs": 0.014389753341674805,
    "time_train_secs_per_1K": 0.01530709506083157,
    "time_infer_secs_per_1K": 0.0015912588014679648,
    "time_total_secs": 241.58160853385925
}