{
    "dataset": "hazelnut-spread-contaminant-detection",
    "algorithm": "catboost",
    "mode": "combined",
    "task_type": "binary",
    "dataset_samples_count": 2400,
    "dataset_raw_features_count": 30,
    "feat_total_count": 78,
    "pca_n_components": 48,
    "optimal_trees": 575,
    "tuning_completed": 26,
    "tuning_best_idx": 4,
    "tuning_val_score_0": 0.02345486111111117,
    "tuning_val_score_best": 0.01519097222222221,
    "tuning_overall_gain": 0.00826388888888896,
    "tuning_gain_pct": 35.23316062176187,
    "eval_overfitting_ratio": 0.7588571428571451,
    "primary_metric": "1-AUROC",
    "tabpfn_primary_score": 0.002899305555555509,
    "eval_primary_value": 0.011527777777777803,
    "eval_primary_delta": 0.008628472222222294,
    "eval_primary_delta_pct": 297.6047904191689,
    "secondary_metric": "Accuracy",
    "tabpfn_secondary_score": 0.9729166666666667,
    "eval_secondary_value": 0.95,
    "eval_secondary_delta": -0.022916666666666696,
    "eval_secondary_delta_pct": -2.3554603854389753,
    "feat_share_embedded_pct": 73.95969498077066,
    "feat_share_raw_pct": 26.040305019229333,
    "feat_active_embedded_pct": 100.0,
    "feat_active_raw_pct": 100.0,
    "feat_cr5_pct": 41.05643659997484,
    "feat_cr10_pct": 55.87016157898464,
    "time_tuning_search_secs": 444.32126021385193,
    "time_train_secs": 0.6484506130218506,
    "time_infer_secs": 0.0021746158599853516,
    "time_train_secs_per_1K": 0.33773469428221387,
    "time_infer_secs_per_1K": 0.004530449708302816,
    "time_total_secs": 446.93492555618286
}