{
    "dataset": "bank-marketing",
    "algorithm": "catboost",
    "mode": "embed-only",
    "task_type": "binary",
    "dataset_samples_count": 45211,
    "dataset_raw_features_count": 13,
    "feat_total_count": 28,
    "pca_n_components": 28,
    "optimal_trees": 828,
    "tuning_completed": 26,
    "tuning_best_idx": 5,
    "tuning_val_score_0": 0.24618343271937793,
    "tuning_val_score_best": 0.24232898580728202,
    "tuning_overall_gain": 0.00385444691209591,
    "tuning_gain_pct": 1.5656808703652922,
    "eval_overfitting_ratio": 0.9378159877396695,
    "primary_metric": "1-AUROC",
    "tabpfn_primary_score": 0.22318205330647145,
    "eval_primary_value": 0.22725999718280854,
    "eval_primary_delta": 0.004077943876337087,
    "eval_primary_delta_pct": 1.8271827039503457,
    "secondary_metric": "Accuracy",
    "tabpfn_secondary_score": 0.8961627778392126,
    "eval_secondary_value": 0.8945040362711489,
    "eval_secondary_delta": -0.0016587415680636708,
    "eval_secondary_delta_pct": -0.1850937808489607,
    "feat_share_embedded_pct": 99.99999999999999,
    "feat_share_raw_pct": 0,
    "feat_active_embedded_pct": 100.0,
    "feat_active_raw_pct": 0,
    "feat_cr5_pct": 49.99688206135968,
    "feat_cr10_pct": 67.25866442495408,
    "time_tuning_search_secs": 678.739627122879,
    "time_train_secs": 6.370887517929077,
    "time_infer_secs": 0.01369476318359375,
    "time_train_secs_per_1K": 0.17614707802281235,
    "time_infer_secs_per_1K": 0.0015144048638276845,
    "time_total_secs": 687.0356848239899
}