{
    "dataset": "anneal",
    "algorithm": "xgboost",
    "mode": "embed-only",
    "task_type": "multiclass",
    "dataset_samples_count": 890,
    "dataset_raw_features_count": 38,
    "feat_total_count": 32,
    "pca_n_components": 32,
    "optimal_trees": 832,
    "tuning_completed": 26,
    "tuning_best_idx": 21,
    "tuning_val_score_0": 0.023316033943271752,
    "tuning_val_score_best": 0.018265713608956645,
    "tuning_overall_gain": 0.005050320334315107,
    "tuning_gain_pct": 21.660288995129317,
    "eval_overfitting_ratio": 0.6383898250859733,
    "primary_metric": "Log_Loss",
    "tabpfn_primary_score": 0.0043537343105701795,
    "eval_primary_value": 0.011660645715892315,
    "eval_primary_delta": 0.007306911405322135,
    "eval_primary_delta_pct": 167.8308983527568,
    "secondary_metric": "Accuracy",
    "tabpfn_secondary_score": 1.0,
    "eval_secondary_value": 0.9943820224719101,
    "eval_secondary_delta": -0.005617977528089901,
    "eval_secondary_delta_pct": -0.5617977528089901,
    "feat_share_embedded_pct": 100.00000000000001,
    "feat_share_raw_pct": 0,
    "feat_active_embedded_pct": 100.0,
    "feat_active_raw_pct": 0,
    "feat_cr5_pct": 90.25597841290137,
    "feat_cr10_pct": 95.8525212176361,
    "time_tuning_search_secs": 219.59264516830444,
    "time_train_secs": 1.1021533012390137,
    "time_infer_secs": 0.0017850399017333984,
    "time_train_secs_per_1K": 1.547968119717716,
    "time_infer_secs_per_1K": 0.010028314054682014,
    "time_total_secs": 222.2757818698883
}