{
    "dataset": "credit-g",
    "algorithm": "lightgbm",
    "mode": "raw-only",
    "task_type": "binary",
    "dataset_samples_count": 1000,
    "dataset_raw_features_count": 20,
    "feat_total_count": 20,
    "pca_n_components": 42,
    "optimal_trees": 72,
    "tuning_completed": 26,
    "tuning_best_idx": 5,
    "tuning_val_score_0": 0.21059523809523806,
    "tuning_val_score_best": 0.17511904761904762,
    "tuning_overall_gain": 0.03547619047619044,
    "tuning_gain_pct": 16.845675522894275,
    "eval_overfitting_ratio": 1.4174031271244052,
    "primary_metric": "1-AUROC",
    "tabpfn_primary_score": 0.22690476190476194,
    "eval_primary_value": 0.24821428571428572,
    "eval_primary_delta": 0.021309523809523778,
    "eval_primary_delta_pct": 9.391395592864622,
    "secondary_metric": "Accuracy",
    "tabpfn_secondary_score": 0.75,
    "eval_secondary_value": 0.755,
    "eval_secondary_delta": 0.0050000000000000044,
    "eval_secondary_delta_pct": 0.6666666666666672,
    "feat_share_embedded_pct": 0,
    "feat_share_raw_pct": 100.0,
    "feat_active_embedded_pct": 0,
    "feat_active_raw_pct": 100.0,
    "feat_cr5_pct": 61.785374212874785,
    "feat_cr10_pct": 86.31241301326261,
    "time_tuning_search_secs": 53.05698370933533,
    "time_train_secs": 0.18075037002563477,
    "time_infer_secs": 0.00399327278137207,
    "time_train_secs_per_1K": 0.22593796253204346,
    "time_infer_secs_per_1K": 0.01996636390686035,
    "time_total_secs": 54.75572896003723
}