{
    "dataset": "coil2000_insurance_policies",
    "algorithm": "catboost",
    "mode": "embed-only",
    "task_type": "binary",
    "dataset_samples_count": 9822,
    "dataset_raw_features_count": 85,
    "feat_total_count": 57,
    "pca_n_components": 57,
    "optimal_trees": 1000,
    "tuning_completed": 26,
    "tuning_best_idx": 12,
    "tuning_val_score_0": 0.252047826870613,
    "tuning_val_score_best": 0.23769797899072742,
    "tuning_overall_gain": 0.01434984787988558,
    "tuning_gain_pct": 5.693303551969117,
    "eval_overfitting_ratio": 1.0458786804112739,
    "primary_metric": "1-AUROC",
    "tabpfn_primary_score": 0.22762885262885268,
    "eval_primary_value": 0.24860324860324867,
    "eval_primary_delta": 0.020974395974395987,
    "eval_primary_delta_pct": 9.21429587337709,
    "secondary_metric": "Accuracy",
    "tabpfn_secondary_score": 0.9404580152671755,
    "eval_secondary_value": 0.9399491094147583,
    "eval_secondary_delta": -0.0005089058524172518,
    "eval_secondary_delta_pct": -0.05411255411254869,
    "feat_share_embedded_pct": 100.00000000000001,
    "feat_share_raw_pct": 0,
    "feat_active_embedded_pct": 100.0,
    "feat_active_raw_pct": 0,
    "feat_cr5_pct": 24.842597615262495,
    "feat_cr10_pct": 35.632860306340454,
    "time_tuning_search_secs": 935.2161846160889,
    "time_train_secs": 17.988609790802002,
    "time_infer_secs": 0.014210700988769531,
    "time_train_secs_per_1K": 2.2895010552121677,
    "time_infer_secs_per_1K": 0.007231908900137166,
    "time_total_secs": 954.9107224941254
}