{
    "dataset": "diabetes",
    "algorithm": "lightgbm",
    "mode": "raw-only",
    "task_type": "binary",
    "dataset_samples_count": 768,
    "dataset_raw_features_count": 8,
    "feat_total_count": 8,
    "pca_n_components": 32,
    "optimal_trees": 142,
    "tuning_completed": 26,
    "tuning_best_idx": 13,
    "tuning_val_score_0": 0.19562321937321936,
    "tuning_val_score_best": 0.16257834757834755,
    "tuning_overall_gain": 0.03304487179487181,
    "tuning_gain_pct": 16.892100999435662,
    "eval_overfitting_ratio": 0.823534565845965,
    "primary_metric": "1-AUROC",
    "tabpfn_primary_score": 0.13203703703703706,
    "eval_primary_value": 0.13388888888888884,
    "eval_primary_delta": 0.0018518518518517713,
    "eval_primary_delta_pct": 1.4025245441794618,
    "secondary_metric": "Accuracy",
    "tabpfn_secondary_score": 0.7597402597402597,
    "eval_secondary_value": 0.7727272727272727,
    "eval_secondary_delta": 0.012987012987012991,
    "eval_secondary_delta_pct": 1.70940170940171,
    "feat_share_embedded_pct": 0,
    "feat_share_raw_pct": 99.99999999999999,
    "feat_active_embedded_pct": 0,
    "feat_active_raw_pct": 100.0,
    "feat_cr5_pct": 92.39795396264734,
    "feat_cr10_pct": 99.99999999999999,
    "time_tuning_search_secs": 11.593729734420776,
    "time_train_secs": 0.030388832092285156,
    "time_infer_secs": 0.0007712841033935547,
    "time_train_secs_per_1K": 0.04949321187668592,
    "time_infer_secs_per_1K": 0.005008338333724381,
    "time_total_secs": 13.33173418045044
}