{
    "dataset": "anneal",
    "algorithm": "lightgbm",
    "mode": "raw-only",
    "task_type": "multiclass",
    "dataset_samples_count": 890,
    "dataset_raw_features_count": 38,
    "feat_total_count": 38,
    "pca_n_components": 32,
    "optimal_trees": 995,
    "tuning_completed": 26,
    "tuning_best_idx": 11,
    "tuning_val_score_0": 0.03467619291046109,
    "tuning_val_score_best": 0.017465182558171647,
    "tuning_overall_gain": 0.017211010352289443,
    "tuning_gain_pct": 49.63350618313476,
    "eval_overfitting_ratio": 0.19713697018303725,
    "primary_metric": "Log_Loss",
    "tabpfn_primary_score": 0.0043537343105701795,
    "eval_primary_value": 0.003443033173211586,
    "eval_primary_delta": -0.0009107011373585936,
    "eval_primary_delta_pct": -20.917701274226932,
    "secondary_metric": "Accuracy",
    "tabpfn_secondary_score": 1.0,
    "eval_secondary_value": 1.0,
    "eval_secondary_delta": 0.0,
    "eval_secondary_delta_pct": 0.0,
    "feat_share_embedded_pct": 0,
    "feat_share_raw_pct": 100.00000000000001,
    "feat_active_embedded_pct": 0,
    "feat_active_raw_pct": 65.78947368421053,
    "feat_cr5_pct": 73.36844463872775,
    "feat_cr10_pct": 96.36562875199496,
    "time_tuning_search_secs": 95.70197129249573,
    "time_train_secs": 0.6112284660339355,
    "time_infer_secs": 0.010659933090209961,
    "time_train_secs_per_1K": 0.8584669466768758,
    "time_infer_secs_per_1K": 0.05988726455174136,
    "time_total_secs": 97.73169660568237
}