{
    "dataset": "website_phishing",
    "algorithm": "lightgbm",
    "mode": "embed-only",
    "task_type": "multiclass",
    "dataset_samples_count": 1353,
    "dataset_raw_features_count": 9,
    "feat_total_count": 27,
    "pca_n_components": 27,
    "optimal_trees": 293,
    "tuning_completed": 26,
    "tuning_best_idx": 21,
    "tuning_val_score_0": 0.2640143856224373,
    "tuning_val_score_best": 0.2380984083487557,
    "tuning_overall_gain": 0.025915977273681584,
    "tuning_gain_pct": 9.816123167903285,
    "eval_overfitting_ratio": 1.3103269548624932,
    "primary_metric": "Log_Loss",
    "tabpfn_primary_score": 0.26726963543778837,
    "eval_primary_value": 0.3119867623692315,
    "eval_primary_delta": 0.04471712693144314,
    "eval_primary_delta_pct": 16.731091378261645,
    "secondary_metric": "Accuracy",
    "tabpfn_secondary_score": 0.8856088560885609,
    "eval_secondary_value": 0.8929889298892989,
    "eval_secondary_delta": 0.0073800738007380184,
    "eval_secondary_delta_pct": 0.8333333333333346,
    "feat_share_embedded_pct": 99.99999999999999,
    "feat_share_raw_pct": 0,
    "feat_active_embedded_pct": 100.0,
    "feat_active_raw_pct": 0,
    "feat_cr5_pct": 53.3510588086966,
    "feat_cr10_pct": 74.17886273607267,
    "time_tuning_search_secs": 100.28922390937805,
    "time_train_secs": 0.5604569911956787,
    "time_infer_secs": 0.0027256011962890625,
    "time_train_secs_per_1K": 0.5179824317889822,
    "time_infer_secs_per_1K": 0.01005756898999654,
    "time_total_secs": 102.48478770256042
}