{
    "dataset": "airfoil_self_noise",
    "algorithm": "xgboost",
    "mode": "combined",
    "task_type": "regression",
    "dataset_samples_count": 1503,
    "dataset_raw_features_count": 5,
    "feat_total_count": 62,
    "pca_n_components": 57,
    "optimal_trees": 628,
    "tuning_completed": 26,
    "tuning_best_idx": 15,
    "tuning_val_score_0": 1.2816052895280994,
    "tuning_val_score_best": 1.1636548385419667,
    "tuning_overall_gain": 0.11795045098613266,
    "tuning_gain_pct": 9.203336780044289,
    "eval_overfitting_ratio": 0.8035415906280443,
    "primary_metric": "RMSE",
    "tabpfn_primary_score": 0.8975385766269695,
    "eval_primary_value": 0.9350450599040321,
    "eval_primary_delta": 0.03750648327706263,
    "eval_primary_delta_pct": 4.178815736033916,
    "secondary_metric": "R2_Score",
    "tabpfn_secondary_score": 0.9835905950772067,
    "eval_secondary_value": 0.9821905025620855,
    "eval_secondary_delta": -0.0014000925151211874,
    "eval_secondary_delta_pct": -0.14234504906091416,
    "feat_share_embedded_pct": 99.17672524526108,
    "feat_share_raw_pct": 0.8232747547389283,
    "feat_active_embedded_pct": 100.0,
    "feat_active_raw_pct": 100.0,
    "feat_cr5_pct": 96.56776852339688,
    "feat_cr10_pct": 99.09789253733658,
    "time_tuning_search_secs": 335.5271677970886,
    "time_train_secs": 0.726269006729126,
    "time_infer_secs": 0.0015683174133300781,
    "time_train_secs_per_1K": 0.604217143701436,
    "time_infer_secs_per_1K": 0.005210356854917203,
    "time_total_secs": 338.0516896247864
}