{
    "dataset": "splice",
    "algorithm": "catboost",
    "mode": "embed-only",
    "task_type": "multiclass",
    "dataset_samples_count": 3190,
    "dataset_raw_features_count": 60,
    "feat_total_count": 33,
    "pca_n_components": 33,
    "optimal_trees": 1000,
    "tuning_completed": 26,
    "tuning_best_idx": 13,
    "tuning_val_score_0": 0.3168323906294232,
    "tuning_val_score_best": 0.12242149013680628,
    "tuning_overall_gain": 0.19441090049261692,
    "tuning_gain_pct": 61.360803453964344,
    "eval_overfitting_ratio": 1.0347590943410767,
    "primary_metric": "Log_Loss",
    "tabpfn_primary_score": 0.10458652604603381,
    "eval_primary_value": 0.12667675026184672,
    "eval_primary_delta": 0.0220902242158129,
    "eval_primary_delta_pct": 21.121481945092885,
    "secondary_metric": "Accuracy",
    "tabpfn_secondary_score": 0.9717868338557993,
    "eval_secondary_value": 0.9670846394984326,
    "eval_secondary_delta": -0.00470219435736674,
    "eval_secondary_delta_pct": -0.4838709677419323,
    "feat_share_embedded_pct": 99.99999999999999,
    "feat_share_raw_pct": 0,
    "feat_active_embedded_pct": 100.0,
    "feat_active_raw_pct": 0,
    "feat_cr5_pct": 55.4471706631193,
    "feat_cr10_pct": 77.6557560271344,
    "time_tuning_search_secs": 631.4242715835571,
    "time_train_secs": 1.8372218608856201,
    "time_infer_secs": 0.0017130374908447266,
    "time_train_secs_per_1K": 0.7199145222906035,
    "time_infer_secs_per_1K": 0.002685011741135935,
    "time_total_secs": 635.108868598938
}