{
    "dataset": "heloc",
    "algorithm": "xgboost",
    "mode": "combined",
    "task_type": "binary",
    "dataset_samples_count": 10459,
    "dataset_raw_features_count": 23,
    "feat_total_count": 44,
    "pca_n_components": 21,
    "optimal_trees": 862,
    "tuning_completed": 26,
    "tuning_best_idx": 23,
    "tuning_val_score_0": 0.2175313804314951,
    "tuning_val_score_best": 0.202751529472057,
    "tuning_overall_gain": 0.014779850959438123,
    "tuning_gain_pct": 6.79435349976671,
    "eval_overfitting_ratio": 0.9614950751652113,
    "primary_metric": "1-AUROC",
    "tabpfn_primary_score": 0.1908063186813188,
    "eval_primary_value": 0.194944597069597,
    "eval_primary_delta": 0.004138278388278183,
    "eval_primary_delta_pct": 2.1688371836311453,
    "secondary_metric": "Accuracy",
    "tabpfn_secondary_score": 0.73565965583174,
    "eval_secondary_value": 0.732791586998088,
    "eval_secondary_delta": -0.002868068833651982,
    "eval_secondary_delta_pct": -0.38986354775828114,
    "feat_share_embedded_pct": 31.63899828588036,
    "feat_share_raw_pct": 68.36100171411962,
    "feat_active_embedded_pct": 100.0,
    "feat_active_raw_pct": 100.0,
    "feat_cr5_pct": 58.369053088277894,
    "feat_cr10_pct": 70.73083391778566,
    "time_tuning_search_secs": 252.86895871162415,
    "time_train_secs": 1.2321789264678955,
    "time_infer_secs": 0.0033121109008789062,
    "time_train_secs_per_1K": 0.1472665144577382,
    "time_infer_secs_per_1K": 0.0015832270080683108,
    "time_total_secs": 256.34173822402954
}