{
    "dataset": "food_delivery_time",
    "algorithm": "lightgbm",
    "mode": "combined",
    "task_type": "regression",
    "dataset_samples_count": 45451,
    "dataset_raw_features_count": 9,
    "feat_total_count": 43,
    "pca_n_components": 34,
    "optimal_trees": 717,
    "tuning_completed": 26,
    "tuning_best_idx": 24,
    "tuning_val_score_0": 7.410581033843041,
    "tuning_val_score_best": 7.31292494417097,
    "tuning_overall_gain": 0.09765608967207129,
    "tuning_gain_pct": 1.3177926160727504,
    "eval_overfitting_ratio": 0.9981568066960725,
    "primary_metric": "RMSE",
    "tabpfn_primary_score": 7.406528158962125,
    "eval_primary_value": 7.29944580988175,
    "eval_primary_delta": -0.1070823490803754,
    "eval_primary_delta_pct": -1.4457833249550598,
    "secondary_metric": "R2_Score",
    "tabpfn_secondary_score": 0.36501583853960906,
    "eval_secondary_value": 0.38324409871697984,
    "eval_secondary_delta": 0.01822826017737078,
    "eval_secondary_delta_pct": 4.993827185773686,
    "feat_share_embedded_pct": 90.52460663812,
    "feat_share_raw_pct": 9.475393361879993,
    "feat_active_embedded_pct": 100.0,
    "feat_active_raw_pct": 100.0,
    "feat_cr5_pct": 67.51528053842638,
    "feat_cr10_pct": 77.30906554925943,
    "time_tuning_search_secs": 320.65018248558044,
    "time_train_secs": 3.093731641769409,
    "time_infer_secs": 0.10943055152893066,
    "time_train_secs_per_1K": 0.0850861287615349,
    "time_infer_secs_per_1K": 0.012037240295779416,
    "time_total_secs": 325.7307517528534
}