{
    "dataset": "hazelnut-spread-contaminant-detection",
    "algorithm": "xgboost",
    "mode": "raw-only",
    "task_type": "binary",
    "dataset_samples_count": 2400,
    "dataset_raw_features_count": 30,
    "feat_total_count": 30,
    "pca_n_components": 48,
    "optimal_trees": 752,
    "tuning_completed": 26,
    "tuning_best_idx": 24,
    "tuning_val_score_0": 0.0242447916666666,
    "tuning_val_score_best": 0.023706597222222126,
    "tuning_overall_gain": 0.0005381944444444731,
    "tuning_gain_pct": 2.2198353025421937,
    "eval_overfitting_ratio": 0.6803368729403186,
    "primary_metric": "1-AUROC",
    "tabpfn_primary_score": 0.002899305555555509,
    "eval_primary_value": 0.016128472222222245,
    "eval_primary_delta": 0.013229166666666736,
    "eval_primary_delta_pct": 456.2874251497103,
    "secondary_metric": "Accuracy",
    "tabpfn_secondary_score": 0.9729166666666667,
    "eval_secondary_value": 0.94375,
    "eval_secondary_delta": -0.029166666666666674,
    "eval_secondary_delta_pct": -2.9978586723768745,
    "feat_share_embedded_pct": 0,
    "feat_share_raw_pct": 100.00000000000003,
    "feat_active_embedded_pct": 0,
    "feat_active_raw_pct": 100.0,
    "feat_cr5_pct": 46.96586392453922,
    "feat_cr10_pct": 67.35053213030116,
    "time_tuning_search_secs": 260.85182666778564,
    "time_train_secs": 0.6885628700256348,
    "time_infer_secs": 0.0016667842864990234,
    "time_train_secs_per_1K": 0.3586264948050181,
    "time_infer_secs_per_1K": 0.0034724672635396323,
    "time_total_secs": 263.38202834129333
}