{
    "dataset": "amazon_employee_access",
    "algorithm": "xgboost",
    "mode": "embed-only",
    "task_type": "binary",
    "dataset_samples_count": 32769,
    "dataset_raw_features_count": 9,
    "feat_total_count": 52,
    "pca_n_components": 52,
    "optimal_trees": 349,
    "tuning_completed": 26,
    "tuning_best_idx": 1,
    "tuning_val_score_0": 0.16616549703558436,
    "tuning_val_score_best": 0.1506520957316092,
    "tuning_overall_gain": 0.01551340130397516,
    "tuning_gain_pct": 9.336114645179897,
    "eval_overfitting_ratio": 1.006228844620127,
    "primary_metric": "1-AUROC",
    "tabpfn_primary_score": 0.14683623001078916,
    "eval_primary_value": 0.1515904842276179,
    "eval_primary_delta": 0.004754254216828735,
    "eval_primary_delta_pct": 3.2377937083234865,
    "secondary_metric": "Accuracy",
    "tabpfn_secondary_score": 0.9490387549588037,
    "eval_secondary_value": 0.9510222764723832,
    "eval_secondary_delta": 0.0019835215135795004,
    "eval_secondary_delta_pct": 0.20900321543408434,
    "feat_share_embedded_pct": 100.00000000000003,
    "feat_share_raw_pct": 0,
    "feat_active_embedded_pct": 100.0,
    "feat_active_raw_pct": 0,
    "feat_cr5_pct": 35.88146286966035,
    "feat_cr10_pct": 46.80758113243988,
    "time_tuning_search_secs": 904.5093288421631,
    "time_train_secs": 6.610110521316528,
    "time_infer_secs": 0.01212000846862793,
    "time_train_secs_per_1K": 0.25214993405746816,
    "time_infer_secs_per_1K": 0.0018492536570991654,
    "time_total_secs": 912.9563975334167
}