{
    "dataset": "diamonds",
    "algorithm": "catboost",
    "mode": "combined",
    "task_type": "regression",
    "dataset_samples_count": 53940,
    "dataset_raw_features_count": 9,
    "feat_total_count": 38,
    "pca_n_components": 29,
    "optimal_trees": 1000,
    "tuning_completed": 26,
    "tuning_best_idx": 21,
    "tuning_val_score_0": 607.0591258535551,
    "tuning_val_score_best": 506.59240471170466,
    "tuning_overall_gain": 100.46672114185043,
    "tuning_gain_pct": 16.549742333679486,
    "eval_overfitting_ratio": 0.9333850573495069,
    "primary_metric": "RMSE",
    "tabpfn_primary_score": 474.1404367703237,
    "eval_primary_value": 472.8457807246591,
    "eval_primary_delta": -1.294656045664567,
    "eval_primary_delta_pct": -0.27305328659232364,
    "secondary_metric": "R2_Score",
    "tabpfn_secondary_score": 0.9855533059097163,
    "eval_secondary_value": 0.9856320925439488,
    "eval_secondary_delta": 7.87866342324417e-05,
    "eval_secondary_delta_pct": 0.007994152498906955,
    "feat_share_embedded_pct": 35.278591760628565,
    "feat_share_raw_pct": 64.72140823937143,
    "feat_active_embedded_pct": 100.0,
    "feat_active_raw_pct": 100.0,
    "feat_cr5_pct": 81.012765489587,
    "feat_cr10_pct": 96.4742076104424,
    "time_tuning_search_secs": 1874.3612711429596,
    "time_train_secs": 18.881568670272827,
    "time_infer_secs": 0.05320405960083008,
    "time_train_secs_per_1K": 0.4375595261001304,
    "time_infer_secs_per_1K": 0.004931781572194112,
    "time_total_secs": 1895.4233183860779
}