{
    "dataset": "kddcup09_appetency",
    "algorithm": "xgboost",
    "mode": "raw-only",
    "task_type": "binary",
    "dataset_samples_count": 50000,
    "dataset_raw_features_count": 212,
    "feat_total_count": 212,
    "pca_n_components": 36,
    "optimal_trees": 137,
    "tuning_completed": 26,
    "tuning_best_idx": 22,
    "tuning_val_score_0": 0.20764238272715008,
    "tuning_val_score_best": 0.16234136163027735,
    "tuning_overall_gain": 0.04530102109687273,
    "tuning_gain_pct": 21.81684707230507,
    "eval_overfitting_ratio": 1.1242319183719487,
    "primary_metric": "1-AUROC",
    "tabpfn_primary_score": 0.18370534846103337,
    "eval_primary_value": 0.18250934041672096,
    "eval_primary_delta": -0.0011960080443124133,
    "eval_primary_delta_pct": -0.6510469370281314,
    "secondary_metric": "Accuracy",
    "tabpfn_secondary_score": 0.9822,
    "eval_secondary_value": 0.9822,
    "eval_secondary_delta": 0.0,
    "eval_secondary_delta_pct": 0.0,
    "feat_share_embedded_pct": 0,
    "feat_share_raw_pct": 99.99999999999994,
    "feat_active_embedded_pct": 0,
    "feat_active_raw_pct": 48.113207547169814,
    "feat_cr5_pct": 62.684671346541904,
    "feat_cr10_pct": 73.36062101101213,
    "time_tuning_search_secs": 1072.473843574524,
    "time_train_secs": 2.3043084144592285,
    "time_infer_secs": 0.00836038589477539,
    "time_train_secs_per_1K": 0.05760771036148071,
    "time_infer_secs_per_1K": 0.000836038589477539,
    "time_total_secs": 1078.4389472007751
}