{
    "dataset": "physiochemical_protein",
    "algorithm": "catboost",
    "mode": "embed-only",
    "task_type": "regression",
    "dataset_samples_count": 45730,
    "dataset_raw_features_count": 9,
    "feat_total_count": 87,
    "pca_n_components": 87,
    "optimal_trees": 1000,
    "tuning_completed": 26,
    "tuning_best_idx": 22,
    "tuning_val_score_0": 2.9599311134466104,
    "tuning_val_score_best": 2.88749555473691,
    "tuning_overall_gain": 0.07243555870970031,
    "tuning_gain_pct": 2.4472042062274455,
    "eval_overfitting_ratio": 0.9754765304114396,
    "primary_metric": "RMSE",
    "tabpfn_primary_score": 2.8268602129706855,
    "eval_primary_value": 2.816684145313216,
    "eval_primary_delta": -0.010176067657469368,
    "eval_primary_delta_pct": -0.35997774530122806,
    "secondary_metric": "R2_Score",
    "tabpfn_secondary_score": 0.7868861628452948,
    "eval_secondary_value": 0.788417726003264,
    "eval_secondary_delta": 0.0015315631579692068,
    "eval_secondary_delta_pct": 0.19463592451940456,
    "feat_share_embedded_pct": 100.00000000000007,
    "feat_share_raw_pct": 0,
    "feat_active_embedded_pct": 100.0,
    "feat_active_raw_pct": 0,
    "feat_cr5_pct": 90.33619806316844,
    "feat_cr10_pct": 91.50183797276601,
    "time_tuning_search_secs": 3670.6853375434875,
    "time_train_secs": 37.68944716453552,
    "time_infer_secs": 0.026998281478881836,
    "time_train_secs_per_1K": 1.0302166839201705,
    "time_infer_secs_per_1K": 0.0029519223134574497,
    "time_total_secs": 3710.3822655677795
}