{
    "dataset": "blood-transfusion-service-center",
    "algorithm": "xgboost",
    "mode": "embed-only",
    "task_type": "binary",
    "dataset_samples_count": 748,
    "dataset_raw_features_count": 4,
    "feat_total_count": 22,
    "pca_n_components": 22,
    "optimal_trees": 25,
    "tuning_completed": 26,
    "tuning_best_idx": 10,
    "tuning_val_score_0": 0.2758642930856554,
    "tuning_val_score_best": 0.25577628712303635,
    "tuning_overall_gain": 0.02008800596261906,
    "tuning_gain_pct": 7.28184345205625,
    "eval_overfitting_ratio": 1.0179041748388904,
    "primary_metric": "1-AUROC",
    "tabpfn_primary_score": 0.21479044834307992,
    "eval_primary_value": 0.2603557504873294,
    "eval_primary_delta": 0.045565302144249475,
    "eval_primary_delta_pct": 21.21384004537718,
    "secondary_metric": "Accuracy",
    "tabpfn_secondary_score": 0.7933333333333333,
    "eval_secondary_value": 0.78,
    "eval_secondary_delta": -0.013333333333333308,
    "eval_secondary_delta_pct": -1.6806722689075597,
    "feat_share_embedded_pct": 100.00000000000001,
    "feat_share_raw_pct": 0,
    "feat_active_embedded_pct": 100.0,
    "feat_active_raw_pct": 0,
    "feat_cr5_pct": 73.83173580615421,
    "feat_cr10_pct": 89.64179365753975,
    "time_tuning_search_secs": 36.77796673774719,
    "time_train_secs": 0.01658940315246582,
    "time_infer_secs": 0.000579833984375,
    "time_train_secs_per_1K": 0.02774147684358833,
    "time_infer_secs_per_1K": 0.0038655598958333335,
    "time_total_secs": 38.34937572479248
}