{
    "dataset": "concrete_compressive_strength",
    "algorithm": "xgboost",
    "mode": "combined",
    "task_type": "regression",
    "dataset_samples_count": 1030,
    "dataset_raw_features_count": 8,
    "feat_total_count": 86,
    "pca_n_components": 78,
    "optimal_trees": 701,
    "tuning_completed": 26,
    "tuning_best_idx": 8,
    "tuning_val_score_0": 4.568672298437374,
    "tuning_val_score_best": 4.30089722610514,
    "tuning_overall_gain": 0.26777507233223385,
    "tuning_gain_pct": 5.861113576121911,
    "eval_overfitting_ratio": 0.8815086891553191,
    "primary_metric": "RMSE",
    "tabpfn_primary_score": 3.1551885755220592,
    "eval_primary_value": 3.79127827597569,
    "eval_primary_delta": 0.6360897004536308,
    "eval_primary_delta_pct": 20.160116748279712,
    "secondary_metric": "R2_Score",
    "tabpfn_secondary_score": 0.9639894919084167,
    "eval_secondary_value": 0.9480063947756083,
    "eval_secondary_delta": -0.01598309713280832,
    "eval_secondary_delta_pct": -1.6580157011013132,
    "feat_share_embedded_pct": 91.27355251736562,
    "feat_share_raw_pct": 8.726447482634397,
    "feat_active_embedded_pct": 100.0,
    "feat_active_raw_pct": 100.0,
    "feat_cr5_pct": 90.97478780675235,
    "feat_cr10_pct": 95.27146886727351,
    "time_tuning_search_secs": 401.5401837825775,
    "time_train_secs": 1.5835320949554443,
    "time_infer_secs": 0.0014772415161132812,
    "time_train_secs_per_1K": 1.92176225115952,
    "time_infer_secs_per_1K": 0.007171075320938259,
    "time_total_secs": 404.784743309021
}