{
    "dataset": "diamonds",
    "algorithm": "xgboost",
    "mode": "combined",
    "task_type": "regression",
    "dataset_samples_count": 53940,
    "dataset_raw_features_count": 9,
    "feat_total_count": 38,
    "pca_n_components": 29,
    "optimal_trees": 848,
    "tuning_completed": 26,
    "tuning_best_idx": 25,
    "tuning_val_score_0": 516.6078507052073,
    "tuning_val_score_best": 506.1637862967127,
    "tuning_overall_gain": 10.444064408494569,
    "tuning_gain_pct": 2.0216619616286633,
    "eval_overfitting_ratio": 0.9328917270157556,
    "primary_metric": "RMSE",
    "tabpfn_primary_score": 474.1404367703237,
    "eval_primary_value": 472.1960087511742,
    "eval_primary_delta": -1.944428019149484,
    "eval_primary_delta_pct": -0.41009537857480316,
    "secondary_metric": "R2_Score",
    "tabpfn_secondary_score": 0.9855533059097163,
    "eval_secondary_value": 0.9856715533974295,
    "eval_secondary_delta": 0.0001182474877131634,
    "eval_secondary_delta_pct": 0.011998081382722865,
    "feat_share_embedded_pct": 37.076322812606385,
    "feat_share_raw_pct": 62.92367718739361,
    "feat_active_embedded_pct": 100.0,
    "feat_active_raw_pct": 100.0,
    "feat_cr5_pct": 81.11192241372544,
    "feat_cr10_pct": 97.34660787951195,
    "time_tuning_search_secs": 628.4147427082062,
    "time_train_secs": 1.9757773876190186,
    "time_infer_secs": 0.018051862716674805,
    "time_train_secs_per_1K": 0.045786461522502285,
    "time_infer_secs_per_1K": 0.0016733280234218395,
    "time_total_secs": 634.1617066860199
}