{
    "dataset": "bank-marketing",
    "algorithm": "catboost",
    "mode": "raw-only",
    "task_type": "binary",
    "dataset_samples_count": 45211,
    "dataset_raw_features_count": 13,
    "feat_total_count": 13,
    "pca_n_components": 28,
    "optimal_trees": 987,
    "tuning_completed": 26,
    "tuning_best_idx": 5,
    "tuning_val_score_0": 0.24388436571803407,
    "tuning_val_score_best": 0.23665152296963188,
    "tuning_overall_gain": 0.007232842748402191,
    "tuning_gain_pct": 2.965685285773674,
    "eval_overfitting_ratio": 0.9488672378772128,
    "primary_metric": "1-AUROC",
    "tabpfn_primary_score": 0.22318205330647145,
    "eval_primary_value": 0.22455087693963038,
    "eval_primary_delta": 0.0013688236331589332,
    "eval_primary_delta_pct": 0.6133215520153306,
    "secondary_metric": "Accuracy",
    "tabpfn_secondary_score": 0.8961627778392126,
    "eval_secondary_value": 0.8960521950680084,
    "eval_secondary_delta": -0.00011058277120423732,
    "eval_secondary_delta_pct": -0.012339585389929889,
    "feat_share_embedded_pct": 0,
    "feat_share_raw_pct": 100.00000000000003,
    "feat_active_embedded_pct": 0,
    "feat_active_raw_pct": 100.0,
    "feat_cr5_pct": 67.88649001351507,
    "feat_cr10_pct": 94.44474022091777,
    "time_tuning_search_secs": 693.1593780517578,
    "time_train_secs": 5.49615740776062,
    "time_infer_secs": 0.02587413787841797,
    "time_train_secs_per_1K": 0.1519618836474403,
    "time_infer_secs_per_1K": 0.0028612338691162194,
    "time_total_secs": 700.5455048084259
}