{
    "dataset": "wine_quality",
    "algorithm": "catboost",
    "mode": "combined",
    "task_type": "regression",
    "dataset_samples_count": 6497,
    "dataset_raw_features_count": 12,
    "feat_total_count": 37,
    "pca_n_components": 25,
    "optimal_trees": 1000,
    "tuning_completed": 26,
    "tuning_best_idx": 16,
    "tuning_val_score_0": 0.6892349725213439,
    "tuning_val_score_best": 0.5824576966114451,
    "tuning_overall_gain": 0.10677727590989883,
    "tuning_gain_pct": 15.492144213066931,
    "eval_overfitting_ratio": 0.9741053991417499,
    "primary_metric": "RMSE",
    "tabpfn_primary_score": 0.5665150098489219,
    "eval_primary_value": 0.567375187040876,
    "eval_primary_delta": 0.0008601771919540813,
    "eval_primary_delta_pct": 0.15183661103409654,
    "secondary_metric": "R2_Score",
    "tabpfn_secondary_score": 0.5709894261223469,
    "eval_secondary_value": 0.5696856468333704,
    "eval_secondary_delta": -0.0013037792889765143,
    "eval_secondary_delta_pct": -0.22833685342137164,
    "feat_share_embedded_pct": 89.46930680544246,
    "feat_share_raw_pct": 10.530693194557513,
    "feat_active_embedded_pct": 100.0,
    "feat_active_raw_pct": 100.0,
    "feat_cr5_pct": 69.51573732641732,
    "feat_cr10_pct": 78.66799220233435,
    "time_tuning_search_secs": 840.5446529388428,
    "time_train_secs": 6.704474210739136,
    "time_infer_secs": 0.006172657012939453,
    "time_train_secs_per_1K": 1.2900662325840169,
    "time_infer_secs_per_1K": 0.004748197702261117,
    "time_total_secs": 848.8951771259308
}