{
    "dataset": "sdss17",
    "algorithm": "catboost",
    "mode": "raw-only",
    "task_type": "multiclass",
    "dataset_samples_count": 78053,
    "dataset_raw_features_count": 11,
    "feat_total_count": 11,
    "pca_n_components": 21,
    "optimal_trees": 833,
    "tuning_completed": 26,
    "tuning_best_idx": 25,
    "tuning_val_score_0": 0.13056387316242085,
    "tuning_val_score_best": 0.07421179262228898,
    "tuning_overall_gain": 0.05635208054013187,
    "tuning_gain_pct": 43.160546003434,
    "eval_overfitting_ratio": 1.0172125157373029,
    "primary_metric": "Log_Loss",
    "tabpfn_primary_score": 0.06354347925948427,
    "eval_primary_value": 0.07548916427069359,
    "eval_primary_delta": 0.011945685011209323,
    "eval_primary_delta_pct": 18.799230307217325,
    "secondary_metric": "Accuracy",
    "tabpfn_secondary_score": 0.9795016334635833,
    "eval_secondary_value": 0.976875280251105,
    "eval_secondary_delta": -0.002626353212478283,
    "eval_secondary_delta_pct": -0.268131580668357,
    "feat_share_embedded_pct": 0,
    "feat_share_raw_pct": 100.00000000000003,
    "feat_active_embedded_pct": 0,
    "feat_active_raw_pct": 100.0,
    "feat_cr5_pct": 78.98276582630058,
    "feat_cr10_pct": 98.4971573098853,
    "time_tuning_search_secs": 7409.017240762711,
    "time_train_secs": 33.38815927505493,
    "time_infer_secs": 0.08213996887207031,
    "time_train_secs_per_1K": 0.5347067562706981,
    "time_infer_secs_per_1K": 0.005261672466342343,
    "time_total_secs": 7444.820604562759
}