{
    "dataset": "bank-marketing",
    "algorithm": "xgboost",
    "mode": "embed-only",
    "task_type": "binary",
    "dataset_samples_count": 45211,
    "dataset_raw_features_count": 13,
    "feat_total_count": 28,
    "pca_n_components": 28,
    "optimal_trees": 428,
    "tuning_completed": 26,
    "tuning_best_idx": 4,
    "tuning_val_score_0": 0.25170848309633265,
    "tuning_val_score_best": 0.2437176076777503,
    "tuning_overall_gain": 0.007990875418582344,
    "tuning_gain_pct": 3.1746547912428182,
    "eval_overfitting_ratio": 0.9340098094394285,
    "primary_metric": "1-AUROC",
    "tabpfn_primary_score": 0.22318205330647145,
    "eval_primary_value": 0.22763463630412895,
    "eval_primary_delta": 0.004452582997657495,
    "eval_primary_delta_pct": 1.9950452698556596,
    "secondary_metric": "Accuracy",
    "tabpfn_secondary_score": 0.8961627778392126,
    "eval_secondary_value": 0.8950569501271702,
    "eval_secondary_delta": -0.0011058277120423732,
    "eval_secondary_delta_pct": -0.12339585389929887,
    "feat_share_embedded_pct": 99.99999999999999,
    "feat_share_raw_pct": 0,
    "feat_active_embedded_pct": 100.0,
    "feat_active_raw_pct": 0,
    "feat_cr5_pct": 71.81071295099946,
    "feat_cr10_pct": 86.09351338279721,
    "time_tuning_search_secs": 264.8144111633301,
    "time_train_secs": 0.6194467544555664,
    "time_infer_secs": 0.006095170974731445,
    "time_train_secs_per_1K": 0.01712692862352263,
    "time_infer_secs_per_1K": 0.0006740208973494908,
    "time_total_secs": 267.529714345932
}