{
    "dataset": "kddcup09_appetency",
    "algorithm": "lightgbm",
    "mode": "embed-only",
    "task_type": "binary",
    "dataset_samples_count": 50000,
    "dataset_raw_features_count": 212,
    "feat_total_count": 36,
    "pca_n_components": 36,
    "optimal_trees": 495,
    "tuning_completed": 26,
    "tuning_best_idx": 24,
    "tuning_val_score_0": 0.20012986782709763,
    "tuning_val_score_best": 0.18137081625976081,
    "tuning_overall_gain": 0.018759051567336815,
    "tuning_gain_pct": 9.37343924273398,
    "eval_overfitting_ratio": 1.061261110681865,
    "primary_metric": "1-AUROC",
    "tabpfn_primary_score": 0.18370534846103337,
    "eval_primary_value": 0.19248179390911024,
    "eval_primary_delta": 0.008776445448076875,
    "eval_primary_delta_pct": 4.7774577722425375,
    "secondary_metric": "Accuracy",
    "tabpfn_secondary_score": 0.9822,
    "eval_secondary_value": 0.9822,
    "eval_secondary_delta": 0.0,
    "eval_secondary_delta_pct": 0.0,
    "feat_share_embedded_pct": 100.00000000000001,
    "feat_share_raw_pct": 0,
    "feat_active_embedded_pct": 100.0,
    "feat_active_raw_pct": 0,
    "feat_cr5_pct": 47.86166391243353,
    "feat_cr10_pct": 62.478835130920636,
    "time_tuning_search_secs": 182.16312646865845,
    "time_train_secs": 1.1772162914276123,
    "time_infer_secs": 0.045914649963378906,
    "time_train_secs_per_1K": 0.029430407285690307,
    "time_infer_secs_per_1K": 0.004591464996337891,
    "time_total_secs": 186.73497247695923
}