{
    "dataset": "polish_companies_bankruptcy",
    "algorithm": "lightgbm",
    "mode": "raw-only",
    "task_type": "binary",
    "dataset_samples_count": 5910,
    "dataset_raw_features_count": 64,
    "feat_total_count": 64,
    "pca_n_components": 52,
    "optimal_trees": 152,
    "tuning_completed": 26,
    "tuning_best_idx": 0,
    "tuning_val_score_0": 0.042691241685144155,
    "tuning_val_score_best": 0.042691241685144155,
    "tuning_overall_gain": 0.0,
    "tuning_gain_pct": 0.0,
    "eval_overfitting_ratio": 0.9244952282022993,
    "primary_metric": "1-AUROC",
    "tabpfn_primary_score": 0.017195121951219416,
    "eval_primary_value": 0.03946784922394686,
    "eval_primary_delta": 0.022272727272727444,
    "eval_primary_delta_pct": 129.52933591231636,
    "secondary_metric": "Accuracy",
    "tabpfn_secondary_score": 0.9805414551607445,
    "eval_secondary_value": 0.9678510998307953,
    "eval_secondary_delta": -0.012690355329949221,
    "eval_secondary_delta_pct": -1.294219154443484,
    "feat_share_embedded_pct": 0,
    "feat_share_raw_pct": 99.99999999999999,
    "feat_active_embedded_pct": 0,
    "feat_active_raw_pct": 96.875,
    "feat_cr5_pct": 59.80822262461453,
    "feat_cr10_pct": 71.86736854756867,
    "time_tuning_search_secs": 117.6449990272522,
    "time_train_secs": 0.28806614875793457,
    "time_infer_secs": 0.0025055408477783203,
    "time_train_secs_per_1K": 0.06092769643780342,
    "time_infer_secs_per_1K": 0.0021197469101339426,
    "time_total_secs": 119.68565487861633
}