{
    "dataset": "bank_customer_churn",
    "algorithm": "catboost",
    "mode": "embed-only",
    "task_type": "binary",
    "dataset_samples_count": 10000,
    "dataset_raw_features_count": 10,
    "feat_total_count": 20,
    "pca_n_components": 20,
    "optimal_trees": 1000,
    "tuning_completed": 26,
    "tuning_best_idx": 16,
    "tuning_val_score_0": 0.13519188876176758,
    "tuning_val_score_best": 0.13214753678801894,
    "tuning_overall_gain": 0.003044351973748638,
    "tuning_gain_pct": 2.2518747253493396,
    "eval_overfitting_ratio": 0.9635497084997778,
    "primary_metric": "1-AUROC",
    "tabpfn_primary_score": 0.12259254632135974,
    "eval_primary_value": 0.12733072055105932,
    "eval_primary_delta": 0.004738174229699577,
    "eval_primary_delta_pct": 3.864977416554425,
    "secondary_metric": "Accuracy",
    "tabpfn_secondary_score": 0.869,
    "eval_secondary_value": 0.866,
    "eval_secondary_delta": -0.0030000000000000027,
    "eval_secondary_delta_pct": -0.3452243958573076,
    "feat_share_embedded_pct": 100.0,
    "feat_share_raw_pct": 0,
    "feat_active_embedded_pct": 100.0,
    "feat_active_raw_pct": 0,
    "feat_cr5_pct": 49.78821181072798,
    "feat_cr10_pct": 79.07891165173875,
    "time_tuning_search_secs": 322.91670393943787,
    "time_train_secs": 2.3563926219940186,
    "time_infer_secs": 0.004560232162475586,
    "time_train_secs_per_1K": 0.2945490777492523,
    "time_infer_secs_per_1K": 0.002280116081237793,
    "time_total_secs": 326.98123955726624
}