{
    "dataset": "students_dropout_and_academic_success",
    "algorithm": "xgboost",
    "mode": "raw-only",
    "task_type": "multiclass",
    "dataset_samples_count": 4424,
    "dataset_raw_features_count": 36,
    "feat_total_count": 36,
    "pca_n_components": 29,
    "optimal_trees": 1000,
    "tuning_completed": 26,
    "tuning_best_idx": 8,
    "tuning_val_score_0": 0.5723121070239394,
    "tuning_val_score_best": 0.5433280860667304,
    "tuning_overall_gain": 0.028984020957208978,
    "tuning_gain_pct": 5.064373198031367,
    "eval_overfitting_ratio": 1.031684417356872,
    "primary_metric": "Log_Loss",
    "tabpfn_primary_score": 0.5324069501376939,
    "eval_primary_value": 0.5605431199073792,
    "eval_primary_delta": 0.02813616976968525,
    "eval_primary_delta_pct": 5.28471120867384,
    "secondary_metric": "Accuracy",
    "tabpfn_secondary_score": 0.784180790960452,
    "eval_secondary_value": 0.7740112994350282,
    "eval_secondary_delta": -0.01016949152542379,
    "eval_secondary_delta_pct": -1.296829971181564,
    "feat_share_embedded_pct": 0,
    "feat_share_raw_pct": 100.00000000000003,
    "feat_active_embedded_pct": 0,
    "feat_active_raw_pct": 100.0,
    "feat_cr5_pct": 59.84903288966134,
    "feat_cr10_pct": 74.79831989318282,
    "time_tuning_search_secs": 516.4252271652222,
    "time_train_secs": 1.706908941268921,
    "time_infer_secs": 0.015204191207885742,
    "time_train_secs_per_1K": 0.48231391389345035,
    "time_infer_secs_per_1K": 0.017179877071057337,
    "time_total_secs": 520.0354130268097
}