{
    "dataset": "hazelnut-spread-contaminant-detection",
    "algorithm": "lightgbm",
    "mode": "raw-only",
    "task_type": "binary",
    "dataset_samples_count": 2400,
    "dataset_raw_features_count": 30,
    "feat_total_count": 30,
    "pca_n_components": 48,
    "optimal_trees": 438,
    "tuning_completed": 26,
    "tuning_best_idx": 0,
    "tuning_val_score_0": 0.02193576388888885,
    "tuning_val_score_best": 0.02193576388888885,
    "tuning_overall_gain": 0.0,
    "tuning_gain_pct": 0.0,
    "eval_overfitting_ratio": 0.6046695686584878,
    "primary_metric": "1-AUROC",
    "tabpfn_primary_score": 0.002899305555555509,
    "eval_primary_value": 0.013263888888888853,
    "eval_primary_delta": 0.010364583333333344,
    "eval_primary_delta_pct": 357.48502994012586,
    "secondary_metric": "Accuracy",
    "tabpfn_secondary_score": 0.9729166666666667,
    "eval_secondary_value": 0.9541666666666667,
    "eval_secondary_delta": -0.018749999999999933,
    "eval_secondary_delta_pct": -1.9271948608136975,
    "feat_share_embedded_pct": 0,
    "feat_share_raw_pct": 99.99999999999999,
    "feat_active_embedded_pct": 0,
    "feat_active_raw_pct": 100.0,
    "feat_cr5_pct": 54.58643454940228,
    "feat_cr10_pct": 72.4298247613692,
    "time_tuning_search_secs": 94.86012554168701,
    "time_train_secs": 0.37938833236694336,
    "time_infer_secs": 0.0027604103088378906,
    "time_train_secs_per_1K": 0.19759808977444968,
    "time_infer_secs_per_1K": 0.005750854810078939,
    "time_total_secs": 97.03123736381531
}