{
    "dataset": "maternal_health_risk",
    "algorithm": "lightgbm",
    "mode": "embed-only",
    "task_type": "multiclass",
    "dataset_samples_count": 1014,
    "dataset_raw_features_count": 6,
    "feat_total_count": 38,
    "pca_n_components": 38,
    "optimal_trees": 90,
    "tuning_completed": 26,
    "tuning_best_idx": 20,
    "tuning_val_score_0": 0.4276377733298409,
    "tuning_val_score_best": 0.4134727165303252,
    "tuning_overall_gain": 0.014165056799515685,
    "tuning_gain_pct": 3.3123960704448923,
    "eval_overfitting_ratio": 1.0161759586894157,
    "primary_metric": "Log_Loss",
    "tabpfn_primary_score": 0.32577805318868375,
    "eval_primary_value": 0.4201610341121202,
    "eval_primary_delta": 0.09438298092343644,
    "eval_primary_delta_pct": 28.971559010689962,
    "secondary_metric": "Accuracy",
    "tabpfn_secondary_score": 0.8620689655172413,
    "eval_secondary_value": 0.8423645320197044,
    "eval_secondary_delta": -0.019704433497536922,
    "eval_secondary_delta_pct": -2.285714285714283,
    "feat_share_embedded_pct": 100.00000000000001,
    "feat_share_raw_pct": 0,
    "feat_active_embedded_pct": 100.0,
    "feat_active_raw_pct": 0,
    "feat_cr5_pct": 45.34811913875701,
    "feat_cr10_pct": 60.66516728386268,
    "time_tuning_search_secs": 123.27524542808533,
    "time_train_secs": 0.1825714111328125,
    "time_infer_secs": 0.001238107681274414,
    "time_train_secs_per_1K": 0.22511887932529284,
    "time_infer_secs_per_1K": 0.0060990526171153395,
    "time_total_secs": 125.1661205291748
}