{
    "dataset": "e-commereshippingdata",
    "algorithm": "catboost",
    "mode": "embed-only",
    "task_type": "binary",
    "dataset_samples_count": 10999,
    "dataset_raw_features_count": 10,
    "feat_total_count": 11,
    "pca_n_components": 11,
    "optimal_trees": 288,
    "tuning_completed": 26,
    "tuning_best_idx": 10,
    "tuning_val_score_0": 0.25799869076966775,
    "tuning_val_score_best": 0.2512862635031793,
    "tuning_overall_gain": 0.006712427266488463,
    "tuning_gain_pct": 2.6017291973318906,
    "eval_overfitting_ratio": 1.0484228537036415,
    "primary_metric": "1-AUROC",
    "tabpfn_primary_score": 0.2576305284678151,
    "eval_primary_value": 0.26345426147852846,
    "eval_primary_delta": 0.005823733010713372,
    "eval_primary_delta_pct": 2.2604980261261667,
    "secondary_metric": "Accuracy",
    "tabpfn_secondary_score": 0.6822727272727273,
    "eval_secondary_value": 0.6622727272727272,
    "eval_secondary_delta": -0.020000000000000018,
    "eval_secondary_delta_pct": -2.931379080612927,
    "feat_share_embedded_pct": 100.0,
    "feat_share_raw_pct": 0,
    "feat_active_embedded_pct": 100.0,
    "feat_active_raw_pct": 0,
    "feat_cr5_pct": 57.979247543015695,
    "feat_cr10_pct": 93.51366049083265,
    "time_tuning_search_secs": 88.10672307014465,
    "time_train_secs": 0.7761116027832031,
    "time_infer_secs": 0.001299142837524414,
    "time_train_secs_per_1K": 0.08820452355758646,
    "time_infer_secs_per_1K": 0.0005905194716020063,
    "time_total_secs": 90.6066677570343
}