{
    "dataset": "taiwanese_bankruptcy_prediction",
    "algorithm": "lightgbm",
    "mode": "combined",
    "task_type": "binary",
    "dataset_samples_count": 6819,
    "dataset_raw_features_count": 94,
    "feat_total_count": 126,
    "pca_n_components": 32,
    "optimal_trees": 364,
    "tuning_completed": 26,
    "tuning_best_idx": 16,
    "tuning_val_score_0": 0.05519408110627588,
    "tuning_val_score_best": 0.04513645037769054,
    "tuning_overall_gain": 0.010057630728585343,
    "tuning_gain_pct": 18.22229943319363,
    "eval_overfitting_ratio": 0.9887374572018163,
    "primary_metric": "1-AUROC",
    "tabpfn_primary_score": 0.0431818181818181,
    "eval_primary_value": 0.044628099173553704,
    "eval_primary_delta": 0.0014462809917356045,
    "eval_primary_delta_pct": 3.3492822966508804,
    "secondary_metric": "Accuracy",
    "tabpfn_secondary_score": 0.9736070381231672,
    "eval_secondary_value": 0.9728739002932552,
    "eval_secondary_delta": -0.0007331378299120228,
    "eval_secondary_delta_pct": -0.07530120481927703,
    "feat_share_embedded_pct": 23.563873777209462,
    "feat_share_raw_pct": 76.43612622279049,
    "feat_active_embedded_pct": 100.0,
    "feat_active_raw_pct": 96.80851063829788,
    "feat_cr5_pct": 25.0585587047182,
    "feat_cr10_pct": 41.18123294043477,
    "time_tuning_search_secs": 94.2009048461914,
    "time_train_secs": 0.19243836402893066,
    "time_infer_secs": 0.0033609867095947266,
    "time_train_secs_per_1K": 0.03527742695305787,
    "time_infer_secs_per_1K": 0.00246406650263543,
    "time_total_secs": 96.05823254585266
}