{
    "dataset": "hazelnut-spread-contaminant-detection",
    "algorithm": "xgboost",
    "mode": "embed-only",
    "task_type": "binary",
    "dataset_samples_count": 2400,
    "dataset_raw_features_count": 30,
    "feat_total_count": 48,
    "pca_n_components": 48,
    "optimal_trees": 882,
    "tuning_completed": 26,
    "tuning_best_idx": 21,
    "tuning_val_score_0": 0.017968749999999978,
    "tuning_val_score_best": 0.014270833333333344,
    "tuning_overall_gain": 0.003697916666666634,
    "tuning_gain_pct": 20.57971014492738,
    "eval_overfitting_ratio": 0.6873479318734812,
    "primary_metric": "1-AUROC",
    "tabpfn_primary_score": 0.002899305555555509,
    "eval_primary_value": 0.009809027777777812,
    "eval_primary_delta": 0.006909722222222303,
    "eval_primary_delta_pct": 238.32335329341979,
    "secondary_metric": "Accuracy",
    "tabpfn_secondary_score": 0.9729166666666667,
    "eval_secondary_value": 0.95625,
    "eval_secondary_delta": -0.016666666666666607,
    "eval_secondary_delta_pct": -1.7130620985010645,
    "feat_share_embedded_pct": 100.00000000000001,
    "feat_share_raw_pct": 0,
    "feat_active_embedded_pct": 100.0,
    "feat_active_raw_pct": 0,
    "feat_cr5_pct": 59.204812404757185,
    "feat_cr10_pct": 70.55052890255963,
    "time_tuning_search_secs": 306.07890343666077,
    "time_train_secs": 1.4522247314453125,
    "time_infer_secs": 0.002104520797729492,
    "time_train_secs_per_1K": 0.756367047627767,
    "time_infer_secs_per_1K": 0.004384418328603109,
    "time_total_secs": 309.36195611953735
}