{
    "dataset": "bioresponse",
    "algorithm": "lightgbm",
    "mode": "embed-only",
    "task_type": "binary",
    "dataset_samples_count": 3751,
    "dataset_raw_features_count": 1776,
    "feat_total_count": 54,
    "pca_n_components": 54,
    "optimal_trees": 271,
    "tuning_completed": 26,
    "tuning_best_idx": 14,
    "tuning_val_score_0": 0.17381401424979082,
    "tuning_val_score_best": 0.16619773117348724,
    "tuning_overall_gain": 0.007616283076303576,
    "tuning_gain_pct": 4.381857877902813,
    "eval_overfitting_ratio": 1.0652794393409792,
    "primary_metric": "1-AUROC",
    "tabpfn_primary_score": 0.12839980572538723,
    "eval_primary_value": 0.17704702588423527,
    "eval_primary_delta": 0.04864722015884804,
    "eval_primary_delta_pct": 37.88730043945036,
    "secondary_metric": "Accuracy",
    "tabpfn_secondary_score": 0.7882822902796272,
    "eval_secondary_value": 0.7456724367509987,
    "eval_secondary_delta": -0.04260985352862845,
    "eval_secondary_delta_pct": -5.405405405405399,
    "feat_share_embedded_pct": 99.99999999999997,
    "feat_share_raw_pct": 0,
    "feat_active_embedded_pct": 100.0,
    "feat_active_raw_pct": 0,
    "feat_cr5_pct": 26.452901971628933,
    "feat_cr10_pct": 38.16576897675552,
    "time_tuning_search_secs": 218.63985800743103,
    "time_train_secs": 0.7065422534942627,
    "time_infer_secs": 0.0031588077545166016,
    "time_train_secs_per_1K": 0.23551408449808756,
    "time_infer_secs_per_1K": 0.004206135492032758,
    "time_total_secs": 221.598299741745
}