{
    "dataset": "polish_companies_bankruptcy",
    "algorithm": "lightgbm",
    "mode": "embed-only",
    "task_type": "binary",
    "dataset_samples_count": 5910,
    "dataset_raw_features_count": 64,
    "feat_total_count": 52,
    "pca_n_components": 52,
    "optimal_trees": 447,
    "tuning_completed": 26,
    "tuning_best_idx": 16,
    "tuning_val_score_0": 0.018774944567627516,
    "tuning_val_score_best": 0.015371396895787148,
    "tuning_overall_gain": 0.003403547671840368,
    "tuning_gain_pct": 18.128136994390363,
    "eval_overfitting_ratio": 1.115759105661734,
    "primary_metric": "1-AUROC",
    "tabpfn_primary_score": 0.017195121951219416,
    "eval_primary_value": 0.017150776053215022,
    "eval_primary_delta": -4.434589800439426e-05,
    "eval_primary_delta_pct": -0.25789813023832264,
    "secondary_metric": "Accuracy",
    "tabpfn_secondary_score": 0.9805414551607445,
    "eval_secondary_value": 0.9805414551607445,
    "eval_secondary_delta": 0.0,
    "eval_secondary_delta_pct": 0.0,
    "feat_share_embedded_pct": 99.99999999999993,
    "feat_share_raw_pct": 0,
    "feat_active_embedded_pct": 100.0,
    "feat_active_raw_pct": 0,
    "feat_cr5_pct": 61.16594553944467,
    "feat_cr10_pct": 69.79073081504588,
    "time_tuning_search_secs": 93.85403156280518,
    "time_train_secs": 0.3804206848144531,
    "time_infer_secs": 0.0036873817443847656,
    "time_train_secs_per_1K": 0.08046122775263391,
    "time_infer_secs_per_1K": 0.0031196123048940487,
    "time_total_secs": 95.92504382133484
}