{
    "dataset": "splice",
    "algorithm": "catboost",
    "mode": "raw-only",
    "task_type": "multiclass",
    "dataset_samples_count": 3190,
    "dataset_raw_features_count": 60,
    "feat_total_count": 60,
    "pca_n_components": 33,
    "optimal_trees": 1000,
    "tuning_completed": 26,
    "tuning_best_idx": 5,
    "tuning_val_score_0": 0.2652467742610799,
    "tuning_val_score_best": 0.11716895513126488,
    "tuning_overall_gain": 0.14807781912981502,
    "tuning_gain_pct": 55.82643541748161,
    "eval_overfitting_ratio": 0.8696565395045598,
    "primary_metric": "Log_Loss",
    "tabpfn_primary_score": 0.10458652604603381,
    "eval_primary_value": 0.10189674805682085,
    "eval_primary_delta": -0.002689777989212966,
    "eval_primary_delta_pct": -2.5718207601895666,
    "secondary_metric": "Accuracy",
    "tabpfn_secondary_score": 0.9717868338557993,
    "eval_secondary_value": 0.9686520376175548,
    "eval_secondary_delta": -0.0031347962382445305,
    "eval_secondary_delta_pct": -0.32258064516129203,
    "feat_share_embedded_pct": 0,
    "feat_share_raw_pct": 99.99999999999999,
    "feat_active_embedded_pct": 0,
    "feat_active_raw_pct": 100.0,
    "feat_cr5_pct": 67.6009376831584,
    "feat_cr10_pct": 78.28329224215965,
    "time_tuning_search_secs": 758.8003430366516,
    "time_train_secs": 4.6473963260650635,
    "time_infer_secs": 0.008872032165527344,
    "time_train_secs_per_1K": 1.821080065072517,
    "time_infer_secs_per_1K": 0.013906006529039724,
    "time_total_secs": 765.0628099441528
}