{
    "dataset": "qsar-biodeg",
    "algorithm": "lightgbm",
    "mode": "raw-only",
    "task_type": "binary",
    "dataset_samples_count": 1054,
    "dataset_raw_features_count": 41,
    "feat_total_count": 41,
    "pca_n_components": 45,
    "optimal_trees": 528,
    "tuning_completed": 26,
    "tuning_best_idx": 15,
    "tuning_val_score_0": 0.07619012701699035,
    "tuning_val_score_best": 0.0634951033553518,
    "tuning_overall_gain": 0.01269502366163855,
    "tuning_gain_pct": 16.662294917565326,
    "eval_overfitting_ratio": 0.6702143904513382,
    "primary_metric": "1-AUROC",
    "tabpfn_primary_score": 0.04185110663983904,
    "eval_primary_value": 0.04255533199195183,
    "eval_primary_delta": 0.0007042253521127861,
    "eval_primary_delta_pct": 1.6826923076925702,
    "secondary_metric": "Accuracy",
    "tabpfn_secondary_score": 0.8862559241706162,
    "eval_secondary_value": 0.8862559241706162,
    "eval_secondary_delta": 0.0,
    "eval_secondary_delta_pct": 0.0,
    "feat_share_embedded_pct": 0,
    "feat_share_raw_pct": 99.99999999999994,
    "feat_active_embedded_pct": 0,
    "feat_active_raw_pct": 100.0,
    "feat_cr5_pct": 35.11871864876703,
    "feat_cr10_pct": 53.55417313097057,
    "time_tuning_search_secs": 53.57846927642822,
    "time_train_secs": 0.27045702934265137,
    "time_infer_secs": 0.004568338394165039,
    "time_train_secs_per_1K": 0.32082684382283677,
    "time_infer_secs_per_1K": 0.021650892863341417,
    "time_total_secs": 55.364418268203735
}