{
    "dataset": "taiwanese_bankruptcy_prediction",
    "algorithm": "lightgbm",
    "mode": "embed-only",
    "task_type": "binary",
    "dataset_samples_count": 6819,
    "dataset_raw_features_count": 94,
    "feat_total_count": 32,
    "pca_n_components": 32,
    "optimal_trees": 100,
    "tuning_completed": 26,
    "tuning_best_idx": 14,
    "tuning_val_score_0": 0.0637431051095867,
    "tuning_val_score_best": 0.05166333026080927,
    "tuning_overall_gain": 0.012079774848777425,
    "tuning_gain_pct": 18.950716046872774,
    "eval_overfitting_ratio": 0.8318319085243017,
    "primary_metric": "1-AUROC",
    "tabpfn_primary_score": 0.0431818181818181,
    "eval_primary_value": 0.04297520661157028,
    "eval_primary_delta": -0.00020661157024781662,
    "eval_primary_delta_pct": -0.4784688995212605,
    "secondary_metric": "Accuracy",
    "tabpfn_secondary_score": 0.9736070381231672,
    "eval_secondary_value": 0.9743401759530792,
    "eval_secondary_delta": 0.0007331378299120228,
    "eval_secondary_delta_pct": 0.07530120481927703,
    "feat_share_embedded_pct": 100.0,
    "feat_share_raw_pct": 0,
    "feat_active_embedded_pct": 100.0,
    "feat_active_raw_pct": 0,
    "feat_cr5_pct": 54.79367376891909,
    "feat_cr10_pct": 74.70445677925295,
    "time_tuning_search_secs": 73.86704969406128,
    "time_train_secs": 0.050917863845825195,
    "time_infer_secs": 0.0010499954223632812,
    "time_train_secs_per_1K": 0.009334163858079779,
    "time_infer_secs_per_1K": 0.0007697913653689745,
    "time_total_secs": 76.58029794692993
}