{
    "dataset": "hiva_agnostic",
    "algorithm": "catboost",
    "mode": "raw-only",
    "task_type": "multiclass",
    "dataset_samples_count": 3845,
    "dataset_raw_features_count": 1617,
    "feat_total_count": 1617,
    "pca_n_components": 49,
    "optimal_trees": 421,
    "tuning_completed": 26,
    "tuning_best_idx": 5,
    "tuning_val_score_0": 0.18774426101756225,
    "tuning_val_score_best": 0.1757280519773105,
    "tuning_overall_gain": 0.012016209040251746,
    "tuning_gain_pct": 6.400306978825684,
    "eval_overfitting_ratio": 1.0270185254397721,
    "primary_metric": "Log_Loss",
    "tabpfn_primary_score": 0.17995572619000175,
    "eval_primary_value": 0.18047596482014105,
    "eval_primary_delta": 0.000520238630139308,
    "eval_primary_delta_pct": 0.28909256801866207,
    "secondary_metric": "Accuracy",
    "tabpfn_secondary_score": 0.9648894668400521,
    "eval_secondary_value": 0.9648894668400521,
    "eval_secondary_delta": 0.0,
    "eval_secondary_delta_pct": 0.0,
    "feat_share_embedded_pct": 0,
    "feat_share_raw_pct": 99.99999999999999,
    "feat_active_embedded_pct": 0,
    "feat_active_raw_pct": 98.94867037724181,
    "feat_cr5_pct": 5.055421821484412,
    "feat_cr10_pct": 7.707740198949511,
    "time_tuning_search_secs": 2265.0858314037323,
    "time_train_secs": 10.138247013092041,
    "time_infer_secs": 0.14905953407287598,
    "time_train_secs_per_1K": 3.295919054971405,
    "time_infer_secs_per_1K": 0.19383554495822625,
    "time_total_secs": 2279.5124657154083
}