{
    "dataset": "sdss17",
    "algorithm": "xgboost",
    "mode": "combined",
    "task_type": "multiclass",
    "dataset_samples_count": 78053,
    "dataset_raw_features_count": 11,
    "feat_total_count": 32,
    "pca_n_components": 21,
    "optimal_trees": 345,
    "tuning_completed": 26,
    "tuning_best_idx": 15,
    "tuning_val_score_0": 0.07634497560643348,
    "tuning_val_score_best": 0.06459728552407197,
    "tuning_overall_gain": 0.011747690082361512,
    "tuning_gain_pct": 15.387640102109811,
    "eval_overfitting_ratio": 0.9762036335637541,
    "primary_metric": "Log_Loss",
    "tabpfn_primary_score": 0.06354347925948427,
    "eval_primary_value": 0.06306010484695435,
    "eval_primary_delta": -0.00048337441252992164,
    "eval_primary_delta_pct": -0.760698687202865,
    "secondary_metric": "Accuracy",
    "tabpfn_secondary_score": 0.9795016334635833,
    "eval_secondary_value": 0.9803343796041253,
    "eval_secondary_delta": 0.0008327461405419623,
    "eval_secondary_delta_pct": 0.08501733045582743,
    "feat_share_embedded_pct": 47.72643118174635,
    "feat_share_raw_pct": 52.27356881825364,
    "feat_active_embedded_pct": 100.0,
    "feat_active_raw_pct": 100.0,
    "feat_cr5_pct": 87.7782988535764,
    "feat_cr10_pct": 94.05822026687964,
    "time_tuning_search_secs": 1830.6398339271545,
    "time_train_secs": 4.053210973739624,
    "time_infer_secs": 0.030438899993896484,
    "time_train_secs_per_1K": 0.06491161355721509,
    "time_infer_secs_per_1K": 0.0019498366532506876,
    "time_total_secs": 1837.561738729477
}