{
    "dataset": "online_shoppers_intention",
    "algorithm": "catboost",
    "mode": "embed-only",
    "task_type": "binary",
    "dataset_samples_count": 12330,
    "dataset_raw_features_count": 17,
    "feat_total_count": 21,
    "pca_n_components": 21,
    "optimal_trees": 983,
    "tuning_completed": 26,
    "tuning_best_idx": 21,
    "tuning_val_score_0": 0.06927249437086513,
    "tuning_val_score_best": 0.0648579488489549,
    "tuning_overall_gain": 0.004414545521910229,
    "tuning_gain_pct": 6.372724935060104,
    "eval_overfitting_ratio": 0.9984964008985272,
    "primary_metric": "1-AUROC",
    "tabpfn_primary_score": 0.06073574780677515,
    "eval_primary_value": 0.06476042849534225,
    "eval_primary_delta": 0.004024680688567095,
    "eval_primary_delta_pct": 6.626543401377429,
    "secondary_metric": "Accuracy",
    "tabpfn_secondary_score": 0.9014598540145985,
    "eval_secondary_value": 0.8990267639902676,
    "eval_secondary_delta": -0.0024330900243308973,
    "eval_secondary_delta_pct": -0.26990553306342746,
    "feat_share_embedded_pct": 100.00000000000003,
    "feat_share_raw_pct": 0,
    "feat_active_embedded_pct": 100.0,
    "feat_active_raw_pct": 0,
    "feat_cr5_pct": 63.602068451798694,
    "feat_cr10_pct": 81.28216985624388,
    "time_tuning_search_secs": 656.1495244503021,
    "time_train_secs": 7.158459186553955,
    "time_infer_secs": 0.01666855812072754,
    "time_train_secs_per_1K": 0.7257156515160132,
    "time_infer_secs_per_1K": 0.006759350413920332,
    "time_total_secs": 665.0179581642151
}