{
    "dataset": "churn",
    "algorithm": "catboost",
    "mode": "raw-only",
    "task_type": "binary",
    "dataset_samples_count": 5000,
    "dataset_raw_features_count": 19,
    "feat_total_count": 19,
    "pca_n_components": 20,
    "optimal_trees": 658,
    "tuning_completed": 26,
    "tuning_best_idx": 17,
    "tuning_val_score_0": 0.07336962224368049,
    "tuning_val_score_best": 0.06911632149922353,
    "tuning_overall_gain": 0.004253300744456956,
    "tuning_gain_pct": 5.79708687926808,
    "eval_overfitting_ratio": 1.2489100044365904,
    "primary_metric": "1-AUROC",
    "tabpfn_primary_score": 0.08595678630107573,
    "eval_primary_value": 0.08632006539023607,
    "eval_primary_delta": 0.0003632790891603399,
    "eval_primary_delta_pct": 0.42262991067151323,
    "secondary_metric": "Accuracy",
    "tabpfn_secondary_score": 0.973,
    "eval_secondary_value": 0.96,
    "eval_secondary_delta": -0.013000000000000012,
    "eval_secondary_delta_pct": -1.3360739979445027,
    "feat_share_embedded_pct": 0,
    "feat_share_raw_pct": 100.0,
    "feat_active_embedded_pct": 0,
    "feat_active_raw_pct": 100.0,
    "feat_cr5_pct": 43.0968882272354,
    "feat_cr10_pct": 70.15966465428129,
    "time_tuning_search_secs": 168.03153729438782,
    "time_train_secs": 2.18882155418396,
    "time_infer_secs": 0.0022492408752441406,
    "time_train_secs_per_1K": 0.54720538854599,
    "time_infer_secs_per_1K": 0.0022492408752441406,
    "time_total_secs": 172.2265145778656
}