{
    "dataset": "bioresponse",
    "algorithm": "xgboost",
    "mode": "raw-only",
    "task_type": "binary",
    "dataset_samples_count": 3751,
    "dataset_raw_features_count": 1776,
    "feat_total_count": 1776,
    "pca_n_components": 54,
    "optimal_trees": 794,
    "tuning_completed": 26,
    "tuning_best_idx": 21,
    "tuning_val_score_0": 0.12633457429877504,
    "tuning_val_score_best": 0.11643375161701497,
    "tuning_overall_gain": 0.009900822681760069,
    "tuning_gain_pct": 7.836985826496799,
    "eval_overfitting_ratio": 1.0724063403853914,
    "primary_metric": "1-AUROC",
    "tabpfn_primary_score": 0.12839980572538723,
    "eval_primary_value": 0.12486429346894468,
    "eval_primary_delta": -0.0035355122564425523,
    "eval_primary_delta_pct": -2.753518384602595,
    "secondary_metric": "Accuracy",
    "tabpfn_secondary_score": 0.7882822902796272,
    "eval_secondary_value": 0.7869507323568575,
    "eval_secondary_delta": -0.0013315579227696217,
    "eval_secondary_delta_pct": -0.16891891891891656,
    "feat_share_embedded_pct": 0,
    "feat_share_raw_pct": 100.00000000000006,
    "feat_active_embedded_pct": 0,
    "feat_active_raw_pct": 74.83108108108108,
    "feat_cr5_pct": 23.668268981058354,
    "feat_cr10_pct": 27.77383258469363,
    "time_tuning_search_secs": 3211.495004415512,
    "time_train_secs": 22.285359382629395,
    "time_infer_secs": 0.00556492805480957,
    "time_train_secs_per_1K": 7.428453127543132,
    "time_infer_secs_per_1K": 0.007410024041024727,
    "time_total_secs": 3236.6089010238647
}