{
    "dataset": "e-commereshippingdata",
    "algorithm": "catboost",
    "mode": "combined",
    "task_type": "binary",
    "dataset_samples_count": 10999,
    "dataset_raw_features_count": 10,
    "feat_total_count": 21,
    "pca_n_components": 11,
    "optimal_trees": 594,
    "tuning_completed": 26,
    "tuning_best_idx": 25,
    "tuning_val_score_0": 0.2554854429847049,
    "tuning_val_score_best": 0.2490970237712553,
    "tuning_overall_gain": 0.00638841921344957,
    "tuning_gain_pct": 2.5005022355939177,
    "eval_overfitting_ratio": 1.0438352844412444,
    "primary_metric": "1-AUROC",
    "tabpfn_primary_score": 0.2576305284678151,
    "eval_primary_value": 0.2600162626617357,
    "eval_primary_delta": 0.00238573419392063,
    "eval_primary_delta_pct": 0.9260293056529874,
    "secondary_metric": "Accuracy",
    "tabpfn_secondary_score": 0.6822727272727273,
    "eval_secondary_value": 0.6795454545454546,
    "eval_secondary_delta": -0.0027272727272726893,
    "eval_secondary_delta_pct": -0.399733510992666,
    "feat_share_embedded_pct": 59.75185767297121,
    "feat_share_raw_pct": 40.2481423270288,
    "feat_active_embedded_pct": 100.0,
    "feat_active_raw_pct": 100.0,
    "feat_cr5_pct": 88.05494699246937,
    "feat_cr10_pct": 94.87511043481909,
    "time_tuning_search_secs": 77.10002636909485,
    "time_train_secs": 0.8007349967956543,
    "time_infer_secs": 0.003131389617919922,
    "time_train_secs_per_1K": 0.09100295451706493,
    "time_infer_secs_per_1K": 0.001423358917236328,
    "time_total_secs": 79.46103405952454
}