{
    "dataset": "in_vehicle_coupon_recommendation",
    "algorithm": "catboost",
    "mode": "embed-only",
    "task_type": "binary",
    "dataset_samples_count": 12684,
    "dataset_raw_features_count": 24,
    "feat_total_count": 58,
    "pca_n_components": 58,
    "optimal_trees": 1000,
    "tuning_completed": 26,
    "tuning_best_idx": 10,
    "tuning_val_score_0": 0.2304689974706936,
    "tuning_val_score_best": 0.1816464660096453,
    "tuning_overall_gain": 0.04882253146104831,
    "tuning_gain_pct": 21.183990904137367,
    "eval_overfitting_ratio": 0.8795387354268811,
    "primary_metric": "1-AUROC",
    "tabpfn_primary_score": 0.12970348133933718,
    "eval_primary_value": 0.15976510300888536,
    "eval_primary_delta": 0.030061621669548177,
    "eval_primary_delta_pct": 23.177189508814614,
    "secondary_metric": "Accuracy",
    "tabpfn_secondary_score": 0.7942451714623571,
    "eval_secondary_value": 0.7666535277887269,
    "eval_secondary_delta": -0.027591643673630206,
    "eval_secondary_delta_pct": -3.4739454094292723,
    "feat_share_embedded_pct": 100.00000000000004,
    "feat_share_raw_pct": 0,
    "feat_active_embedded_pct": 100.0,
    "feat_active_raw_pct": 0,
    "feat_cr5_pct": 14.546609736111552,
    "feat_cr10_pct": 24.84367267858186,
    "time_tuning_search_secs": 1737.7164380550385,
    "time_train_secs": 28.552083730697632,
    "time_infer_secs": 0.03270125389099121,
    "time_train_secs_per_1K": 2.8138448537200778,
    "time_infer_secs_per_1K": 0.012889733500587785,
    "time_total_secs": 1768.4593496322632
}