{
    "dataset": "diamonds",
    "algorithm": "lightgbm",
    "mode": "embed-only",
    "task_type": "regression",
    "dataset_samples_count": 53940,
    "dataset_raw_features_count": 9,
    "feat_total_count": 29,
    "pca_n_components": 29,
    "optimal_trees": 200,
    "tuning_completed": 26,
    "tuning_best_idx": 19,
    "tuning_val_score_0": 514.9237805731182,
    "tuning_val_score_best": 507.1613318184244,
    "tuning_overall_gain": 7.762448754693764,
    "tuning_gain_pct": 1.5074947103926797,
    "eval_overfitting_ratio": 0.9473477030762977,
    "primary_metric": "RMSE",
    "tabpfn_primary_score": 474.1404367703237,
    "eval_primary_value": 480.4581227873004,
    "eval_primary_delta": 6.317686016976722,
    "eval_primary_delta_pct": 1.332450372723018,
    "secondary_metric": "R2_Score",
    "tabpfn_secondary_score": 0.9855533059097163,
    "eval_secondary_value": 0.9851657509504773,
    "eval_secondary_delta": -0.0003875549592390337,
    "eval_secondary_delta_pct": -0.0393235918255381,
    "feat_share_embedded_pct": 100.00000000000003,
    "feat_share_raw_pct": 0,
    "feat_active_embedded_pct": 100.0,
    "feat_active_raw_pct": 0,
    "feat_cr5_pct": 78.69843883169123,
    "feat_cr10_pct": 96.34099590328388,
    "time_tuning_search_secs": 195.390465259552,
    "time_train_secs": 0.5674562454223633,
    "time_infer_secs": 0.01634955406188965,
    "time_train_secs_per_1K": 0.01315017253945039,
    "time_infer_secs_per_1K": 0.0015155315222367119,
    "time_total_secs": 198.95126628875732
}