{
    "dataset": "hiva_agnostic",
    "algorithm": "lightgbm",
    "mode": "combined",
    "task_type": "multiclass",
    "dataset_samples_count": 3845,
    "dataset_raw_features_count": 1617,
    "feat_total_count": 1666,
    "pca_n_components": 49,
    "optimal_trees": 28,
    "tuning_completed": 26,
    "tuning_best_idx": 22,
    "tuning_val_score_0": 0.17388414604231991,
    "tuning_val_score_best": 0.17280008895057147,
    "tuning_overall_gain": 0.0010840570917484416,
    "tuning_gain_pct": 0.6234364181105986,
    "eval_overfitting_ratio": 0.9951048898027436,
    "primary_metric": "Log_Loss",
    "tabpfn_primary_score": 0.17995572619000175,
    "eval_primary_value": 0.17195421347306272,
    "eval_primary_delta": -0.008001512716939024,
    "eval_primary_delta_pct": -4.446378498948585,
    "secondary_metric": "Accuracy",
    "tabpfn_secondary_score": 0.9648894668400521,
    "eval_secondary_value": 0.9648894668400521,
    "eval_secondary_delta": 0.0,
    "eval_secondary_delta_pct": 0.0,
    "feat_share_embedded_pct": 92.90423298819962,
    "feat_share_raw_pct": 7.095767011800376,
    "feat_active_embedded_pct": 36.734693877551024,
    "feat_active_raw_pct": 0.4329004329004329,
    "feat_cr5_pct": 77.50882362808235,
    "feat_cr10_pct": 90.17271375687437,
    "time_tuning_search_secs": 174.2029745578766,
    "time_train_secs": 0.38446831703186035,
    "time_infer_secs": 0.1615924835205078,
    "time_train_secs_per_1K": 0.1249896999453382,
    "time_infer_secs_per_1K": 0.21013326855722733,
    "time_total_secs": 178.37247395515442
}