{
    "dataset": "apsfailure",
    "algorithm": "lightgbm",
    "mode": "raw-only",
    "task_type": "binary",
    "dataset_samples_count": 76000,
    "dataset_raw_features_count": 170,
    "feat_total_count": 170,
    "pca_n_components": 41,
    "optimal_trees": 361,
    "tuning_completed": 26,
    "tuning_best_idx": 22,
    "tuning_val_score_0": 0.007767201744413477,
    "tuning_val_score_best": 0.007622296485420232,
    "tuning_overall_gain": 0.00014490525899324425,
    "tuning_gain_pct": 1.865604419216569,
    "eval_overfitting_ratio": 0.7831448137368936,
    "primary_metric": "1-AUROC",
    "tabpfn_primary_score": 0.004460849703060821,
    "eval_primary_value": 0.005969361961321806,
    "eval_primary_delta": 0.0015085122582609856,
    "eval_primary_delta_pct": 33.81670216833167,
    "secondary_metric": "Accuracy",
    "tabpfn_secondary_score": 0.995,
    "eval_secondary_value": 0.9950657894736842,
    "eval_secondary_delta": 6.578947368418575e-05,
    "eval_secondary_delta_pct": 0.006612007405445804,
    "feat_share_embedded_pct": 0,
    "feat_share_raw_pct": 100.00000000000001,
    "feat_active_embedded_pct": 0,
    "feat_active_raw_pct": 97.6470588235294,
    "feat_cr5_pct": 53.95806291693013,
    "feat_cr10_pct": 61.78940188776264,
    "time_tuning_search_secs": 728.9315481185913,
    "time_train_secs": 2.552539110183716,
    "time_infer_secs": 0.03612923622131348,
    "time_train_secs_per_1K": 0.04198255115433743,
    "time_infer_secs_per_1K": 0.002376923435612729,
    "time_total_secs": 735.7846279144287
}