{
    "dataset": "sdss17",
    "algorithm": "lightgbm",
    "mode": "combined",
    "task_type": "multiclass",
    "dataset_samples_count": 78053,
    "dataset_raw_features_count": 11,
    "feat_total_count": 32,
    "pca_n_components": 21,
    "optimal_trees": 193,
    "tuning_completed": 26,
    "tuning_best_idx": 21,
    "tuning_val_score_0": 0.07502740065674993,
    "tuning_val_score_best": 0.06319106926118846,
    "tuning_overall_gain": 0.011836331395561464,
    "tuning_gain_pct": 15.776011553049313,
    "eval_overfitting_ratio": 0.9875959200429498,
    "primary_metric": "Log_Loss",
    "tabpfn_primary_score": 0.06354347925948427,
    "eval_primary_value": 0.062407242185501186,
    "eval_primary_delta": -0.0011362370739830818,
    "eval_primary_delta_pct": -1.7881253705721367,
    "secondary_metric": "Accuracy",
    "tabpfn_secondary_score": 0.9795016334635833,
    "eval_secondary_value": 0.9803343796041253,
    "eval_secondary_delta": 0.0008327461405419623,
    "eval_secondary_delta_pct": 0.08501733045582743,
    "feat_share_embedded_pct": 55.307782215361094,
    "feat_share_raw_pct": 44.69221778463891,
    "feat_active_embedded_pct": 100.0,
    "feat_active_raw_pct": 100.0,
    "feat_cr5_pct": 74.80160911359894,
    "feat_cr10_pct": 85.96719583003357,
    "time_tuning_search_secs": 886.8889617919922,
    "time_train_secs": 0.9393637180328369,
    "time_infer_secs": 0.049712181091308594,
    "time_train_secs_per_1K": 0.015043780116473478,
    "time_infer_secs_per_1K": 0.003184432841669886,
    "time_total_secs": 890.2012591362
}