{
    "dataset": "fitness_club",
    "algorithm": "xgboost",
    "mode": "raw-only",
    "task_type": "binary",
    "dataset_samples_count": 1500,
    "dataset_raw_features_count": 6,
    "feat_total_count": 6,
    "pca_n_components": 15,
    "optimal_trees": 67,
    "tuning_completed": 26,
    "tuning_best_idx": 24,
    "tuning_val_score_0": 0.20863275789226865,
    "tuning_val_score_best": 0.17905039505582976,
    "tuning_overall_gain": 0.02958236283643889,
    "tuning_gain_pct": 14.17915534228536,
    "eval_overfitting_ratio": 1.110455457186654,
    "primary_metric": "1-AUROC",
    "tabpfn_primary_score": 0.1838161838161838,
    "eval_primary_value": 0.19882748830117247,
    "eval_primary_delta": 0.015011304484988663,
    "eval_primary_delta_pct": 8.166475972540029,
    "secondary_metric": "Accuracy",
    "tabpfn_secondary_score": 0.7633333333333333,
    "eval_secondary_value": 0.6966666666666667,
    "eval_secondary_delta": -0.06666666666666665,
    "eval_secondary_delta_pct": -8.733624454148469,
    "feat_share_embedded_pct": 0,
    "feat_share_raw_pct": 100.0,
    "feat_active_embedded_pct": 0,
    "feat_active_raw_pct": 100.0,
    "feat_cr5_pct": 99.7904401840139,
    "feat_cr10_pct": 100.0,
    "time_tuning_search_secs": 22.425084590911865,
    "time_train_secs": 0.018102407455444336,
    "time_infer_secs": 0.000659942626953125,
    "time_train_secs_per_1K": 0.015085339546203613,
    "time_infer_secs_per_1K": 0.002199808756510417,
    "time_total_secs": 24.016881942749023
}