{
    "dataset": "fitness_club",
    "algorithm": "lightgbm",
    "mode": "embed-only",
    "task_type": "binary",
    "dataset_samples_count": 1500,
    "dataset_raw_features_count": 6,
    "feat_total_count": 15,
    "pca_n_components": 15,
    "optimal_trees": 170,
    "tuning_completed": 26,
    "tuning_best_idx": 14,
    "tuning_val_score_0": 0.2078099064783847,
    "tuning_val_score_best": 0.1811780947514643,
    "tuning_overall_gain": 0.026631811726920418,
    "tuning_gain_pct": 12.815467837040059,
    "eval_overfitting_ratio": 1.1442829061486501,
    "primary_metric": "1-AUROC",
    "tabpfn_primary_score": 0.1838161838161838,
    "eval_primary_value": 0.20731899679268107,
    "eval_primary_delta": 0.023502812976497256,
    "eval_primary_delta_pct": 12.786041189931389,
    "secondary_metric": "Accuracy",
    "tabpfn_secondary_score": 0.7633333333333333,
    "eval_secondary_value": 0.7533333333333333,
    "eval_secondary_delta": -0.010000000000000009,
    "eval_secondary_delta_pct": -1.3100436681222718,
    "feat_share_embedded_pct": 100.0,
    "feat_share_raw_pct": 0,
    "feat_active_embedded_pct": 100.0,
    "feat_active_raw_pct": 0,
    "feat_cr5_pct": 77.15160288470457,
    "feat_cr10_pct": 92.97181797368262,
    "time_tuning_search_secs": 26.304752588272095,
    "time_train_secs": 0.036290645599365234,
    "time_infer_secs": 0.0007991790771484375,
    "time_train_secs_per_1K": 0.030242204666137695,
    "time_infer_secs_per_1K": 0.0026639302571614585,
    "time_total_secs": 28.130128860473633
}