{
    "dataset": "students_dropout_and_academic_success",
    "algorithm": "catboost",
    "mode": "combined",
    "task_type": "multiclass",
    "dataset_samples_count": 4424,
    "dataset_raw_features_count": 36,
    "feat_total_count": 65,
    "pca_n_components": 29,
    "optimal_trees": 1000,
    "tuning_completed": 26,
    "tuning_best_idx": 23,
    "tuning_val_score_0": 0.5925337053551422,
    "tuning_val_score_best": 0.5378185862523146,
    "tuning_overall_gain": 0.05471511910282756,
    "tuning_gain_pct": 9.234093960955924,
    "eval_overfitting_ratio": 0.9866058469509431,
    "primary_metric": "Log_Loss",
    "tabpfn_primary_score": 0.5324069501376939,
    "eval_primary_value": 0.5306149617954237,
    "eval_primary_delta": -0.0017919883422702343,
    "eval_primary_delta_pct": -0.3365824472814979,
    "secondary_metric": "Accuracy",
    "tabpfn_secondary_score": 0.784180790960452,
    "eval_secondary_value": 0.792090395480226,
    "eval_secondary_delta": 0.00790960451977396,
    "eval_secondary_delta_pct": 1.0086455331412039,
    "feat_share_embedded_pct": 40.20723497932424,
    "feat_share_raw_pct": 59.79276502067576,
    "feat_active_embedded_pct": 100.0,
    "feat_active_raw_pct": 100.0,
    "feat_cr5_pct": 46.519179235729,
    "feat_cr10_pct": 58.21951365826976,
    "time_tuning_search_secs": 2071.408578634262,
    "time_train_secs": 19.815983533859253,
    "time_infer_secs": 0.014994382858276367,
    "time_train_secs_per_1K": 5.599317189561812,
    "time_infer_secs_per_1K": 0.016942805489577818,
    "time_total_secs": 2093.048671722412
}