{
    "dataset": "is-this-a-good-customer",
    "algorithm": "lightgbm",
    "mode": "embed-only",
    "task_type": "binary",
    "dataset_samples_count": 1723,
    "dataset_raw_features_count": 13,
    "feat_total_count": 31,
    "pca_n_components": 31,
    "optimal_trees": 59,
    "tuning_completed": 26,
    "tuning_best_idx": 24,
    "tuning_val_score_0": 0.2710030476006191,
    "tuning_val_score_best": 0.24984546998624002,
    "tuning_overall_gain": 0.021157577614379086,
    "tuning_gain_pct": 7.807136414775415,
    "eval_overfitting_ratio": 0.9981031215131674,
    "primary_metric": "1-AUROC",
    "tabpfn_primary_score": 0.22481984246690123,
    "eval_primary_value": 0.24937154348919055,
    "eval_primary_delta": 0.02455170102228932,
    "eval_primary_delta_pct": 10.920611256056683,
    "secondary_metric": "Accuracy",
    "tabpfn_secondary_score": 0.8869565217391304,
    "eval_secondary_value": 0.8869565217391304,
    "eval_secondary_delta": 0.0,
    "eval_secondary_delta_pct": 0.0,
    "feat_share_embedded_pct": 100.00000000000003,
    "feat_share_raw_pct": 0,
    "feat_active_embedded_pct": 100.0,
    "feat_active_raw_pct": 0,
    "feat_cr5_pct": 42.96332338608911,
    "feat_cr10_pct": 59.87286483926416,
    "time_tuning_search_secs": 25.20244789123535,
    "time_train_secs": 0.05415773391723633,
    "time_infer_secs": 0.0008566379547119141,
    "time_train_secs_per_1K": 0.039301693699010404,
    "time_infer_secs_per_1K": 0.00248300856438236,
    "time_total_secs": 26.808380842208862
}