{
    "dataset": "students_dropout_and_academic_success",
    "algorithm": "catboost",
    "mode": "raw-only",
    "task_type": "multiclass",
    "dataset_samples_count": 4424,
    "dataset_raw_features_count": 36,
    "feat_total_count": 36,
    "pca_n_components": 29,
    "optimal_trees": 1000,
    "tuning_completed": 26,
    "tuning_best_idx": 5,
    "tuning_val_score_0": 0.6181866113825898,
    "tuning_val_score_best": 0.5365674363902155,
    "tuning_overall_gain": 0.08161917499237425,
    "tuning_gain_pct": 13.202999464810622,
    "eval_overfitting_ratio": 1.010480739293766,
    "primary_metric": "Log_Loss",
    "tabpfn_primary_score": 0.5324069501376939,
    "eval_primary_value": 0.5421910598045457,
    "eval_primary_delta": 0.009784109666851837,
    "eval_primary_delta_pct": 1.8377126114378144,
    "secondary_metric": "Accuracy",
    "tabpfn_secondary_score": 0.784180790960452,
    "eval_secondary_value": 0.7796610169491526,
    "eval_secondary_delta": -0.004519774011299438,
    "eval_secondary_delta_pct": -0.576368876080692,
    "feat_share_embedded_pct": 0,
    "feat_share_raw_pct": 99.99999999999997,
    "feat_active_embedded_pct": 0,
    "feat_active_raw_pct": 100.0,
    "feat_cr5_pct": 62.35918311687549,
    "feat_cr10_pct": 77.10366055255521,
    "time_tuning_search_secs": 825.0144279003143,
    "time_train_secs": 4.750087022781372,
    "time_infer_secs": 0.008092641830444336,
    "time_train_secs_per_1K": 1.342211648143931,
    "time_infer_secs_per_1K": 0.00914422805699925,
    "time_total_secs": 833.2338757514954
}