{
    "dataset": "diabetes",
    "algorithm": "catboost",
    "mode": "embed-only",
    "task_type": "binary",
    "dataset_samples_count": 768,
    "dataset_raw_features_count": 8,
    "feat_total_count": 32,
    "pca_n_components": 32,
    "optimal_trees": 404,
    "tuning_completed": 26,
    "tuning_best_idx": 22,
    "tuning_val_score_0": 0.2053205128205129,
    "tuning_val_score_best": 0.2047293447293448,
    "tuning_overall_gain": 0.0005911680911681039,
    "tuning_gain_pct": 0.2879245152114398,
    "eval_overfitting_ratio": 0.8140829390481493,
    "primary_metric": "1-AUROC",
    "tabpfn_primary_score": 0.13203703703703706,
    "eval_primary_value": 0.16666666666666674,
    "eval_primary_delta": 0.03462962962962968,
    "eval_primary_delta_pct": 26.22720897615711,
    "secondary_metric": "Accuracy",
    "tabpfn_secondary_score": 0.7597402597402597,
    "eval_secondary_value": 0.7402597402597403,
    "eval_secondary_delta": -0.01948051948051943,
    "eval_secondary_delta_pct": -2.5641025641025577,
    "feat_share_embedded_pct": 100.00000000000003,
    "feat_share_raw_pct": 0,
    "feat_active_embedded_pct": 100.0,
    "feat_active_raw_pct": 0,
    "feat_cr5_pct": 39.160884978338565,
    "feat_cr10_pct": 56.37547758514128,
    "time_tuning_search_secs": 102.70486378669739,
    "time_train_secs": 0.5383524894714355,
    "time_infer_secs": 0.0011928081512451172,
    "time_train_secs_per_1K": 0.8767955854583641,
    "time_infer_secs_per_1K": 0.007745507475617644,
    "time_total_secs": 104.84568357467651
}