{
    "dataset": "hazelnut-spread-contaminant-detection",
    "algorithm": "catboost",
    "mode": "raw-only",
    "task_type": "binary",
    "dataset_samples_count": 2400,
    "dataset_raw_features_count": 30,
    "feat_total_count": 30,
    "pca_n_components": 48,
    "optimal_trees": 1000,
    "tuning_completed": 26,
    "tuning_best_idx": 16,
    "tuning_val_score_0": 0.052508680555555576,
    "tuning_val_score_best": 0.025138888888888822,
    "tuning_overall_gain": 0.027369791666666754,
    "tuning_gain_pct": 52.12431806910248,
    "eval_overfitting_ratio": 0.707182320441991,
    "primary_metric": "1-AUROC",
    "tabpfn_primary_score": 0.002899305555555509,
    "eval_primary_value": 0.01777777777777778,
    "eval_primary_delta": 0.014878472222222272,
    "eval_primary_delta_pct": 513.1736526946207,
    "secondary_metric": "Accuracy",
    "tabpfn_secondary_score": 0.9729166666666667,
    "eval_secondary_value": 0.93125,
    "eval_secondary_delta": -0.04166666666666663,
    "eval_secondary_delta_pct": -4.282655246252673,
    "feat_share_embedded_pct": 0,
    "feat_share_raw_pct": 100.0,
    "feat_active_embedded_pct": 0,
    "feat_active_raw_pct": 100.0,
    "feat_cr5_pct": 36.51794248087883,
    "feat_cr10_pct": 59.3074504210787,
    "time_tuning_search_secs": 376.87623715400696,
    "time_train_secs": 1.5571117401123047,
    "time_infer_secs": 0.001653432846069336,
    "time_train_secs_per_1K": 0.8109956979751587,
    "time_infer_secs_per_1K": 0.00344465176264445,
    "time_total_secs": 380.31041145324707
}