{
    "dataset": "houses",
    "algorithm": "catboost",
    "mode": "embed-only",
    "task_type": "regression",
    "dataset_samples_count": 20640,
    "dataset_raw_features_count": 8,
    "feat_total_count": 77,
    "pca_n_components": 77,
    "optimal_trees": 1000,
    "tuning_completed": 26,
    "tuning_best_idx": 11,
    "tuning_val_score_0": 0.6593237567650637,
    "tuning_val_score_best": 0.1929686619452517,
    "tuning_overall_gain": 0.466355094819812,
    "tuning_gain_pct": 70.73233597829964,
    "eval_overfitting_ratio": 0.9166479350578263,
    "primary_metric": "RMSE",
    "tabpfn_primary_score": 0.17616870304182927,
    "eval_primary_value": 0.17688432550298672,
    "eval_primary_delta": 0.0007156224611574447,
    "eval_primary_delta_pct": 0.40621429845432205,
    "secondary_metric": "R2_Score",
    "tabpfn_secondary_score": 0.9042406897497843,
    "eval_secondary_value": 0.9034611336041919,
    "eval_secondary_delta": -0.0007795561455924416,
    "eval_secondary_delta_pct": -0.08621113321146334,
    "feat_share_embedded_pct": 99.99999999999994,
    "feat_share_raw_pct": 0,
    "feat_active_embedded_pct": 100.0,
    "feat_active_raw_pct": 0,
    "feat_cr5_pct": 94.64068706491301,
    "feat_cr10_pct": 96.51553537809852,
    "time_tuning_search_secs": 1118.2608013153076,
    "time_train_secs": 2.3815228939056396,
    "time_infer_secs": 0.0027933120727539062,
    "time_train_secs_per_1K": 0.1442298264235489,
    "time_infer_secs_per_1K": 0.0006766744362291439,
    "time_total_secs": 1122.4129586219788
}