{
    "dataset": "is-this-a-good-customer",
    "algorithm": "lightgbm",
    "mode": "combined",
    "task_type": "binary",
    "dataset_samples_count": 1723,
    "dataset_raw_features_count": 13,
    "feat_total_count": 44,
    "pca_n_components": 31,
    "optimal_trees": 178,
    "tuning_completed": 26,
    "tuning_best_idx": 15,
    "tuning_val_score_0": 0.27505939327485374,
    "tuning_val_score_best": 0.22960795063639494,
    "tuning_overall_gain": 0.045451442638458794,
    "tuning_gain_pct": 16.524228493822545,
    "eval_overfitting_ratio": 1.121839964672394,
    "primary_metric": "1-AUROC",
    "tabpfn_primary_score": 0.22481984246690123,
    "eval_primary_value": 0.25758337523043406,
    "eval_primary_delta": 0.03276353276353283,
    "eval_primary_delta_pct": 14.573238911666081,
    "secondary_metric": "Accuracy",
    "tabpfn_secondary_score": 0.8869565217391304,
    "eval_secondary_value": 0.8869565217391304,
    "eval_secondary_delta": 0.0,
    "eval_secondary_delta_pct": 0.0,
    "feat_share_embedded_pct": 73.47770641274654,
    "feat_share_raw_pct": 26.522293587253444,
    "feat_active_embedded_pct": 100.0,
    "feat_active_raw_pct": 100.0,
    "feat_cr5_pct": 26.192393011749253,
    "feat_cr10_pct": 40.870092942649414,
    "time_tuning_search_secs": 33.37574315071106,
    "time_train_secs": 0.11125612258911133,
    "time_infer_secs": 0.004494428634643555,
    "time_train_secs_per_1K": 0.0807373893970329,
    "time_infer_secs_per_1K": 0.013027329375778421,
    "time_total_secs": 35.167906522750854
}