{
    "dataset": "coil2000_insurance_policies",
    "algorithm": "catboost",
    "mode": "combined",
    "task_type": "binary",
    "dataset_samples_count": 9822,
    "dataset_raw_features_count": 85,
    "feat_total_count": 142,
    "pca_n_components": 57,
    "optimal_trees": 706,
    "tuning_completed": 26,
    "tuning_best_idx": 8,
    "tuning_val_score_0": 0.23802932965206802,
    "tuning_val_score_best": 0.22999236086892283,
    "tuning_overall_gain": 0.008036968783145193,
    "tuning_gain_pct": 3.376461545681359,
    "eval_overfitting_ratio": 1.0212550494871568,
    "primary_metric": "1-AUROC",
    "tabpfn_primary_score": 0.22762885262885268,
    "eval_primary_value": 0.23488085988085983,
    "eval_primary_delta": 0.007252007252007142,
    "eval_primary_delta_pct": 3.18589105390409,
    "secondary_metric": "Accuracy",
    "tabpfn_secondary_score": 0.9404580152671755,
    "eval_secondary_value": 0.9399491094147583,
    "eval_secondary_delta": -0.0005089058524172518,
    "eval_secondary_delta_pct": -0.05411255411254869,
    "feat_share_embedded_pct": 59.944406007598445,
    "feat_share_raw_pct": 40.055593992401604,
    "feat_active_embedded_pct": 100.0,
    "feat_active_raw_pct": 100.0,
    "feat_cr5_pct": 20.760009192983713,
    "feat_cr10_pct": 27.812334896945767,
    "time_tuning_search_secs": 763.0407168865204,
    "time_train_secs": 8.709392309188843,
    "time_infer_secs": 0.010838747024536133,
    "time_train_secs_per_1K": 1.1084882664106965,
    "time_infer_secs_per_1K": 0.005515901793657065,
    "time_total_secs": 773.5133810043335
}