{
    "dataset": "students_dropout_and_academic_success",
    "algorithm": "catboost",
    "mode": "embed-only",
    "task_type": "multiclass",
    "dataset_samples_count": 4424,
    "dataset_raw_features_count": 36,
    "feat_total_count": 29,
    "pca_n_components": 29,
    "optimal_trees": 1000,
    "tuning_completed": 26,
    "tuning_best_idx": 8,
    "tuning_val_score_0": 0.6105156608217006,
    "tuning_val_score_best": 0.5552464794261273,
    "tuning_overall_gain": 0.05526918139557335,
    "tuning_gain_pct": 9.05286873741877,
    "eval_overfitting_ratio": 0.9885887664300342,
    "primary_metric": "Log_Loss",
    "tabpfn_primary_score": 0.5324069501376939,
    "eval_primary_value": 0.5489104321604945,
    "eval_primary_delta": 0.01650348202280061,
    "eval_primary_delta_pct": 3.099787111819707,
    "secondary_metric": "Accuracy",
    "tabpfn_secondary_score": 0.784180790960452,
    "eval_secondary_value": 0.7830508474576271,
    "eval_secondary_delta": -0.001129943502824915,
    "eval_secondary_delta_pct": -0.14409221902018007,
    "feat_share_embedded_pct": 100.0,
    "feat_share_raw_pct": 0,
    "feat_active_embedded_pct": 100.0,
    "feat_active_raw_pct": 0,
    "feat_cr5_pct": 51.461903591968806,
    "feat_cr10_pct": 65.21259151953781,
    "time_tuning_search_secs": 782.0797774791718,
    "time_train_secs": 8.218230724334717,
    "time_infer_secs": 0.008765697479248047,
    "time_train_secs_per_1K": 2.322190088820208,
    "time_infer_secs_per_1K": 0.009904742914404572,
    "time_total_secs": 792.2316699028015
}