{
    "dataset": "qsar_fish_toxicity",
    "algorithm": "lightgbm",
    "mode": "raw-only",
    "task_type": "regression",
    "dataset_samples_count": 907,
    "dataset_raw_features_count": 6,
    "feat_total_count": 6,
    "pca_n_components": 75,
    "optimal_trees": 404,
    "tuning_completed": 26,
    "tuning_best_idx": 1,
    "tuning_val_score_0": 0.8917049415295478,
    "tuning_val_score_best": 0.8668225813565285,
    "tuning_overall_gain": 0.02488236017301937,
    "tuning_gain_pct": 2.790425286904711,
    "eval_overfitting_ratio": 1.075816946270611,
    "primary_metric": "RMSE",
    "tabpfn_primary_score": 0.8427904535011612,
    "eval_primary_value": 0.9325424224333888,
    "eval_primary_delta": 0.08975196893222759,
    "eval_primary_delta_pct": 10.649381297495193,
    "secondary_metric": "R2_Score",
    "tabpfn_secondary_score": 0.7164271114808677,
    "eval_secondary_value": 0.6528136142684161,
    "eval_secondary_delta": -0.06361349721245158,
    "eval_secondary_delta_pct": -8.879269948475475,
    "feat_share_embedded_pct": 0,
    "feat_share_raw_pct": 99.99999999999999,
    "feat_active_embedded_pct": 0,
    "feat_active_raw_pct": 100.0,
    "feat_cr5_pct": 97.89569477551969,
    "feat_cr10_pct": 99.99999999999999,
    "time_tuning_search_secs": 54.70205593109131,
    "time_train_secs": 0.34361696243286133,
    "time_infer_secs": 0.0013306140899658203,
    "time_train_secs_per_1K": 0.4739544309418777,
    "time_infer_secs_per_1K": 0.007311066428383629,
    "time_total_secs": 56.83289694786072
}