{
    "dataset": "online_shoppers_intention",
    "algorithm": "catboost",
    "mode": "raw-only",
    "task_type": "binary",
    "dataset_samples_count": 12330,
    "dataset_raw_features_count": 17,
    "feat_total_count": 17,
    "pca_n_components": 21,
    "optimal_trees": 871,
    "tuning_completed": 26,
    "tuning_best_idx": 23,
    "tuning_val_score_0": 0.07055487179370257,
    "tuning_val_score_best": 0.06514094133893988,
    "tuning_overall_gain": 0.005413930454762683,
    "tuning_gain_pct": 7.673361622132389,
    "eval_overfitting_ratio": 1.015139023422055,
    "primary_metric": "1-AUROC",
    "tabpfn_primary_score": 0.06073574780677515,
    "eval_primary_value": 0.0661271115756048,
    "eval_primary_delta": 0.005391363768829649,
    "eval_primary_delta_pct": 8.87675539285652,
    "secondary_metric": "Accuracy",
    "tabpfn_secondary_score": 0.9014598540145985,
    "eval_secondary_value": 0.8990267639902676,
    "eval_secondary_delta": -0.0024330900243308973,
    "eval_secondary_delta_pct": -0.26990553306342746,
    "feat_share_embedded_pct": 0,
    "feat_share_raw_pct": 100.0,
    "feat_active_embedded_pct": 0,
    "feat_active_raw_pct": 100.0,
    "feat_cr5_pct": 77.08156292224685,
    "feat_cr10_pct": 93.15723674130997,
    "time_tuning_search_secs": 542.8352196216583,
    "time_train_secs": 2.7678749561309814,
    "time_infer_secs": 0.010146379470825195,
    "time_train_secs_per_1K": 0.28060370601490076,
    "time_infer_secs_per_1K": 0.0041145091122567696,
    "time_total_secs": 548.0171058177948
}