{
    "dataset": "kddcup09_appetency",
    "algorithm": "xgboost",
    "mode": "combined",
    "task_type": "binary",
    "dataset_samples_count": 50000,
    "dataset_raw_features_count": 212,
    "feat_total_count": 248,
    "pca_n_components": 36,
    "optimal_trees": 1000,
    "tuning_completed": 26,
    "tuning_best_idx": 24,
    "tuning_val_score_0": 0.20469154317640514,
    "tuning_val_score_best": 0.16254841802054087,
    "tuning_overall_gain": 0.04214312515586427,
    "tuning_gain_pct": 20.58860102468665,
    "eval_overfitting_ratio": 1.086471536247389,
    "primary_metric": "1-AUROC",
    "tabpfn_primary_score": 0.18370534846103337,
    "eval_primary_value": 0.17660422944135978,
    "eval_primary_delta": -0.007101119019673585,
    "eval_primary_delta_pct": -3.8654938896239255,
    "secondary_metric": "Accuracy",
    "tabpfn_secondary_score": 0.9822,
    "eval_secondary_value": 0.9822,
    "eval_secondary_delta": 0.0,
    "eval_secondary_delta_pct": 0.0,
    "feat_share_embedded_pct": 30.384643052615864,
    "feat_share_raw_pct": 69.61535694738417,
    "feat_active_embedded_pct": 100.0,
    "feat_active_raw_pct": 69.81132075471697,
    "feat_cr5_pct": 48.396404248340545,
    "feat_cr10_pct": 63.50302558062919,
    "time_tuning_search_secs": 1568.5706896781921,
    "time_train_secs": 11.34498381614685,
    "time_infer_secs": 0.0685722827911377,
    "time_train_secs_per_1K": 0.28362459540367124,
    "time_infer_secs_per_1K": 0.006857228279113769,
    "time_total_secs": 1583.6672356128693
}