{
    "dataset": "superconductivity",
    "algorithm": "catboost",
    "mode": "raw-only",
    "task_type": "regression",
    "dataset_samples_count": 21263,
    "dataset_raw_features_count": 81,
    "feat_total_count": 81,
    "pca_n_components": 70,
    "optimal_trees": 1000,
    "tuning_completed": 26,
    "tuning_best_idx": 22,
    "tuning_val_score_0": 14.367863541486946,
    "tuning_val_score_best": 9.286297831710257,
    "tuning_overall_gain": 5.081565709776688,
    "tuning_gain_pct": 35.367580539053414,
    "eval_overfitting_ratio": 1.0205757327548137,
    "primary_metric": "RMSE",
    "tabpfn_primary_score": 8.967884575443701,
    "eval_primary_value": 9.477370214177133,
    "eval_primary_delta": 0.5094856387334321,
    "eval_primary_delta_pct": 5.681224311567641,
    "secondary_metric": "R2_Score",
    "tabpfn_secondary_score": 0.9315355911199428,
    "eval_secondary_value": 0.9235353799895172,
    "eval_secondary_delta": -0.008000211130425594,
    "eval_secondary_delta_pct": -0.858819695853736,
    "feat_share_embedded_pct": 0,
    "feat_share_raw_pct": 100.00000000000006,
    "feat_active_embedded_pct": 0,
    "feat_active_raw_pct": 100.0,
    "feat_cr5_pct": 61.026353050551165,
    "feat_cr10_pct": 71.13308585442397,
    "time_tuning_search_secs": 3760.5275819301605,
    "time_train_secs": 30.037110567092896,
    "time_infer_secs": 0.03396940231323242,
    "time_train_secs_per_1K": 1.765850121522216,
    "time_infer_secs_per_1K": 0.007987162547197842,
    "time_total_secs": 3792.9833216667175
}