{
    "dataset": "seismic-bumps",
    "algorithm": "lightgbm",
    "mode": "embed-only",
    "task_type": "binary",
    "dataset_samples_count": 2584,
    "dataset_raw_features_count": 15,
    "feat_total_count": 25,
    "pca_n_components": 25,
    "optimal_trees": 202,
    "tuning_completed": 26,
    "tuning_best_idx": 16,
    "tuning_val_score_0": 0.23542220976041728,
    "tuning_val_score_best": 0.2048721146495016,
    "tuning_overall_gain": 0.030550095110915665,
    "tuning_gain_pct": 12.976726003041794,
    "eval_overfitting_ratio": 1.0810216781010846,
    "primary_metric": "1-AUROC",
    "tabpfn_primary_score": 0.22415052977712813,
    "eval_primary_value": 0.22147119717452202,
    "eval_primary_delta": -0.0026793326026061104,
    "eval_primary_delta_pct": -1.195327356696484,
    "secondary_metric": "Accuracy",
    "tabpfn_secondary_score": 0.9342359767891683,
    "eval_secondary_value": 0.9342359767891683,
    "eval_secondary_delta": 0.0,
    "eval_secondary_delta_pct": 0.0,
    "feat_share_embedded_pct": 100.00000000000003,
    "feat_share_raw_pct": 0,
    "feat_active_embedded_pct": 100.0,
    "feat_active_raw_pct": 0,
    "feat_cr5_pct": 42.000101416596095,
    "feat_cr10_pct": 63.79699387598485,
    "time_tuning_search_secs": 35.28031587600708,
    "time_train_secs": 0.19606542587280273,
    "time_infer_secs": 0.001497507095336914,
    "time_train_secs_per_1K": 0.09485506815326691,
    "time_infer_secs_per_1K": 0.002896532099297706,
    "time_total_secs": 37.401731967926025
}