{
    "dataset": "qsar_fish_toxicity",
    "algorithm": "lightgbm",
    "mode": "combined",
    "task_type": "regression",
    "dataset_samples_count": 907,
    "dataset_raw_features_count": 6,
    "feat_total_count": 81,
    "pca_n_components": 75,
    "optimal_trees": 951,
    "tuning_completed": 26,
    "tuning_best_idx": 16,
    "tuning_val_score_0": 0.8916716785841329,
    "tuning_val_score_best": 0.8613938518504084,
    "tuning_overall_gain": 0.030277826733724478,
    "tuning_gain_pct": 3.395625033398169,
    "eval_overfitting_ratio": 1.0362458880836716,
    "primary_metric": "RMSE",
    "tabpfn_primary_score": 0.8427904535011612,
    "eval_primary_value": 0.8926158370005411,
    "eval_primary_delta": 0.04982538349937993,
    "eval_primary_delta_pct": 5.911953949216307,
    "secondary_metric": "R2_Score",
    "tabpfn_secondary_score": 0.7164271114808677,
    "eval_secondary_value": 0.6819065930575647,
    "eval_secondary_delta": -0.03452051842330295,
    "eval_secondary_delta_pct": -4.818427146335712,
    "feat_share_embedded_pct": 72.32179574734334,
    "feat_share_raw_pct": 27.678204252656627,
    "feat_active_embedded_pct": 100.0,
    "feat_active_raw_pct": 100.0,
    "feat_cr5_pct": 61.71583233058837,
    "feat_cr10_pct": 72.73598429422611,
    "time_tuning_search_secs": 99.18082189559937,
    "time_train_secs": 0.7210659980773926,
    "time_infer_secs": 0.0024852752685546875,
    "time_train_secs_per_1K": 0.994573790451576,
    "time_infer_secs_per_1K": 0.01365535861843235,
    "time_total_secs": 101.56378555297852
}