{
    "dataset": "miami_housing",
    "algorithm": "catboost",
    "mode": "embed-only",
    "task_type": "regression",
    "dataset_samples_count": 13776,
    "dataset_raw_features_count": 15,
    "feat_total_count": 73,
    "pca_n_components": 73,
    "optimal_trees": 1000,
    "tuning_completed": 26,
    "tuning_best_idx": 12,
    "tuning_val_score_0": 86891.62679652048,
    "tuning_val_score_best": 79541.14235698091,
    "tuning_overall_gain": 7350.484439539563,
    "tuning_gain_pct": 8.459370264470534,
    "eval_overfitting_ratio": 1.0226964382780832,
    "primary_metric": "RMSE",
    "tabpfn_primary_score": 80937.77470144341,
    "eval_primary_value": 81346.44298505437,
    "eval_primary_delta": 408.66828361095395,
    "eval_primary_delta_pct": 0.5049166290010021,
    "secondary_metric": "R2_Score",
    "tabpfn_secondary_score": 0.9386201225076625,
    "eval_secondary_value": 0.937998723267503,
    "eval_secondary_delta": -0.0006213992401594703,
    "eval_secondary_delta_pct": -0.06620348586809649,
    "feat_share_embedded_pct": 100.00000000000004,
    "feat_share_raw_pct": 0,
    "feat_active_embedded_pct": 100.0,
    "feat_active_raw_pct": 0,
    "feat_cr5_pct": 88.21860023920163,
    "feat_cr10_pct": 94.2878409933769,
    "time_tuning_search_secs": 1765.5735430717468,
    "time_train_secs": 14.51997685432434,
    "time_infer_secs": 0.009429693222045898,
    "time_train_secs_per_1K": 1.317602255383334,
    "time_infer_secs_per_1K": 0.0034215142315115743,
    "time_total_secs": 1781.7022371292114
}