{
    "dataset": "qsar_fish_toxicity",
    "algorithm": "xgboost",
    "mode": "raw-only",
    "task_type": "regression",
    "dataset_samples_count": 907,
    "dataset_raw_features_count": 6,
    "feat_total_count": 6,
    "pca_n_components": 75,
    "optimal_trees": 1000,
    "tuning_completed": 26,
    "tuning_best_idx": 22,
    "tuning_val_score_0": 0.9133804469738935,
    "tuning_val_score_best": 0.844549693517648,
    "tuning_overall_gain": 0.06883075345624556,
    "tuning_gain_pct": 7.535825151971191,
    "eval_overfitting_ratio": 1.1095111552970156,
    "primary_metric": "RMSE",
    "tabpfn_primary_score": 0.8427904535011612,
    "eval_primary_value": 0.9370373061605061,
    "eval_primary_delta": 0.09424685265934485,
    "eval_primary_delta_pct": 11.182714786079977,
    "secondary_metric": "R2_Score",
    "tabpfn_secondary_score": 0.7164271114808677,
    "eval_secondary_value": 0.6494586496516555,
    "eval_secondary_delta": -0.06696846182921223,
    "eval_secondary_delta_pct": -9.347561078584425,
    "feat_share_embedded_pct": 0,
    "feat_share_raw_pct": 99.99999999999999,
    "feat_active_embedded_pct": 0,
    "feat_active_raw_pct": 100.0,
    "feat_cr5_pct": 97.33289363924742,
    "feat_cr10_pct": 99.99999999999999,
    "time_tuning_search_secs": 218.73861622810364,
    "time_train_secs": 2.0317137241363525,
    "time_infer_secs": 0.002980947494506836,
    "time_train_secs_per_1K": 2.8023637574294518,
    "time_infer_secs_per_1K": 0.016378832387400198,
    "time_total_secs": 222.56999397277832
}