{
    "dataset": "another-dataset-on-used-fiat-500",
    "algorithm": "lightgbm",
    "mode": "embed-only",
    "task_type": "regression",
    "dataset_samples_count": 1538,
    "dataset_raw_features_count": 7,
    "feat_total_count": 54,
    "pca_n_components": 54,
    "optimal_trees": 1000,
    "tuning_completed": 26,
    "tuning_best_idx": 22,
    "tuning_val_score_0": 742.7895345251078,
    "tuning_val_score_best": 721.0628966803351,
    "tuning_overall_gain": 21.726637844772654,
    "tuning_gain_pct": 2.925005918219254,
    "eval_overfitting_ratio": 1.047760004708227,
    "primary_metric": "RMSE",
    "tabpfn_primary_score": 727.5813856404222,
    "eval_primary_value": 755.5008640207157,
    "eval_primary_delta": 27.919478380293413,
    "eval_primary_delta_pct": 3.8372997071274013,
    "secondary_metric": "R2_Score",
    "tabpfn_secondary_score": 0.8715566241829944,
    "eval_secondary_value": 0.8615099784260676,
    "eval_secondary_delta": -0.01004664575692682,
    "eval_secondary_delta_pct": -1.152724387396475,
    "feat_share_embedded_pct": 99.99999999999996,
    "feat_share_raw_pct": 0,
    "feat_active_embedded_pct": 100.0,
    "feat_active_raw_pct": 0,
    "feat_cr5_pct": 92.85317093812736,
    "feat_cr10_pct": 96.32030790888042,
    "time_tuning_search_secs": 57.48209190368652,
    "time_train_secs": 0.23944902420043945,
    "time_infer_secs": 0.0019459724426269531,
    "time_train_secs_per_1K": 0.19467400341499141,
    "time_infer_secs_per_1K": 0.006318092346191406,
    "time_total_secs": 59.19922614097595
}