{
    "dataset": "anneal",
    "algorithm": "xgboost",
    "mode": "raw-only",
    "task_type": "multiclass",
    "dataset_samples_count": 890,
    "dataset_raw_features_count": 38,
    "feat_total_count": 38,
    "pca_n_components": 32,
    "optimal_trees": 881,
    "tuning_completed": 26,
    "tuning_best_idx": 22,
    "tuning_val_score_0": 0.02243188547317607,
    "tuning_val_score_best": 0.01891752029912189,
    "tuning_overall_gain": 0.0035143651740541793,
    "tuning_gain_pct": 15.666829158238341,
    "eval_overfitting_ratio": 1.8009504007930002,
    "primary_metric": "Log_Loss",
    "tabpfn_primary_score": 0.0043537343105701795,
    "eval_primary_value": 0.03406951576471329,
    "eval_primary_delta": 0.02971578145414311,
    "eval_primary_delta_pct": 682.5354818275861,
    "secondary_metric": "Accuracy",
    "tabpfn_secondary_score": 1.0,
    "eval_secondary_value": 1.0,
    "eval_secondary_delta": 0.0,
    "eval_secondary_delta_pct": 0.0,
    "feat_share_embedded_pct": 0,
    "feat_share_raw_pct": 100.00000000000001,
    "feat_active_embedded_pct": 0,
    "feat_active_raw_pct": 73.68421052631578,
    "feat_cr5_pct": 72.62934816893652,
    "feat_cr10_pct": 92.59396315956938,
    "time_tuning_search_secs": 159.92273950576782,
    "time_train_secs": 0.5651047229766846,
    "time_infer_secs": 0.0031671524047851562,
    "time_train_secs_per_1K": 0.7936864086751189,
    "time_infer_secs_per_1K": 0.017792991038118856,
    "time_total_secs": 162.05757999420166
}