{
    "dataset": "customer_satisfaction_in_airline",
    "algorithm": "catboost",
    "mode": "combined",
    "task_type": "binary",
    "dataset_samples_count": 129880,
    "dataset_raw_features_count": 21,
    "feat_total_count": 54,
    "pca_n_components": 33,
    "optimal_trees": 1000,
    "tuning_completed": 26,
    "tuning_best_idx": 18,
    "tuning_val_score_0": 0.012733842674329865,
    "tuning_val_score_best": 0.00515852797609706,
    "tuning_overall_gain": 0.007575314698232805,
    "tuning_gain_pct": 59.48962062727436,
    "eval_overfitting_ratio": 1.037562019353416,
    "primary_metric": "1-AUROC",
    "tabpfn_primary_score": 0.004773229238590471,
    "eval_primary_value": 0.005352292703770356,
    "eval_primary_delta": 0.0005790634651798854,
    "eval_primary_delta_pct": 12.131482403951798,
    "secondary_metric": "Accuracy",
    "tabpfn_secondary_score": 0.9618109023714198,
    "eval_secondary_value": 0.9615414228518633,
    "eval_secondary_delta": -0.0002694795195564703,
    "eval_secondary_delta_pct": -0.02801793147614022,
    "feat_share_embedded_pct": 56.12370171542909,
    "feat_share_raw_pct": 43.8762982845709,
    "feat_active_embedded_pct": 100.0,
    "feat_active_raw_pct": 100.0,
    "feat_cr5_pct": 60.20553264546767,
    "feat_cr10_pct": 71.94250260071234,
    "time_tuning_search_secs": 5586.4975254535675,
    "time_train_secs": 41.40208697319031,
    "time_infer_secs": 0.14494633674621582,
    "time_train_secs_per_1K": 0.39846480379186855,
    "time_infer_secs_per_1K": 0.005580009883978127,
    "time_total_secs": 5631.48913526535
}