{
    "dataset": "kddcup09_appetency",
    "algorithm": "catboost",
    "mode": "raw-only",
    "task_type": "binary",
    "dataset_samples_count": 50000,
    "dataset_raw_features_count": 212,
    "feat_total_count": 212,
    "pca_n_components": 36,
    "optimal_trees": 832,
    "tuning_completed": 26,
    "tuning_best_idx": 25,
    "tuning_val_score_0": 0.1794455350176971,
    "tuning_val_score_best": 0.15242610603575102,
    "tuning_overall_gain": 0.027019428981946092,
    "tuning_gain_pct": 15.057175414970011,
    "eval_overfitting_ratio": 1.1360468912412895,
    "primary_metric": "1-AUROC",
    "tabpfn_primary_score": 0.18370534846103337,
    "eval_primary_value": 0.1731632039059301,
    "eval_primary_delta": -0.010542144555103272,
    "eval_primary_delta_pct": -5.7386160193040965,
    "secondary_metric": "Accuracy",
    "tabpfn_secondary_score": 0.9822,
    "eval_secondary_value": 0.9821,
    "eval_secondary_delta": -9.999999999998899e-05,
    "eval_secondary_delta_pct": -0.010181225819587558,
    "feat_share_embedded_pct": 0,
    "feat_share_raw_pct": 99.99999999999994,
    "feat_active_embedded_pct": 0,
    "feat_active_raw_pct": 98.58490566037736,
    "feat_cr5_pct": 38.37868110092711,
    "feat_cr10_pct": 49.538640270611154,
    "time_tuning_search_secs": 2169.2803235054016,
    "time_train_secs": 24.52206325531006,
    "time_infer_secs": 0.07594132423400879,
    "time_train_secs_per_1K": 0.6130515813827515,
    "time_infer_secs_per_1K": 0.0075941324234008786,
    "time_total_secs": 2197.886071920395
}