{
    "dataset": "physiochemical_protein",
    "algorithm": "xgboost",
    "mode": "combined",
    "task_type": "regression",
    "dataset_samples_count": 45730,
    "dataset_raw_features_count": 9,
    "feat_total_count": 96,
    "pca_n_components": 87,
    "optimal_trees": 1000,
    "tuning_completed": 26,
    "tuning_best_idx": 24,
    "tuning_val_score_0": 2.934150465685252,
    "tuning_val_score_best": 2.8958403055801023,
    "tuning_overall_gain": 0.03831016010514965,
    "tuning_gain_pct": 1.3056644692624024,
    "eval_overfitting_ratio": 0.9749966192507612,
    "primary_metric": "RMSE",
    "tabpfn_primary_score": 2.8268602129706855,
    "eval_primary_value": 2.823434507830691,
    "eval_primary_delta": -0.003425705139994406,
    "eval_primary_delta_pct": -0.12118410115491376,
    "secondary_metric": "R2_Score",
    "tabpfn_secondary_score": 0.7868861628452948,
    "eval_secondary_value": 0.7874023700511138,
    "eval_secondary_delta": 0.0005162072058190192,
    "eval_secondary_delta_pct": 0.06560125596216741,
    "feat_share_embedded_pct": 94.55174359455735,
    "feat_share_raw_pct": 5.448256405442641,
    "feat_active_embedded_pct": 100.0,
    "feat_active_raw_pct": 100.0,
    "feat_cr5_pct": 91.56620655821274,
    "feat_cr10_pct": 94.81060181703253,
    "time_tuning_search_secs": 877.4321029186249,
    "time_train_secs": 3.0813863277435303,
    "time_infer_secs": 0.013092517852783203,
    "time_train_secs_per_1K": 0.08422770412594385,
    "time_infer_secs_per_1K": 0.0014315020613145859,
    "time_total_secs": 882.5364196300507
}