{
    "dataset": "hr_analytics_job_change_of_data_scientists",
    "algorithm": "catboost",
    "mode": "combined",
    "task_type": "binary",
    "dataset_samples_count": 19158,
    "dataset_raw_features_count": 12,
    "feat_total_count": 48,
    "pca_n_components": 36,
    "optimal_trees": 689,
    "tuning_completed": 26,
    "tuning_best_idx": 10,
    "tuning_val_score_0": 0.1940094824719556,
    "tuning_val_score_best": 0.1881623814599126,
    "tuning_overall_gain": 0.005847101012042999,
    "tuning_gain_pct": 3.0138222820568616,
    "eval_overfitting_ratio": 1.1470837748104437,
    "primary_metric": "1-AUROC",
    "tabpfn_primary_score": 0.2034192467065935,
    "eval_primary_value": 0.2158380148023592,
    "eval_primary_delta": 0.012418768095765698,
    "eval_primary_delta_pct": 6.105011348153401,
    "secondary_metric": "Accuracy",
    "tabpfn_secondary_score": 0.7904488517745303,
    "eval_secondary_value": 0.7823590814196242,
    "eval_secondary_delta": -0.0080897703549061,
    "eval_secondary_delta_pct": -1.0234400792340765,
    "feat_share_embedded_pct": 72.39965263688093,
    "feat_share_raw_pct": 27.600347363119063,
    "feat_active_embedded_pct": 100.0,
    "feat_active_raw_pct": 91.66666666666666,
    "feat_cr5_pct": 26.463886970923188,
    "feat_cr10_pct": 38.50371024166424,
    "time_tuning_search_secs": 1111.790458202362,
    "time_train_secs": 15.847805976867676,
    "time_infer_secs": 0.025058507919311523,
    "time_train_secs_per_1K": 1.0340471079777942,
    "time_infer_secs_per_1K": 0.006539276596897579,
    "time_total_secs": 1129.5602536201477
}