{
    "dataset": "is-this-a-good-customer",
    "algorithm": "xgboost",
    "mode": "raw-only",
    "task_type": "binary",
    "dataset_samples_count": 1723,
    "dataset_raw_features_count": 13,
    "feat_total_count": 13,
    "pca_n_components": 31,
    "optimal_trees": 110,
    "tuning_completed": 26,
    "tuning_best_idx": 10,
    "tuning_val_score_0": 0.2926664086687307,
    "tuning_val_score_best": 0.24427217707258342,
    "tuning_overall_gain": 0.04839423159614731,
    "tuning_gain_pct": 16.53562901744722,
    "eval_overfitting_ratio": 1.0881108530534718,
    "primary_metric": "1-AUROC",
    "tabpfn_primary_score": 0.22481984246690123,
    "eval_primary_value": 0.26579520697167747,
    "eval_primary_delta": 0.040975364504776235,
    "eval_primary_delta_pct": 18.22586656727543,
    "secondary_metric": "Accuracy",
    "tabpfn_secondary_score": 0.8869565217391304,
    "eval_secondary_value": 0.8869565217391304,
    "eval_secondary_delta": 0.0,
    "eval_secondary_delta_pct": 0.0,
    "feat_share_embedded_pct": 0,
    "feat_share_raw_pct": 100.0,
    "feat_active_embedded_pct": 0,
    "feat_active_raw_pct": 100.0,
    "feat_cr5_pct": 69.88313566562302,
    "feat_cr10_pct": 95.74665533493373,
    "time_tuning_search_secs": 43.35461115837097,
    "time_train_secs": 0.05264091491699219,
    "time_infer_secs": 0.000896453857421875,
    "time_train_secs_per_1K": 0.0382009542213296,
    "time_infer_secs_per_1K": 0.0025984169780344205,
    "time_total_secs": 45.05783677101135
}