{
    "dataset": "blood-transfusion-service-center",
    "algorithm": "catboost",
    "mode": "embed-only",
    "task_type": "binary",
    "dataset_samples_count": 748,
    "dataset_raw_features_count": 4,
    "feat_total_count": 22,
    "pca_n_components": 22,
    "optimal_trees": 281,
    "tuning_completed": 26,
    "tuning_best_idx": 21,
    "tuning_val_score_0": 0.3062292168329319,
    "tuning_val_score_best": 0.287932863203761,
    "tuning_overall_gain": 0.018296353629170925,
    "tuning_gain_pct": 5.97472501755206,
    "eval_overfitting_ratio": 0.8035194265375715,
    "primary_metric": "1-AUROC",
    "tabpfn_primary_score": 0.21479044834307992,
    "eval_primary_value": 0.23135964912280704,
    "eval_primary_delta": 0.016569200779727122,
    "eval_primary_delta_pct": 7.714123652864448,
    "secondary_metric": "Accuracy",
    "tabpfn_secondary_score": 0.7933333333333333,
    "eval_secondary_value": 0.7733333333333333,
    "eval_secondary_delta": -0.020000000000000018,
    "eval_secondary_delta_pct": -2.5210084033613467,
    "feat_share_embedded_pct": 99.99999999999999,
    "feat_share_raw_pct": 0,
    "feat_active_embedded_pct": 100.0,
    "feat_active_raw_pct": 0,
    "feat_cr5_pct": 48.00145796217174,
    "feat_cr10_pct": 66.9692560431955,
    "time_tuning_search_secs": 74.53824400901794,
    "time_train_secs": 0.44356799125671387,
    "time_infer_secs": 0.0016160011291503906,
    "time_train_secs_per_1K": 0.7417524937403243,
    "time_infer_secs_per_1K": 0.010773340861002605,
    "time_total_secs": 76.48319435119629
}