{
    "dataset": "seismic-bumps",
    "algorithm": "catboost",
    "mode": "embed-only",
    "task_type": "binary",
    "dataset_samples_count": 2584,
    "dataset_raw_features_count": 15,
    "feat_total_count": 25,
    "pca_n_components": 25,
    "optimal_trees": 515,
    "tuning_completed": 26,
    "tuning_best_idx": 11,
    "tuning_val_score_0": 0.21315359757290664,
    "tuning_val_score_best": 0.2035318122310823,
    "tuning_overall_gain": 0.00962178534182434,
    "tuning_gain_pct": 4.514014987963468,
    "eval_overfitting_ratio": 1.114169652258012,
    "primary_metric": "1-AUROC",
    "tabpfn_primary_score": 0.22415052977712813,
    "eval_primary_value": 0.22676896845694794,
    "eval_primary_delta": 0.0026184386798198123,
    "eval_primary_delta_pct": 1.168160825862564,
    "secondary_metric": "Accuracy",
    "tabpfn_secondary_score": 0.9342359767891683,
    "eval_secondary_value": 0.9400386847195358,
    "eval_secondary_delta": 0.005802707930367523,
    "eval_secondary_delta_pct": 0.6211180124223622,
    "feat_share_embedded_pct": 100.00000000000001,
    "feat_share_raw_pct": 0,
    "feat_active_embedded_pct": 100.0,
    "feat_active_raw_pct": 0,
    "feat_cr5_pct": 33.310145097321374,
    "feat_cr10_pct": 52.677236604176095,
    "time_tuning_search_secs": 186.17658710479736,
    "time_train_secs": 1.7407052516937256,
    "time_infer_secs": 0.0031898021697998047,
    "time_train_secs_per_1K": 0.8421409055122039,
    "time_infer_secs_per_1K": 0.006169830115666934,
    "time_total_secs": 190.02306294441223
}