{
    "dataset": "marketing_campaign",
    "algorithm": "lightgbm",
    "mode": "raw-only",
    "task_type": "binary",
    "dataset_samples_count": 2240,
    "dataset_raw_features_count": 25,
    "feat_total_count": 25,
    "pca_n_components": 42,
    "optimal_trees": 442,
    "tuning_completed": 26,
    "tuning_best_idx": 20,
    "tuning_val_score_0": 0.105465537689311,
    "tuning_val_score_best": 0.08921203304338343,
    "tuning_overall_gain": 0.016253504645927563,
    "tuning_gain_pct": 15.411199717018906,
    "eval_overfitting_ratio": 1.2200768482218214,
    "primary_metric": "1-AUROC",
    "tabpfn_primary_score": 0.09989422963920547,
    "eval_primary_value": 0.10884553609903225,
    "eval_primary_delta": 0.00895130645982678,
    "eval_primary_delta_pct": 8.960784313725426,
    "secondary_metric": "Accuracy",
    "tabpfn_secondary_score": 0.8950892857142857,
    "eval_secondary_value": 0.8883928571428571,
    "eval_secondary_delta": -0.006696428571428603,
    "eval_secondary_delta_pct": -0.7481296758104774,
    "feat_share_embedded_pct": 0,
    "feat_share_raw_pct": 100.0,
    "feat_active_embedded_pct": 0,
    "feat_active_raw_pct": 100.0,
    "feat_cr5_pct": 44.252353342007126,
    "feat_cr10_pct": 68.44085442098284,
    "time_tuning_search_secs": 68.14103531837463,
    "time_train_secs": 0.23933911323547363,
    "time_infer_secs": 0.006934404373168945,
    "time_train_secs_per_1K": 0.13355977301086697,
    "time_infer_secs_per_1K": 0.015478581190109253,
    "time_total_secs": 69.94427561759949
}