{
    "dataset": "healthcare_insurance_expenses",
    "algorithm": "catboost",
    "mode": "embed-only",
    "task_type": "regression",
    "dataset_samples_count": 1338,
    "dataset_raw_features_count": 6,
    "feat_total_count": 25,
    "pca_n_components": 25,
    "optimal_trees": 1000,
    "tuning_completed": 26,
    "tuning_best_idx": 22,
    "tuning_val_score_0": 4961.664087318472,
    "tuning_val_score_best": 4635.101980554364,
    "tuning_overall_gain": 326.56210676410865,
    "tuning_gain_pct": 6.581705270995056,
    "eval_overfitting_ratio": 0.7641615282006337,
    "primary_metric": "RMSE",
    "tabpfn_primary_score": 3491.6280042643198,
    "eval_primary_value": 3541.9666128262065,
    "eval_primary_delta": 50.33860856188676,
    "eval_primary_delta_pct": 1.441694490375501,
    "secondary_metric": "R2_Score",
    "tabpfn_secondary_score": 0.8840187677944327,
    "eval_secondary_value": 0.8806504712232908,
    "eval_secondary_delta": -0.0033682965711419044,
    "eval_secondary_delta_pct": -0.38102093460589953,
    "feat_share_embedded_pct": 99.99999999999999,
    "feat_share_raw_pct": 0,
    "feat_active_embedded_pct": 100.0,
    "feat_active_raw_pct": 0,
    "feat_cr5_pct": 85.24623840754934,
    "feat_cr10_pct": 91.40705551241984,
    "time_tuning_search_secs": 164.98671126365662,
    "time_train_secs": 0.6968894004821777,
    "time_infer_secs": 0.0012574195861816406,
    "time_train_secs_per_1K": 0.6512985051235306,
    "time_infer_secs_per_1K": 0.004691864127543435,
    "time_total_secs": 167.55898714065552
}