{
    "dataset": "naticusdroid",
    "algorithm": "lightgbm",
    "mode": "raw-only",
    "task_type": "binary",
    "dataset_samples_count": 7491,
    "dataset_raw_features_count": 86,
    "feat_total_count": 86,
    "pca_n_components": 36,
    "optimal_trees": 589,
    "tuning_completed": 26,
    "tuning_best_idx": 15,
    "tuning_val_score_0": 0.01483421425150544,
    "tuning_val_score_best": 0.013647784884302405,
    "tuning_overall_gain": 0.0011864293672030346,
    "tuning_gain_pct": 7.997925249614288,
    "eval_overfitting_ratio": 0.9463668425160577,
    "primary_metric": "1-AUROC",
    "tabpfn_primary_score": 0.010531925295785616,
    "eval_primary_value": 0.012915811088295648,
    "eval_primary_delta": 0.002383885792510032,
    "eval_primary_delta_pct": 22.634852845604133,
    "secondary_metric": "Accuracy",
    "tabpfn_secondary_score": 0.9459639759839893,
    "eval_secondary_value": 0.9399599733155437,
    "eval_secondary_delta": -0.006004002668445585,
    "eval_secondary_delta_pct": -0.6346967559943535,
    "feat_share_embedded_pct": 0,
    "feat_share_raw_pct": 100.00000000000001,
    "feat_active_embedded_pct": 0,
    "feat_active_raw_pct": 98.83720930232558,
    "feat_cr5_pct": 57.00543877114049,
    "feat_cr10_pct": 69.85118317491376,
    "time_tuning_search_secs": 179.10643124580383,
    "time_train_secs": 1.1482212543487549,
    "time_infer_secs": 0.025475740432739258,
    "time_train_secs_per_1K": 0.1916257100047989,
    "time_infer_secs_per_1K": 0.01699515705986608,
    "time_total_secs": 181.85244369506836
}