{
    "dataset": "students_dropout_and_academic_success",
    "algorithm": "lightgbm",
    "mode": "raw-only",
    "task_type": "multiclass",
    "dataset_samples_count": 4424,
    "dataset_raw_features_count": 36,
    "feat_total_count": 36,
    "pca_n_components": 29,
    "optimal_trees": 390,
    "tuning_completed": 26,
    "tuning_best_idx": 9,
    "tuning_val_score_0": 0.5565284453454203,
    "tuning_val_score_best": 0.5371236947316094,
    "tuning_overall_gain": 0.019404750613810973,
    "tuning_gain_pct": 3.486749109790252,
    "eval_overfitting_ratio": 1.008107138668003,
    "primary_metric": "Log_Loss",
    "tabpfn_primary_score": 0.5324069501376939,
    "eval_primary_value": 0.5414782310066686,
    "eval_primary_delta": 0.009071280868974685,
    "eval_primary_delta_pct": 1.703824652670034,
    "secondary_metric": "Accuracy",
    "tabpfn_secondary_score": 0.784180790960452,
    "eval_secondary_value": 0.7807909604519774,
    "eval_secondary_delta": -0.003389830508474634,
    "eval_secondary_delta_pct": -0.43227665706052604,
    "feat_share_embedded_pct": 0,
    "feat_share_raw_pct": 100.00000000000003,
    "feat_active_embedded_pct": 0,
    "feat_active_raw_pct": 100.0,
    "feat_cr5_pct": 54.68150066721505,
    "feat_cr10_pct": 71.96974740108229,
    "time_tuning_search_secs": 266.0824484825134,
    "time_train_secs": 0.7623574733734131,
    "time_infer_secs": 0.017887115478515625,
    "time_train_secs_per_1K": 0.21541607046437217,
    "time_infer_secs_per_1K": 0.020211429919226694,
    "time_total_secs": 268.6815860271454
}