{
    "dataset": "houses",
    "algorithm": "lightgbm",
    "mode": "embed-only",
    "task_type": "regression",
    "dataset_samples_count": 20640,
    "dataset_raw_features_count": 8,
    "feat_total_count": 77,
    "pca_n_components": 77,
    "optimal_trees": 849,
    "tuning_completed": 26,
    "tuning_best_idx": 14,
    "tuning_val_score_0": 0.1951815667996345,
    "tuning_val_score_best": 0.19149655086901984,
    "tuning_overall_gain": 0.0036850159306146546,
    "tuning_gain_pct": 1.8879938259730964,
    "eval_overfitting_ratio": 0.9232458165729429,
    "primary_metric": "RMSE",
    "tabpfn_primary_score": 0.17616870304182927,
    "eval_primary_value": 0.17679838947797033,
    "eval_primary_delta": 0.0006296864361410581,
    "eval_primary_delta_pct": 0.3574337696018266,
    "secondary_metric": "R2_Score",
    "tabpfn_secondary_score": 0.9042406897497843,
    "eval_secondary_value": 0.9035549141146294,
    "eval_secondary_delta": -0.0006857756351549282,
    "eval_secondary_delta_pct": -0.0758399442680125,
    "feat_share_embedded_pct": 100.00000000000006,
    "feat_share_raw_pct": 0,
    "feat_active_embedded_pct": 100.0,
    "feat_active_raw_pct": 0,
    "feat_cr5_pct": 91.32770100025009,
    "feat_cr10_pct": 98.31725918310347,
    "time_tuning_search_secs": 209.4207968711853,
    "time_train_secs": 0.9498634338378906,
    "time_infer_secs": 0.02408432960510254,
    "time_train_secs_per_1K": 0.0575256440066552,
    "time_infer_secs_per_1K": 0.005834382171778715,
    "time_total_secs": 212.0061857700348
}