{
    "dataset": "airfoil_self_noise",
    "algorithm": "catboost",
    "mode": "combined",
    "task_type": "regression",
    "dataset_samples_count": 1503,
    "dataset_raw_features_count": 5,
    "feat_total_count": 62,
    "pca_n_components": 57,
    "optimal_trees": 1000,
    "tuning_completed": 26,
    "tuning_best_idx": 3,
    "tuning_val_score_0": 9.997931291739254,
    "tuning_val_score_best": 1.1758793733600883,
    "tuning_overall_gain": 8.822051918379167,
    "tuning_gain_pct": 88.23877321169778,
    "eval_overfitting_ratio": 0.7906353213687006,
    "primary_metric": "RMSE",
    "tabpfn_primary_score": 0.8975385766269695,
    "eval_primary_value": 0.9296917662473797,
    "eval_primary_delta": 0.03215318962041025,
    "eval_primary_delta_pct": 3.5823741126810194,
    "secondary_metric": "R2_Score",
    "tabpfn_secondary_score": 0.9835905950772067,
    "eval_secondary_value": 0.9823938436764662,
    "eval_secondary_delta": -0.0011967514007404922,
    "eval_secondary_delta_pct": -0.12167170027144816,
    "feat_share_embedded_pct": 99.5643032651196,
    "feat_share_raw_pct": 0.43569673488042965,
    "feat_active_embedded_pct": 100.0,
    "feat_active_raw_pct": 100.0,
    "feat_cr5_pct": 95.54424090806383,
    "feat_cr10_pct": 97.70739903748934,
    "time_tuning_search_secs": 615.2195615768433,
    "time_train_secs": 1.4906871318817139,
    "time_infer_secs": 0.004587888717651367,
    "time_train_secs_per_1K": 1.2401723226969334,
    "time_infer_secs_per_1K": 0.015242155208144077,
    "time_total_secs": 618.3168489933014
}