{
    "dataset": "diamonds",
    "algorithm": "catboost",
    "mode": "raw-only",
    "task_type": "regression",
    "dataset_samples_count": 53940,
    "dataset_raw_features_count": 9,
    "feat_total_count": 9,
    "pca_n_components": 29,
    "optimal_trees": 1000,
    "tuning_completed": 26,
    "tuning_best_idx": 18,
    "tuning_val_score_0": 1087.7721980022995,
    "tuning_val_score_best": 537.6540143886778,
    "tuning_overall_gain": 550.1181836136218,
    "tuning_gain_pct": 50.5729218510932,
    "eval_overfitting_ratio": 0.9337582293803176,
    "primary_metric": "RMSE",
    "tabpfn_primary_score": 474.1404367703237,
    "eval_primary_value": 502.03886049479155,
    "eval_primary_delta": 27.898423724467875,
    "eval_primary_delta_pct": 5.884000089615228,
    "secondary_metric": "R2_Score",
    "tabpfn_secondary_score": 0.9855533059097163,
    "eval_secondary_value": 0.983803202363376,
    "eval_secondary_delta": -0.0017501035463403092,
    "eval_secondary_delta_pct": -0.17757573698409684,
    "feat_share_embedded_pct": 0,
    "feat_share_raw_pct": 100.0,
    "feat_active_embedded_pct": 0,
    "feat_active_raw_pct": 100.0,
    "feat_cr5_pct": 95.85348484356452,
    "feat_cr10_pct": 100.0,
    "time_tuning_search_secs": 1401.1839520931244,
    "time_train_secs": 10.546621799468994,
    "time_infer_secs": 0.04350018501281738,
    "time_train_secs_per_1K": 0.24440632646155436,
    "time_infer_secs_per_1K": 0.004032275214387967,
    "time_total_secs": 1414.0363130569458
}