{
    "dataset": "is-this-a-good-customer",
    "algorithm": "catboost",
    "mode": "raw-only",
    "task_type": "binary",
    "dataset_samples_count": 1723,
    "dataset_raw_features_count": 13,
    "feat_total_count": 13,
    "pca_n_components": 31,
    "optimal_trees": 370,
    "tuning_completed": 26,
    "tuning_best_idx": 20,
    "tuning_val_score_0": 0.257015620190828,
    "tuning_val_score_best": 0.24397139164991954,
    "tuning_overall_gain": 0.013044228540908476,
    "tuning_gain_pct": 5.075266838343695,
    "eval_overfitting_ratio": 1.048237258758985,
    "primary_metric": "1-AUROC",
    "tabpfn_primary_score": 0.22481984246690123,
    "eval_primary_value": 0.2557399027987264,
    "eval_primary_delta": 0.03092006033182515,
    "eval_primary_delta_pct": 13.753261274692562,
    "secondary_metric": "Accuracy",
    "tabpfn_secondary_score": 0.8869565217391304,
    "eval_secondary_value": 0.8869565217391304,
    "eval_secondary_delta": 0.0,
    "eval_secondary_delta_pct": 0.0,
    "feat_share_embedded_pct": 0,
    "feat_share_raw_pct": 100.0,
    "feat_active_embedded_pct": 0,
    "feat_active_raw_pct": 100.0,
    "feat_cr5_pct": 66.08623477471333,
    "feat_cr10_pct": 93.8231132071066,
    "time_tuning_search_secs": 86.68959474563599,
    "time_train_secs": 0.4140286445617676,
    "time_infer_secs": 0.002717733383178711,
    "time_train_secs_per_1K": 0.30045620069794454,
    "time_infer_secs_per_1K": 0.00787748806718467,
    "time_total_secs": 88.68611478805542
}