{
    "dataset": "churn",
    "algorithm": "xgboost",
    "mode": "embed-only",
    "task_type": "binary",
    "dataset_samples_count": 5000,
    "dataset_raw_features_count": 19,
    "feat_total_count": 20,
    "pca_n_components": 20,
    "optimal_trees": 755,
    "tuning_completed": 26,
    "tuning_best_idx": 6,
    "tuning_val_score_0": 0.04703277261007366,
    "tuning_val_score_best": 0.04572612437786039,
    "tuning_overall_gain": 0.00130664823221327,
    "tuning_gain_pct": 2.778165435931385,
    "eval_overfitting_ratio": 1.7691341477609828,
    "primary_metric": "1-AUROC",
    "tabpfn_primary_score": 0.08595678630107573,
    "eval_primary_value": 0.08089564808163874,
    "eval_primary_delta": -0.005061138219436989,
    "eval_primary_delta_pct": -5.888003073671974,
    "secondary_metric": "Accuracy",
    "tabpfn_secondary_score": 0.973,
    "eval_secondary_value": 0.972,
    "eval_secondary_delta": -0.0010000000000000009,
    "eval_secondary_delta_pct": -0.1027749229188079,
    "feat_share_embedded_pct": 99.99999999999999,
    "feat_share_raw_pct": 0,
    "feat_active_embedded_pct": 100.0,
    "feat_active_raw_pct": 0,
    "feat_cr5_pct": 78.1905924390382,
    "feat_cr10_pct": 88.02876113406172,
    "time_tuning_search_secs": 211.57988715171814,
    "time_train_secs": 1.0870187282562256,
    "time_infer_secs": 0.002367258071899414,
    "time_train_secs_per_1K": 0.2717546820640564,
    "time_infer_secs_per_1K": 0.002367258071899414,
    "time_total_secs": 214.58193850517273
}