{
    "dataset": "e-commereshippingdata",
    "algorithm": "xgboost",
    "mode": "raw-only",
    "task_type": "binary",
    "dataset_samples_count": 10999,
    "dataset_raw_features_count": 10,
    "feat_total_count": 10,
    "pca_n_components": 11,
    "optimal_trees": 28,
    "tuning_completed": 26,
    "tuning_best_idx": 20,
    "tuning_val_score_0": 0.25873373383872034,
    "tuning_val_score_best": 0.24774471223701888,
    "tuning_overall_gain": 0.010989021601701454,
    "tuning_gain_pct": 4.247231869869498,
    "eval_overfitting_ratio": 1.042466219367456,
    "primary_metric": "1-AUROC",
    "tabpfn_primary_score": 0.2576305284678151,
    "eval_primary_value": 0.2582654935340034,
    "eval_primary_delta": 0.0006349650661883199,
    "eval_primary_delta_pct": 0.24646344125620342,
    "secondary_metric": "Accuracy",
    "tabpfn_secondary_score": 0.6822727272727273,
    "eval_secondary_value": 0.5968181818181818,
    "eval_secondary_delta": -0.08545454545454545,
    "eval_secondary_delta_pct": -12.524983344437041,
    "feat_share_embedded_pct": 0,
    "feat_share_raw_pct": 100.0,
    "feat_active_embedded_pct": 0,
    "feat_active_raw_pct": 100.0,
    "feat_cr5_pct": 99.74610050627862,
    "feat_cr10_pct": 100.0,
    "time_tuning_search_secs": 28.150742292404175,
    "time_train_secs": 0.016508817672729492,
    "time_infer_secs": 0.0006940364837646484,
    "time_train_secs_per_1K": 0.0018762152145390945,
    "time_infer_secs_per_1K": 0.00031547112898393107,
    "time_total_secs": 29.803953647613525
}