{
    "dataset": "seismic-bumps",
    "algorithm": "lightgbm",
    "mode": "raw-only",
    "task_type": "binary",
    "dataset_samples_count": 2584,
    "dataset_raw_features_count": 15,
    "feat_total_count": 15,
    "pca_n_components": 25,
    "optimal_trees": 11,
    "tuning_completed": 26,
    "tuning_best_idx": 25,
    "tuning_val_score_0": 0.2532163601869539,
    "tuning_val_score_best": 0.21375982880035183,
    "tuning_overall_gain": 0.0394565313866021,
    "tuning_gain_pct": 15.582141437255743,
    "eval_overfitting_ratio": 1.1222483202935896,
    "primary_metric": "1-AUROC",
    "tabpfn_primary_score": 0.22415052977712813,
    "eval_primary_value": 0.2398916088174401,
    "eval_primary_delta": 0.015741079040311967,
    "eval_primary_delta_pct": 7.022548220592319,
    "secondary_metric": "Accuracy",
    "tabpfn_secondary_score": 0.9342359767891683,
    "eval_secondary_value": 0.9342359767891683,
    "eval_secondary_delta": 0.0,
    "eval_secondary_delta_pct": 0.0,
    "feat_share_embedded_pct": 0,
    "feat_share_raw_pct": 100.0,
    "feat_active_embedded_pct": 0,
    "feat_active_raw_pct": 100.0,
    "feat_cr5_pct": 74.59907073304423,
    "feat_cr10_pct": 98.09020969742708,
    "time_tuning_search_secs": 18.15040874481201,
    "time_train_secs": 0.007825374603271484,
    "time_infer_secs": 0.0017879009246826172,
    "time_train_secs_per_1K": 0.003785860959492735,
    "time_infer_secs_per_1K": 0.0034582222914557393,
    "time_total_secs": 19.96342635154724
}