{
    "dataset": "bank_customer_churn",
    "algorithm": "lightgbm",
    "mode": "combined",
    "task_type": "binary",
    "dataset_samples_count": 10000,
    "dataset_raw_features_count": 10,
    "feat_total_count": 30,
    "pca_n_components": 20,
    "optimal_trees": 351,
    "tuning_completed": 26,
    "tuning_best_idx": 7,
    "tuning_val_score_0": 0.1375469913224867,
    "tuning_val_score_best": 0.13063140293231745,
    "tuning_overall_gain": 0.006915588390169258,
    "tuning_gain_pct": 5.027800552870888,
    "eval_overfitting_ratio": 0.9451679475417568,
    "primary_metric": "1-AUROC",
    "tabpfn_primary_score": 0.12259254632135974,
    "eval_primary_value": 0.12346861499403872,
    "eval_primary_delta": 0.0008760686726789757,
    "eval_primary_delta_pct": 0.7146182202484647,
    "secondary_metric": "Accuracy",
    "tabpfn_secondary_score": 0.869,
    "eval_secondary_value": 0.871,
    "eval_secondary_delta": 0.0020000000000000018,
    "eval_secondary_delta_pct": 0.23014959723820505,
    "feat_share_embedded_pct": 67.14973193433687,
    "feat_share_raw_pct": 32.85026806566314,
    "feat_active_embedded_pct": 100.0,
    "feat_active_raw_pct": 100.0,
    "feat_cr5_pct": 40.66058054571413,
    "feat_cr10_pct": 67.71620177778655,
    "time_tuning_search_secs": 98.28200268745422,
    "time_train_secs": 0.3979160785675049,
    "time_infer_secs": 0.007675886154174805,
    "time_train_secs_per_1K": 0.04973950982093811,
    "time_infer_secs_per_1K": 0.0038379430770874023,
    "time_total_secs": 100.50454258918762
}