{
    "dataset": "hiva_agnostic",
    "algorithm": "xgboost",
    "mode": "combined",
    "task_type": "multiclass",
    "dataset_samples_count": 3845,
    "dataset_raw_features_count": 1617,
    "feat_total_count": 1666,
    "pca_n_components": 49,
    "optimal_trees": 886,
    "tuning_completed": 26,
    "tuning_best_idx": 22,
    "tuning_val_score_0": 0.17915006048110843,
    "tuning_val_score_best": 0.17580613014791974,
    "tuning_overall_gain": 0.003343930333188694,
    "tuning_gain_pct": 1.8665527235707045,
    "eval_overfitting_ratio": 0.991489116412352,
    "primary_metric": "Log_Loss",
    "tabpfn_primary_score": 0.17995572619000175,
    "eval_primary_value": 0.1743098646402359,
    "eval_primary_delta": -0.005645861549765846,
    "eval_primary_delta_pct": -3.1373614328920016,
    "secondary_metric": "Accuracy",
    "tabpfn_secondary_score": 0.9648894668400521,
    "eval_secondary_value": 0.9648894668400521,
    "eval_secondary_delta": 0.0,
    "eval_secondary_delta_pct": 0.0,
    "feat_share_embedded_pct": 67.41185324111215,
    "feat_share_raw_pct": 32.58814675888788,
    "feat_active_embedded_pct": 100.0,
    "feat_active_raw_pct": 53.49412492269635,
    "feat_cr5_pct": 18.52464709526685,
    "feat_cr10_pct": 29.627140584085637,
    "time_tuning_search_secs": 2029.3605830669403,
    "time_train_secs": 8.944427013397217,
    "time_infer_secs": 0.008648157119750977,
    "time_train_secs_per_1K": 2.9078111226909025,
    "time_infer_secs_per_1K": 0.011245978049090997,
    "time_total_secs": 2042.6767964363098
}