{
    "dataset": "seismic-bumps",
    "algorithm": "catboost",
    "mode": "combined",
    "task_type": "binary",
    "dataset_samples_count": 2584,
    "dataset_raw_features_count": 15,
    "feat_total_count": 40,
    "pca_n_components": 25,
    "optimal_trees": 207,
    "tuning_completed": 26,
    "tuning_best_idx": 24,
    "tuning_val_score_0": 0.21523862451259446,
    "tuning_val_score_best": 0.19945076724150113,
    "tuning_overall_gain": 0.01578785727109333,
    "tuning_gain_pct": 7.335048394239074,
    "eval_overfitting_ratio": 1.2004712125605719,
    "primary_metric": "1-AUROC",
    "tabpfn_primary_score": 0.22415052977712813,
    "eval_primary_value": 0.23943490439654125,
    "eval_primary_delta": 0.015284374619413121,
    "eval_primary_delta_pct": 6.818799239337202,
    "secondary_metric": "Accuracy",
    "tabpfn_secondary_score": 0.9342359767891683,
    "eval_secondary_value": 0.9342359767891683,
    "eval_secondary_delta": 0.0,
    "eval_secondary_delta_pct": 0.0,
    "feat_share_embedded_pct": 58.02580317800171,
    "feat_share_raw_pct": 41.9741968219983,
    "feat_active_embedded_pct": 100.0,
    "feat_active_raw_pct": 100.0,
    "feat_cr5_pct": 25.897619477162547,
    "feat_cr10_pct": 42.50000050724799,
    "time_tuning_search_secs": 174.4202823638916,
    "time_train_secs": 0.8017864227294922,
    "time_infer_secs": 0.004524707794189453,
    "time_train_secs_per_1K": 0.38789860799685155,
    "time_infer_secs_per_1K": 0.0087518525999796,
    "time_total_secs": 177.1971504688263
}