{
    "dataset": "taiwanese_bankruptcy_prediction",
    "algorithm": "catboost",
    "mode": "raw-only",
    "task_type": "binary",
    "dataset_samples_count": 6819,
    "dataset_raw_features_count": 94,
    "feat_total_count": 94,
    "pca_n_components": 32,
    "optimal_trees": 502,
    "tuning_completed": 26,
    "tuning_best_idx": 21,
    "tuning_val_score_0": 0.057919626845082006,
    "tuning_val_score_best": 0.050354097952904686,
    "tuning_overall_gain": 0.00756552889217732,
    "tuning_gain_pct": 13.062116080983893,
    "eval_overfitting_ratio": 1.0603282642094694,
    "primary_metric": "1-AUROC",
    "tabpfn_primary_score": 0.0431818181818181,
    "eval_primary_value": 0.05339187327823702,
    "eval_primary_delta": 0.010210055096418924,
    "eval_primary_delta_pct": 23.644338118022816,
    "secondary_metric": "Accuracy",
    "tabpfn_secondary_score": 0.9736070381231672,
    "eval_secondary_value": 0.9736070381231672,
    "eval_secondary_delta": 0.0,
    "eval_secondary_delta_pct": 0.0,
    "feat_share_embedded_pct": 0,
    "feat_share_raw_pct": 100.0,
    "feat_active_embedded_pct": 0,
    "feat_active_raw_pct": 100.0,
    "feat_cr5_pct": 17.17557880655485,
    "feat_cr10_pct": 28.950574582379883,
    "time_tuning_search_secs": 1066.7628283500671,
    "time_train_secs": 6.8687989711761475,
    "time_infer_secs": 0.007816076278686523,
    "time_train_secs_per_1K": 1.2591748801422817,
    "time_infer_secs_per_1K": 0.005730261201383082,
    "time_total_secs": 1075.3706667423248
}