{
    "dataset": "superconductivity",
    "algorithm": "catboost",
    "mode": "combined",
    "task_type": "regression",
    "dataset_samples_count": 21263,
    "dataset_raw_features_count": 81,
    "feat_total_count": 151,
    "pca_n_components": 70,
    "optimal_trees": 1000,
    "tuning_completed": 26,
    "tuning_best_idx": 16,
    "tuning_val_score_0": 9.443106162806137,
    "tuning_val_score_best": 8.818924670816326,
    "tuning_overall_gain": 0.6241814919898108,
    "tuning_gain_pct": 6.609917131380925,
    "eval_overfitting_ratio": 0.9904634591243868,
    "primary_metric": "RMSE",
    "tabpfn_primary_score": 8.967884575443701,
    "eval_primary_value": 8.734822635214133,
    "eval_primary_delta": -0.23306194022956817,
    "eval_primary_delta_pct": -2.598850802203116,
    "secondary_metric": "R2_Score",
    "tabpfn_secondary_score": 0.9315355911199428,
    "eval_secondary_value": 0.9350479257624609,
    "eval_secondary_delta": 0.0035123346425181,
    "eval_secondary_delta_pct": 0.37704782039464324,
    "feat_share_embedded_pct": 92.50810322199445,
    "feat_share_raw_pct": 7.491896778005592,
    "feat_active_embedded_pct": 100.0,
    "feat_active_raw_pct": 100.0,
    "feat_cr5_pct": 91.92472012978514,
    "feat_cr10_pct": 94.83578392064166,
    "time_tuning_search_secs": 5117.796164512634,
    "time_train_secs": 53.3686146736145,
    "time_infer_secs": 0.039994239807128906,
    "time_train_secs_per_1K": 3.1374846956857434,
    "time_infer_secs_per_1K": 0.009403771410093794,
    "time_total_secs": 5174.069045543671
}