{
    "dataset": "givemesomecredit",
    "algorithm": "catboost",
    "mode": "combined",
    "task_type": "binary",
    "dataset_samples_count": 150000,
    "dataset_raw_features_count": 10,
    "feat_total_count": 30,
    "pca_n_components": 20,
    "optimal_trees": 1000,
    "tuning_completed": 26,
    "tuning_best_idx": 5,
    "tuning_val_score_0": 0.13744256835104374,
    "tuning_val_score_best": 0.13448250075095836,
    "tuning_overall_gain": 0.002960067600085381,
    "tuning_gain_pct": 2.1536759939795624,
    "eval_overfitting_ratio": 0.9409865615424878,
    "primary_metric": "1-AUROC",
    "tabpfn_primary_score": 0.12526345326182675,
    "eval_primary_value": 0.12654622596927934,
    "eval_primary_delta": 0.001282772707452584,
    "eval_primary_delta_pct": 1.024059830740353,
    "secondary_metric": "Accuracy",
    "tabpfn_secondary_score": 0.9378,
    "eval_secondary_value": 0.9374,
    "eval_secondary_delta": -0.00039999999999995595,
    "eval_secondary_delta_pct": -0.04265301770099765,
    "feat_share_embedded_pct": 44.086606667334415,
    "feat_share_raw_pct": 55.91339333266556,
    "feat_active_embedded_pct": 100.0,
    "feat_active_raw_pct": 100.0,
    "feat_cr5_pct": 62.73769102202152,
    "feat_cr10_pct": 80.24297703986457,
    "time_tuning_search_secs": 2077.4526059627533,
    "time_train_secs": 14.343812227249146,
    "time_infer_secs": 0.05643177032470703,
    "time_train_secs_per_1K": 0.11953176856040955,
    "time_infer_secs_per_1K": 0.0018810590108235678,
    "time_total_secs": 2095.071931362152
}