{
    "dataset": "kddcup09_appetency",
    "algorithm": "catboost",
    "mode": "combined",
    "task_type": "binary",
    "dataset_samples_count": 50000,
    "dataset_raw_features_count": 212,
    "feat_total_count": 248,
    "pca_n_components": 36,
    "optimal_trees": 1000,
    "tuning_completed": 26,
    "tuning_best_idx": 17,
    "tuning_val_score_0": 0.18073448964603656,
    "tuning_val_score_best": 0.15548504961345644,
    "tuning_overall_gain": 0.025249440032580117,
    "tuning_gain_pct": 13.970460249192303,
    "eval_overfitting_ratio": 1.1113240655245629,
    "primary_metric": "1-AUROC",
    "tabpfn_primary_score": 0.18370534846103337,
    "eval_primary_value": 0.17279427746471476,
    "eval_primary_delta": -0.010911070996318606,
    "eval_primary_delta_pct": -5.939441114657043,
    "secondary_metric": "Accuracy",
    "tabpfn_secondary_score": 0.9822,
    "eval_secondary_value": 0.9821,
    "eval_secondary_delta": -9.999999999998899e-05,
    "eval_secondary_delta_pct": -0.010181225819587558,
    "feat_share_embedded_pct": 51.03415895509624,
    "feat_share_raw_pct": 48.96584104490377,
    "feat_active_embedded_pct": 100.0,
    "feat_active_raw_pct": 68.39622641509435,
    "feat_cr5_pct": 30.261121972629375,
    "feat_cr10_pct": 41.797318410204795,
    "time_tuning_search_secs": 2268.843105316162,
    "time_train_secs": 25.30666494369507,
    "time_infer_secs": 0.07031846046447754,
    "time_train_secs_per_1K": 0.6326666235923767,
    "time_infer_secs_per_1K": 0.007031846046447754,
    "time_total_secs": 2298.013855934143
}