{
    "dataset": "churn",
    "algorithm": "catboost",
    "mode": "combined",
    "task_type": "binary",
    "dataset_samples_count": 5000,
    "dataset_raw_features_count": 19,
    "feat_total_count": 39,
    "pca_n_components": 20,
    "optimal_trees": 336,
    "tuning_completed": 26,
    "tuning_best_idx": 25,
    "tuning_val_score_0": 0.06195232597951239,
    "tuning_val_score_best": 0.05766640690895519,
    "tuning_overall_gain": 0.004285919070557198,
    "tuning_gain_pct": 6.918092263355131,
    "eval_overfitting_ratio": 1.217553582521713,
    "primary_metric": "1-AUROC",
    "tabpfn_primary_score": 0.08595678630107573,
    "eval_primary_value": 0.07021194032315325,
    "eval_primary_delta": -0.015744845977922473,
    "eval_primary_delta_pct": -18.317164537508344,
    "secondary_metric": "Accuracy",
    "tabpfn_secondary_score": 0.973,
    "eval_secondary_value": 0.972,
    "eval_secondary_delta": -0.0010000000000000009,
    "eval_secondary_delta_pct": -0.1027749229188079,
    "feat_share_embedded_pct": 79.38001346898979,
    "feat_share_raw_pct": 20.619986531010216,
    "feat_active_embedded_pct": 100.0,
    "feat_active_raw_pct": 100.0,
    "feat_cr5_pct": 49.07437770387855,
    "feat_cr10_pct": 62.77650361546327,
    "time_tuning_search_secs": 140.85720109939575,
    "time_train_secs": 1.0569441318511963,
    "time_infer_secs": 0.0021505355834960938,
    "time_train_secs_per_1K": 0.2642360329627991,
    "time_infer_secs_per_1K": 0.0021505355834960938,
    "time_total_secs": 144.26288866996765
}