{
    "dataset": "blood-transfusion-service-center",
    "algorithm": "catboost",
    "mode": "raw-only",
    "task_type": "binary",
    "dataset_samples_count": 748,
    "dataset_raw_features_count": 4,
    "feat_total_count": 4,
    "pca_n_components": 22,
    "optimal_trees": 180,
    "tuning_completed": 26,
    "tuning_best_idx": 24,
    "tuning_val_score_0": 0.26905601421855296,
    "tuning_val_score_best": 0.2520496502694646,
    "tuning_overall_gain": 0.017006363949088388,
    "tuning_gain_pct": 6.320752204139245,
    "eval_overfitting_ratio": 0.869576343474552,
    "primary_metric": "1-AUROC",
    "tabpfn_primary_score": 0.21479044834307992,
    "eval_primary_value": 0.21917641325536064,
    "eval_primary_delta": 0.004385964912280715,
    "eval_primary_delta_pct": 2.0419739081111805,
    "secondary_metric": "Accuracy",
    "tabpfn_secondary_score": 0.7933333333333333,
    "eval_secondary_value": 0.78,
    "eval_secondary_delta": -0.013333333333333308,
    "eval_secondary_delta_pct": -1.6806722689075597,
    "feat_share_embedded_pct": 0,
    "feat_share_raw_pct": 100.00000000000001,
    "feat_active_embedded_pct": 0,
    "feat_active_raw_pct": 100.0,
    "feat_cr5_pct": 100.00000000000001,
    "feat_cr10_pct": 100.00000000000001,
    "time_tuning_search_secs": 24.139285802841187,
    "time_train_secs": 0.06135225296020508,
    "time_infer_secs": 0.0007481575012207031,
    "time_train_secs_per_1K": 0.1025957407361289,
    "time_infer_secs_per_1K": 0.0049877166748046875,
    "time_total_secs": 25.906747102737427
}