{
    "dataset": "bank-marketing",
    "algorithm": "lightgbm",
    "mode": "raw-only",
    "task_type": "binary",
    "dataset_samples_count": 45211,
    "dataset_raw_features_count": 13,
    "feat_total_count": 13,
    "pca_n_components": 28,
    "optimal_trees": 456,
    "tuning_completed": 26,
    "tuning_best_idx": 24,
    "tuning_val_score_0": 0.24159996289512597,
    "tuning_val_score_best": 0.23678417624770942,
    "tuning_overall_gain": 0.004815786647416553,
    "tuning_gain_pct": 1.993289481384149,
    "eval_overfitting_ratio": 0.9468509399671099,
    "primary_metric": "1-AUROC",
    "tabpfn_primary_score": 0.22318205330647145,
    "eval_primary_value": 0.2241993198494815,
    "eval_primary_delta": 0.0010172665430100425,
    "eval_primary_delta_pct": 0.4558012295070795,
    "secondary_metric": "Accuracy",
    "tabpfn_secondary_score": 0.8961627778392126,
    "eval_secondary_value": 0.8962733606104168,
    "eval_secondary_delta": 0.00011058277120423732,
    "eval_secondary_delta_pct": 0.012339585389929889,
    "feat_share_embedded_pct": 0,
    "feat_share_raw_pct": 100.0,
    "feat_active_embedded_pct": 0,
    "feat_active_raw_pct": 100.0,
    "feat_cr5_pct": 79.22375751465717,
    "feat_cr10_pct": 97.5222823614586,
    "time_tuning_search_secs": 164.00705456733704,
    "time_train_secs": 0.519033670425415,
    "time_infer_secs": 0.02176690101623535,
    "time_train_secs_per_1K": 0.014350632338681018,
    "time_infer_secs_per_1K": 0.002407044234903832,
    "time_total_secs": 166.37663316726685
}