{
    "dataset": "polish_companies_bankruptcy",
    "algorithm": "xgboost",
    "mode": "raw-only",
    "task_type": "binary",
    "dataset_samples_count": 5910,
    "dataset_raw_features_count": 64,
    "feat_total_count": 64,
    "pca_n_components": 52,
    "optimal_trees": 569,
    "tuning_completed": 26,
    "tuning_best_idx": 22,
    "tuning_val_score_0": 0.05080654101995574,
    "tuning_val_score_best": 0.04464246119733928,
    "tuning_overall_gain": 0.006164079822616464,
    "tuning_gain_pct": 12.132453221319166,
    "eval_overfitting_ratio": 1.0782889426957232,
    "primary_metric": "1-AUROC",
    "tabpfn_primary_score": 0.017195121951219416,
    "eval_primary_value": 0.04813747228381382,
    "eval_primary_delta": 0.030942350332594404,
    "eval_primary_delta_pct": 179.94842037395426,
    "secondary_metric": "Accuracy",
    "tabpfn_secondary_score": 0.9805414551607445,
    "eval_secondary_value": 0.9627749576988156,
    "eval_secondary_delta": -0.017766497461928932,
    "eval_secondary_delta_pct": -1.8119068162208798,
    "feat_share_embedded_pct": 0,
    "feat_share_raw_pct": 99.99999999999999,
    "feat_active_embedded_pct": 0,
    "feat_active_raw_pct": 100.0,
    "feat_cr5_pct": 52.58614187068965,
    "feat_cr10_pct": 64.20132825416962,
    "time_tuning_search_secs": 361.92888259887695,
    "time_train_secs": 0.9858987331390381,
    "time_infer_secs": 0.0026047229766845703,
    "time_train_secs_per_1K": 0.20852342071468657,
    "time_infer_secs_per_1K": 0.002203657340680686,
    "time_total_secs": 364.6327905654907
}