{
    "dataset": "diabetes130us",
    "algorithm": "xgboost",
    "mode": "combined",
    "task_type": "binary",
    "dataset_samples_count": 71518,
    "dataset_raw_features_count": 47,
    "feat_total_count": 85,
    "pca_n_components": 38,
    "optimal_trees": 718,
    "tuning_completed": 26,
    "tuning_best_idx": 22,
    "tuning_val_score_0": 0.36685200901801607,
    "tuning_val_score_best": 0.33274126900064593,
    "tuning_overall_gain": 0.034110740017370134,
    "tuning_gain_pct": 9.298229034829944,
    "eval_overfitting_ratio": 1.0986404719004905,
    "primary_metric": "1-AUROC",
    "tabpfn_primary_score": 0.32308271210032113,
    "eval_primary_value": 0.36556302479563774,
    "eval_primary_delta": 0.0424803126953166,
    "eval_primary_delta_pct": 13.14843261626637,
    "secondary_metric": "Accuracy",
    "tabpfn_secondary_score": 0.9121923937360179,
    "eval_secondary_value": 0.9119826621923938,
    "eval_secondary_delta": -0.00020973154362413648,
    "eval_secondary_delta_pct": -0.022992029429794975,
    "feat_share_embedded_pct": 46.6342414747523,
    "feat_share_raw_pct": 53.36575852524769,
    "feat_active_embedded_pct": 100.0,
    "feat_active_raw_pct": 72.3404255319149,
    "feat_cr5_pct": 41.37064465209027,
    "feat_cr10_pct": 53.23560328104774,
    "time_tuning_search_secs": 748.41841340065,
    "time_train_secs": 5.1849143505096436,
    "time_infer_secs": 0.06400394439697266,
    "time_train_secs_per_1K": 0.0906231752806943,
    "time_infer_secs_per_1K": 0.004474548685470684,
    "time_total_secs": 756.2409918308258
}