{
    "dataset": "coil2000_insurance_policies",
    "algorithm": "lightgbm",
    "mode": "raw-only",
    "task_type": "binary",
    "dataset_samples_count": 9822,
    "dataset_raw_features_count": 85,
    "feat_total_count": 85,
    "pca_n_components": 57,
    "optimal_trees": 174,
    "tuning_completed": 26,
    "tuning_best_idx": 16,
    "tuning_val_score_0": 0.24526568358094747,
    "tuning_val_score_best": 0.23520630469633808,
    "tuning_overall_gain": 0.010059378884609393,
    "tuning_gain_pct": 4.101421257853791,
    "eval_overfitting_ratio": 1.1031480844119743,
    "primary_metric": "1-AUROC",
    "tabpfn_primary_score": 0.22762885262885268,
    "eval_primary_value": 0.2594673844673845,
    "eval_primary_delta": 0.0318385318385318,
    "eval_primary_delta_pct": 13.987036999410755,
    "secondary_metric": "Accuracy",
    "tabpfn_secondary_score": 0.9404580152671755,
    "eval_secondary_value": 0.9399491094147583,
    "eval_secondary_delta": -0.0005089058524172518,
    "eval_secondary_delta_pct": -0.05411255411254869,
    "feat_share_embedded_pct": 0,
    "feat_share_raw_pct": 99.99999999999997,
    "feat_active_embedded_pct": 0,
    "feat_active_raw_pct": 96.47058823529412,
    "feat_cr5_pct": 28.97542863323517,
    "feat_cr10_pct": 42.249919364270156,
    "time_tuning_search_secs": 91.53112959861755,
    "time_train_secs": 0.27155232429504395,
    "time_infer_secs": 0.005486011505126953,
    "time_train_secs_per_1K": 0.03456183330724754,
    "time_infer_secs_per_1K": 0.0027918633613877625,
    "time_total_secs": 93.63046431541443
}