{
    "dataset": "superconductivity",
    "algorithm": "xgboost",
    "mode": "combined",
    "task_type": "regression",
    "dataset_samples_count": 21263,
    "dataset_raw_features_count": 81,
    "feat_total_count": 151,
    "pca_n_components": 70,
    "optimal_trees": 1000,
    "tuning_completed": 26,
    "tuning_best_idx": 22,
    "tuning_val_score_0": 9.188961179660044,
    "tuning_val_score_best": 8.8661961331271,
    "tuning_overall_gain": 0.32276504653294324,
    "tuning_gain_pct": 3.5125303091647657,
    "eval_overfitting_ratio": 1.0041817918063713,
    "primary_metric": "RMSE",
    "tabpfn_primary_score": 8.967884575443701,
    "eval_primary_value": 8.903272719470293,
    "eval_primary_delta": -0.0646118559734088,
    "eval_primary_delta_pct": -0.7204804592415488,
    "secondary_metric": "R2_Score",
    "tabpfn_secondary_score": 0.9315355911199428,
    "eval_secondary_value": 0.9325185825616505,
    "eval_secondary_delta": 0.00098299144170777,
    "eval_secondary_delta_pct": 0.10552376646457108,
    "feat_share_embedded_pct": 65.839158596409,
    "feat_share_raw_pct": 34.160841403590986,
    "feat_active_embedded_pct": 100.0,
    "feat_active_raw_pct": 100.0,
    "feat_cr5_pct": 79.01548863143617,
    "feat_cr10_pct": 89.8034628646528,
    "time_tuning_search_secs": 3361.484110593796,
    "time_train_secs": 43.39920949935913,
    "time_infer_secs": 0.03297781944274902,
    "time_train_secs_per_1K": 2.5513938565172913,
    "time_infer_secs_per_1K": 0.007754013506407012,
    "time_total_secs": 3407.283679485321
}