{
    "dataset": "credit_card_clients_default",
    "algorithm": "xgboost",
    "mode": "raw-only",
    "task_type": "binary",
    "dataset_samples_count": 30000,
    "dataset_raw_features_count": 23,
    "feat_total_count": 23,
    "pca_n_components": 23,
    "optimal_trees": 651,
    "tuning_completed": 26,
    "tuning_best_idx": 14,
    "tuning_val_score_0": 0.22090988641739429,
    "tuning_val_score_best": 0.21459103923612033,
    "tuning_overall_gain": 0.006318847181273957,
    "tuning_gain_pct": 2.860373197302235,
    "eval_overfitting_ratio": 1.0120792056388783,
    "primary_metric": "1-AUROC",
    "tabpfn_primary_score": 0.2132596933658718,
    "eval_primary_value": 0.21718312852731403,
    "eval_primary_delta": 0.003923435161442224,
    "eval_primary_delta_pct": 1.8397452887222876,
    "secondary_metric": "Accuracy",
    "tabpfn_secondary_score": 0.8218333333333333,
    "eval_secondary_value": 0.8223333333333334,
    "eval_secondary_delta": 0.000500000000000056,
    "eval_secondary_delta_pct": 0.060839586290820036,
    "feat_share_embedded_pct": 0,
    "feat_share_raw_pct": 99.99999999999999,
    "feat_active_embedded_pct": 0,
    "feat_active_raw_pct": 100.0,
    "feat_cr5_pct": 66.890828493631,
    "feat_cr10_pct": 81.9736207417772,
    "time_tuning_search_secs": 295.2349410057068,
    "time_train_secs": 1.320347547531128,
    "time_infer_secs": 0.014269828796386719,
    "time_train_secs_per_1K": 0.05501448114713033,
    "time_infer_secs_per_1K": 0.0023783047993977866,
    "time_total_secs": 298.6899552345276
}