{
    "dataset": "polish_companies_bankruptcy",
    "algorithm": "xgboost",
    "mode": "embed-only",
    "task_type": "binary",
    "dataset_samples_count": 5910,
    "dataset_raw_features_count": 64,
    "feat_total_count": 52,
    "pca_n_components": 52,
    "optimal_trees": 480,
    "tuning_completed": 26,
    "tuning_best_idx": 11,
    "tuning_val_score_0": 0.019517738359201786,
    "tuning_val_score_best": 0.016369179600886907,
    "tuning_overall_gain": 0.003148558758314879,
    "tuning_gain_pct": 16.131780744106898,
    "eval_overfitting_ratio": 1.0558753809685102,
    "primary_metric": "1-AUROC",
    "tabpfn_primary_score": 0.017195121951219416,
    "eval_primary_value": 0.017283813747228427,
    "eval_primary_delta": 8.869179600901056e-05,
    "eval_primary_delta_pct": 0.5157962604779367,
    "secondary_metric": "Accuracy",
    "tabpfn_secondary_score": 0.9805414551607445,
    "eval_secondary_value": 0.9788494077834179,
    "eval_secondary_delta": -0.0016920473773266442,
    "eval_secondary_delta_pct": -0.17256255392580616,
    "feat_share_embedded_pct": 99.99999999999996,
    "feat_share_raw_pct": 0,
    "feat_active_embedded_pct": 100.0,
    "feat_active_raw_pct": 0,
    "feat_cr5_pct": 70.14492154831008,
    "feat_cr10_pct": 75.9275173011482,
    "time_tuning_search_secs": 292.689329624176,
    "time_train_secs": 1.0852739810943604,
    "time_infer_secs": 0.003951311111450195,
    "time_train_secs_per_1K": 0.2295418741739341,
    "time_infer_secs_per_1K": 0.0033429028015653094,
    "time_total_secs": 295.513610124588
}