{
    "dataset": "wine_quality",
    "algorithm": "catboost",
    "mode": "raw-only",
    "task_type": "regression",
    "dataset_samples_count": 6497,
    "dataset_raw_features_count": 12,
    "feat_total_count": 12,
    "pca_n_components": 25,
    "optimal_trees": 1000,
    "tuning_completed": 26,
    "tuning_best_idx": 11,
    "tuning_val_score_0": 0.7870678924244308,
    "tuning_val_score_best": 0.5999757760284495,
    "tuning_overall_gain": 0.18709211639598122,
    "tuning_gain_pct": 23.770772279844284,
    "eval_overfitting_ratio": 0.9670334082529286,
    "primary_metric": "RMSE",
    "tabpfn_primary_score": 0.5665150098489219,
    "eval_primary_value": 0.5801966195619873,
    "eval_primary_delta": 0.013681609713065424,
    "eval_primary_delta_pct": 2.415048052603943,
    "secondary_metric": "R2_Score",
    "tabpfn_secondary_score": 0.5709894261223469,
    "eval_secondary_value": 0.5500175845259488,
    "eval_secondary_delta": -0.02097184159639809,
    "eval_secondary_delta_pct": -3.672894914853365,
    "feat_share_embedded_pct": 0,
    "feat_share_raw_pct": 100.00000000000001,
    "feat_active_embedded_pct": 0,
    "feat_active_raw_pct": 100.0,
    "feat_cr5_pct": 61.58929865504248,
    "feat_cr10_pct": 93.3176204900333,
    "time_tuning_search_secs": 882.394767999649,
    "time_train_secs": 5.919902086257935,
    "time_infer_secs": 0.007225751876831055,
    "time_train_secs_per_1K": 1.1390998819045477,
    "time_infer_secs_per_1K": 0.005558270674485426,
    "time_total_secs": 889.8913102149963
}