{
    "dataset": "diabetes",
    "algorithm": "catboost",
    "mode": "raw-only",
    "task_type": "binary",
    "dataset_samples_count": 768,
    "dataset_raw_features_count": 8,
    "feat_total_count": 8,
    "pca_n_components": 32,
    "optimal_trees": 445,
    "tuning_completed": 26,
    "tuning_best_idx": 5,
    "tuning_val_score_0": 0.17350071225071217,
    "tuning_val_score_best": 0.1677350427350428,
    "tuning_overall_gain": 0.005765669515669369,
    "tuning_gain_pct": 3.3231388164780875,
    "eval_overfitting_ratio": 0.8269214437367304,
    "primary_metric": "1-AUROC",
    "tabpfn_primary_score": 0.13203703703703706,
    "eval_primary_value": 0.13870370370370377,
    "eval_primary_delta": 0.00666666666666671,
    "eval_primary_delta_pct": 5.049088359046315,
    "secondary_metric": "Accuracy",
    "tabpfn_secondary_score": 0.7597402597402597,
    "eval_secondary_value": 0.7727272727272727,
    "eval_secondary_delta": 0.012987012987012991,
    "eval_secondary_delta_pct": 1.70940170940171,
    "feat_share_embedded_pct": 0,
    "feat_share_raw_pct": 100.00000000000001,
    "feat_active_embedded_pct": 0,
    "feat_active_raw_pct": 100.0,
    "feat_cr5_pct": 83.96013548799456,
    "feat_cr10_pct": 100.00000000000001,
    "time_tuning_search_secs": 77.08608293533325,
    "time_train_secs": 0.5839529037475586,
    "time_infer_secs": 0.0018019676208496094,
    "time_train_secs_per_1K": 0.9510633611523756,
    "time_infer_secs_per_1K": 0.011701088447075386,
    "time_total_secs": 79.1882438659668
}