{
    "dataset": "seismic-bumps",
    "algorithm": "xgboost",
    "mode": "embed-only",
    "task_type": "binary",
    "dataset_samples_count": 2584,
    "dataset_raw_features_count": 15,
    "feat_total_count": 25,
    "pca_n_components": 25,
    "optimal_trees": 78,
    "tuning_completed": 26,
    "tuning_best_idx": 23,
    "tuning_val_score_0": 0.23756220536292427,
    "tuning_val_score_best": 0.21536230400393763,
    "tuning_overall_gain": 0.02219990135898664,
    "tuning_gain_pct": 9.344879302274453,
    "eval_overfitting_ratio": 1.1400523309348636,
    "primary_metric": "1-AUROC",
    "tabpfn_primary_score": 0.22415052977712813,
    "eval_primary_value": 0.24552429667519182,
    "eval_primary_delta": 0.021373766898063695,
    "eval_primary_delta_pct": 9.535452322738445,
    "secondary_metric": "Accuracy",
    "tabpfn_secondary_score": 0.9342359767891683,
    "eval_secondary_value": 0.9323017408123792,
    "eval_secondary_delta": -0.0019342359767891004,
    "eval_secondary_delta_pct": -0.20703933747411282,
    "feat_share_embedded_pct": 100.00000000000001,
    "feat_share_raw_pct": 0,
    "feat_active_embedded_pct": 100.0,
    "feat_active_raw_pct": 0,
    "feat_cr5_pct": 32.9453762151045,
    "feat_cr10_pct": 53.89695694402253,
    "time_tuning_search_secs": 130.97009539604187,
    "time_train_secs": 0.4889085292816162,
    "time_infer_secs": 0.0009613037109375,
    "time_train_secs_per_1K": 0.23653049312124633,
    "time_infer_secs_per_1K": 0.0018593882223162475,
    "time_total_secs": 133.29931211471558
}