{
    "dataset": "maternal_health_risk",
    "algorithm": "catboost",
    "mode": "embed-only",
    "task_type": "multiclass",
    "dataset_samples_count": 1014,
    "dataset_raw_features_count": 6,
    "feat_total_count": 38,
    "pca_n_components": 38,
    "optimal_trees": 1000,
    "tuning_completed": 26,
    "tuning_best_idx": 25,
    "tuning_val_score_0": 0.6258073084643959,
    "tuning_val_score_best": 0.4208844995213184,
    "tuning_overall_gain": 0.20492280894307752,
    "tuning_gain_pct": 32.74535247054185,
    "eval_overfitting_ratio": 0.949910765930996,
    "primary_metric": "Log_Loss",
    "tabpfn_primary_score": 0.32577805318868375,
    "eval_primary_value": 0.3998027173087795,
    "eval_primary_delta": 0.07402466412009573,
    "eval_primary_delta_pct": 22.722422027987935,
    "secondary_metric": "Accuracy",
    "tabpfn_secondary_score": 0.8620689655172413,
    "eval_secondary_value": 0.8472906403940886,
    "eval_secondary_delta": -0.014778325123152691,
    "eval_secondary_delta_pct": -1.7142857142857122,
    "feat_share_embedded_pct": 99.99999999999999,
    "feat_share_raw_pct": 0,
    "feat_active_embedded_pct": 100.0,
    "feat_active_raw_pct": 0,
    "feat_cr5_pct": 44.21353999174531,
    "feat_cr10_pct": 59.74789588953628,
    "time_tuning_search_secs": 532.184677362442,
    "time_train_secs": 3.9104528427124023,
    "time_infer_secs": 0.002091646194458008,
    "time_train_secs_per_1K": 4.821766760434528,
    "time_infer_secs_per_1K": 0.010303675834768511,
    "time_total_secs": 537.7164621353149
}