{
    "dataset": "wine_quality",
    "algorithm": "catboost",
    "mode": "embed-only",
    "task_type": "regression",
    "dataset_samples_count": 6497,
    "dataset_raw_features_count": 12,
    "feat_total_count": 25,
    "pca_n_components": 25,
    "optimal_trees": 1000,
    "tuning_completed": 26,
    "tuning_best_idx": 25,
    "tuning_val_score_0": 0.684714201362407,
    "tuning_val_score_best": 0.5831985612996966,
    "tuning_overall_gain": 0.10151564006271041,
    "tuning_gain_pct": 14.825987230981937,
    "eval_overfitting_ratio": 0.9833499805160762,
    "primary_metric": "RMSE",
    "tabpfn_primary_score": 0.5665150098489219,
    "eval_primary_value": 0.5734882938910604,
    "eval_primary_delta": 0.006973284042138483,
    "eval_primary_delta_pct": 1.230908964618275,
    "secondary_metric": "R2_Score",
    "tabpfn_secondary_score": 0.5709894261223469,
    "eval_secondary_value": 0.5603629659221023,
    "eval_secondary_delta": -0.010626460200244603,
    "eval_secondary_delta_pct": -1.8610607682194893,
    "feat_share_embedded_pct": 99.99999999999997,
    "feat_share_raw_pct": 0,
    "feat_active_embedded_pct": 100.0,
    "feat_active_raw_pct": 0,
    "feat_cr5_pct": 67.81100665391098,
    "feat_cr10_pct": 78.82907811632572,
    "time_tuning_search_secs": 547.3159375190735,
    "time_train_secs": 3.83358097076416,
    "time_infer_secs": 0.0060613155364990234,
    "time_train_secs_per_1K": 0.7376526786153859,
    "time_infer_secs_per_1K": 0.004662550412691556,
    "time_total_secs": 552.7346618175507
}