{
    "dataset": "qsar-biodeg",
    "algorithm": "catboost",
    "mode": "embed-only",
    "task_type": "binary",
    "dataset_samples_count": 1054,
    "dataset_raw_features_count": 41,
    "feat_total_count": 45,
    "pca_n_components": 45,
    "optimal_trees": 719,
    "tuning_completed": 26,
    "tuning_best_idx": 8,
    "tuning_val_score_0": 0.10622923444740218,
    "tuning_val_score_best": 0.08724914965986386,
    "tuning_overall_gain": 0.01898008478753832,
    "tuning_gain_pct": 17.86710116689773,
    "eval_overfitting_ratio": 0.9259082588705091,
    "primary_metric": "1-AUROC",
    "tabpfn_primary_score": 0.04185110663983904,
    "eval_primary_value": 0.08078470824949702,
    "eval_primary_delta": 0.038933601609657975,
    "eval_primary_delta_pct": 93.0288461538462,
    "secondary_metric": "Accuracy",
    "tabpfn_secondary_score": 0.8862559241706162,
    "eval_secondary_value": 0.8530805687203792,
    "eval_secondary_delta": -0.033175355450236976,
    "eval_secondary_delta_pct": -3.7433155080213916,
    "feat_share_embedded_pct": 100.00000000000001,
    "feat_share_raw_pct": 0,
    "feat_active_embedded_pct": 100.0,
    "feat_active_raw_pct": 0,
    "feat_cr5_pct": 36.43706206574803,
    "feat_cr10_pct": 49.533442053712655,
    "time_tuning_search_secs": 413.7311203479767,
    "time_train_secs": 5.488365650177002,
    "time_infer_secs": 0.00511622428894043,
    "time_train_secs_per_1K": 6.510516785500596,
    "time_infer_secs_per_1K": 0.02424750847839066,
    "time_total_secs": 421.59105801582336
}