{
    "dataset": "blood-transfusion-service-center",
    "algorithm": "lightgbm",
    "mode": "raw-only",
    "task_type": "binary",
    "dataset_samples_count": 748,
    "dataset_raw_features_count": 4,
    "feat_total_count": 4,
    "pca_n_components": 22,
    "optimal_trees": 9,
    "tuning_completed": 26,
    "tuning_best_idx": 18,
    "tuning_val_score_0": 0.30275341130604283,
    "tuning_val_score_best": 0.2511466574934067,
    "tuning_overall_gain": 0.05160675381263613,
    "tuning_gain_pct": 17.045804237187827,
    "eval_overfitting_ratio": 0.9280047939732906,
    "primary_metric": "1-AUROC",
    "tabpfn_primary_score": 0.21479044834307992,
    "eval_primary_value": 0.23306530214424948,
    "eval_primary_delta": 0.018274853801169555,
    "eval_primary_delta_pct": 8.508224617129875,
    "secondary_metric": "Accuracy",
    "tabpfn_secondary_score": 0.7933333333333333,
    "eval_secondary_value": 0.76,
    "eval_secondary_delta": -0.033333333333333326,
    "eval_secondary_delta_pct": -4.201680672268907,
    "feat_share_embedded_pct": 0,
    "feat_share_raw_pct": 99.99999999999999,
    "feat_active_embedded_pct": 0,
    "feat_active_raw_pct": 100.0,
    "feat_cr5_pct": 99.99999999999999,
    "feat_cr10_pct": 99.99999999999999,
    "time_tuning_search_secs": 7.4189372062683105,
    "time_train_secs": 0.002881765365600586,
    "time_infer_secs": 0.000370025634765625,
    "time_train_secs_per_1K": 0.004819005628094625,
    "time_infer_secs_per_1K": 0.002466837565104167,
    "time_total_secs": 8.868322610855103
}