{
    "dataset": "polish_companies_bankruptcy",
    "algorithm": "lightgbm",
    "mode": "combined",
    "task_type": "binary",
    "dataset_samples_count": 5910,
    "dataset_raw_features_count": 64,
    "feat_total_count": 116,
    "pca_n_components": 52,
    "optimal_trees": 788,
    "tuning_completed": 26,
    "tuning_best_idx": 19,
    "tuning_val_score_0": 0.015343680709534402,
    "tuning_val_score_best": 0.014817073170731776,
    "tuning_overall_gain": 0.0005266075388026259,
    "tuning_gain_pct": 3.432080924855257,
    "eval_overfitting_ratio": 1.0153385708941198,
    "primary_metric": "1-AUROC",
    "tabpfn_primary_score": 0.017195121951219416,
    "eval_primary_value": 0.015044345898004408,
    "eval_primary_delta": -0.002150776053215009,
    "eval_primary_delta_pct": -12.508059316569625,
    "secondary_metric": "Accuracy",
    "tabpfn_secondary_score": 0.9805414551607445,
    "eval_secondary_value": 0.9805414551607445,
    "eval_secondary_delta": 0.0,
    "eval_secondary_delta_pct": 0.0,
    "feat_share_embedded_pct": 62.94960004538992,
    "feat_share_raw_pct": 37.05039995461009,
    "feat_active_embedded_pct": 100.0,
    "feat_active_raw_pct": 100.0,
    "feat_cr5_pct": 48.5134031395504,
    "feat_cr10_pct": 60.608241813941596,
    "time_tuning_search_secs": 118.09630298614502,
    "time_train_secs": 0.5664510726928711,
    "time_infer_secs": 0.0072476863861083984,
    "time_train_secs_per_1K": 0.11980775649172401,
    "time_infer_secs_per_1K": 0.0061317143706500835,
    "time_total_secs": 120.39388585090637
}