{
    "dataset": "customer_satisfaction_in_airline",
    "algorithm": "lightgbm",
    "mode": "raw-only",
    "task_type": "binary",
    "dataset_samples_count": 129880,
    "dataset_raw_features_count": 21,
    "feat_total_count": 21,
    "pca_n_components": 33,
    "optimal_trees": 529,
    "tuning_completed": 26,
    "tuning_best_idx": 21,
    "tuning_val_score_0": 0.00562400913903105,
    "tuning_val_score_best": 0.005285039407237457,
    "tuning_overall_gain": 0.00033896973179359247,
    "tuning_gain_pct": 6.027190273236166,
    "eval_overfitting_ratio": 1.0213213161570756,
    "primary_metric": "1-AUROC",
    "tabpfn_primary_score": 0.004773229238590471,
    "eval_primary_value": 0.00539772340334177,
    "eval_primary_delta": 0.0006244941647512992,
    "eval_primary_delta_pct": 13.083263625857441,
    "secondary_metric": "Accuracy",
    "tabpfn_secondary_score": 0.9618109023714198,
    "eval_secondary_value": 0.9593855866954112,
    "eval_secondary_delta": -0.002425315676008566,
    "eval_secondary_delta_pct": -0.2521613832852966,
    "feat_share_embedded_pct": 0,
    "feat_share_raw_pct": 100.00000000000001,
    "feat_active_embedded_pct": 0,
    "feat_active_raw_pct": 100.0,
    "feat_cr5_pct": 61.11663142857936,
    "feat_cr10_pct": 76.83118621680492,
    "time_tuning_search_secs": 836.4253516197205,
    "time_train_secs": 5.30137825012207,
    "time_infer_secs": 0.2430586814880371,
    "time_train_secs_per_1K": 0.05102188799393739,
    "time_infer_secs_per_1K": 0.009357048101633705,
    "time_total_secs": 845.0851788520813
}