{
    "dataset": "students_dropout_and_academic_success",
    "algorithm": "xgboost",
    "mode": "embed-only",
    "task_type": "multiclass",
    "dataset_samples_count": 4424,
    "dataset_raw_features_count": 36,
    "feat_total_count": 29,
    "pca_n_components": 29,
    "optimal_trees": 763,
    "tuning_completed": 26,
    "tuning_best_idx": 24,
    "tuning_val_score_0": 0.5803766798732756,
    "tuning_val_score_best": 0.5620387910084899,
    "tuning_overall_gain": 0.018337888864785712,
    "tuning_gain_pct": 3.159652946219301,
    "eval_overfitting_ratio": 0.9822107053138096,
    "primary_metric": "Log_Loss",
    "tabpfn_primary_score": 0.5324069501376939,
    "eval_primary_value": 0.5520405173301697,
    "eval_primary_delta": 0.019633567192475776,
    "eval_primary_delta_pct": 3.6876992660216095,
    "secondary_metric": "Accuracy",
    "tabpfn_secondary_score": 0.784180790960452,
    "eval_secondary_value": 0.7819209039548023,
    "eval_secondary_delta": -0.002259887005649719,
    "eval_secondary_delta_pct": -0.288184438040346,
    "feat_share_embedded_pct": 99.99999999999999,
    "feat_share_raw_pct": 0,
    "feat_active_embedded_pct": 100.0,
    "feat_active_raw_pct": 0,
    "feat_cr5_pct": 59.164466207778425,
    "feat_cr10_pct": 72.33512759088316,
    "time_tuning_search_secs": 529.5184962749481,
    "time_train_secs": 2.6816742420196533,
    "time_infer_secs": 0.009666919708251953,
    "time_train_secs_per_1K": 0.7577491500479382,
    "time_infer_secs_per_1K": 0.010923073116668873,
    "time_total_secs": 534.3848805427551
}