{
    "dataset": "qsar-biodeg",
    "algorithm": "xgboost",
    "mode": "embed-only",
    "task_type": "binary",
    "dataset_samples_count": 1054,
    "dataset_raw_features_count": 41,
    "feat_total_count": 45,
    "pca_n_components": 45,
    "optimal_trees": 1000,
    "tuning_completed": 26,
    "tuning_best_idx": 13,
    "tuning_val_score_0": 0.1093100537316376,
    "tuning_val_score_best": 0.09370064330079853,
    "tuning_overall_gain": 0.015609410430839077,
    "tuning_gain_pct": 14.279940314695178,
    "eval_overfitting_ratio": 0.9233566776098266,
    "primary_metric": "1-AUROC",
    "tabpfn_primary_score": 0.04185110663983904,
    "eval_primary_value": 0.08651911468812878,
    "eval_primary_delta": 0.04466800804828974,
    "eval_primary_delta_pct": 106.73076923076923,
    "secondary_metric": "Accuracy",
    "tabpfn_secondary_score": 0.8862559241706162,
    "eval_secondary_value": 0.8578199052132701,
    "eval_secondary_delta": -0.028436018957346043,
    "eval_secondary_delta_pct": -3.2085561497326283,
    "feat_share_embedded_pct": 99.99999999999999,
    "feat_share_raw_pct": 0,
    "feat_active_embedded_pct": 100.0,
    "feat_active_raw_pct": 0,
    "feat_cr5_pct": 39.004733202763255,
    "feat_cr10_pct": 54.1987358948534,
    "time_tuning_search_secs": 159.3856840133667,
    "time_train_secs": 2.3857688903808594,
    "time_infer_secs": 0.003909111022949219,
    "time_train_secs_per_1K": 2.830093582895444,
    "time_infer_secs_per_1K": 0.018526592525825683,
    "time_total_secs": 163.3125195503235
}