{
    "dataset": "physiochemical_protein",
    "algorithm": "lightgbm",
    "mode": "raw-only",
    "task_type": "regression",
    "dataset_samples_count": 45730,
    "dataset_raw_features_count": 9,
    "feat_total_count": 9,
    "pca_n_components": 87,
    "optimal_trees": 999,
    "tuning_completed": 26,
    "tuning_best_idx": 22,
    "tuning_val_score_0": 3.6198008650665194,
    "tuning_val_score_best": 3.4472317528408407,
    "tuning_overall_gain": 0.17256911222567872,
    "tuning_gain_pct": 4.767364798740316,
    "eval_overfitting_ratio": 0.9802755355595987,
    "primary_metric": "RMSE",
    "tabpfn_primary_score": 2.8268602129706855,
    "eval_primary_value": 3.379236952714109,
    "eval_primary_delta": 0.5523767397434236,
    "eval_primary_delta_pct": 19.540291989285986,
    "secondary_metric": "R2_Score",
    "tabpfn_secondary_score": 0.7868861628452948,
    "eval_secondary_value": 0.6954628540467098,
    "eval_secondary_delta": -0.09142330879858496,
    "eval_secondary_delta_pct": -11.618365287808368,
    "feat_share_embedded_pct": 0,
    "feat_share_raw_pct": 100.0,
    "feat_active_embedded_pct": 0,
    "feat_active_raw_pct": 100.0,
    "feat_cr5_pct": 69.71836093593443,
    "feat_cr10_pct": 100.0,
    "time_tuning_search_secs": 494.54322957992554,
    "time_train_secs": 5.009489297866821,
    "time_infer_secs": 0.09543848037719727,
    "time_train_secs_per_1K": 0.13693115290473487,
    "time_infer_secs_per_1K": 0.010434996761119315,
    "time_total_secs": 501.6411864757538
}