{
    "dataset": "houses",
    "algorithm": "xgboost",
    "mode": "embed-only",
    "task_type": "regression",
    "dataset_samples_count": 20640,
    "dataset_raw_features_count": 8,
    "feat_total_count": 77,
    "pca_n_components": 77,
    "optimal_trees": 645,
    "tuning_completed": 26,
    "tuning_best_idx": 24,
    "tuning_val_score_0": 0.19828747492973298,
    "tuning_val_score_best": 0.1923970068275349,
    "tuning_overall_gain": 0.005890468102198065,
    "tuning_gain_pct": 2.970670792134232,
    "eval_overfitting_ratio": 0.9243550989600247,
    "primary_metric": "RMSE",
    "tabpfn_primary_score": 0.17616870304182927,
    "eval_primary_value": 0.17784315428567857,
    "eval_primary_delta": 0.0016744512438492953,
    "eval_primary_delta_pct": 0.9504816774700985,
    "secondary_metric": "R2_Score",
    "tabpfn_secondary_score": 0.9042406897497843,
    "eval_secondary_value": 0.902411689309243,
    "eval_secondary_delta": -0.0018290004405413507,
    "eval_secondary_delta_pct": -0.20226920346257146,
    "feat_share_embedded_pct": 99.99999999999997,
    "feat_share_raw_pct": 0,
    "feat_active_embedded_pct": 100.0,
    "feat_active_raw_pct": 0,
    "feat_cr5_pct": 97.45044752697376,
    "feat_cr10_pct": 99.06790617733989,
    "time_tuning_search_secs": 533.2136437892914,
    "time_train_secs": 1.3048856258392334,
    "time_infer_secs": 0.0031180381774902344,
    "time_train_secs_per_1K": 0.07902650350286054,
    "time_infer_secs_per_1K": 0.0007553387057873629,
    "time_total_secs": 536.2586522102356
}