{
    "dataset": "amazon_employee_access",
    "algorithm": "catboost",
    "mode": "raw-only",
    "task_type": "binary",
    "dataset_samples_count": 32769,
    "dataset_raw_features_count": 9,
    "feat_total_count": 9,
    "pca_n_components": 52,
    "optimal_trees": 1000,
    "tuning_completed": 26,
    "tuning_best_idx": 23,
    "tuning_val_score_0": 0.15980700594492603,
    "tuning_val_score_best": 0.10695892428260678,
    "tuning_overall_gain": 0.052848081662319246,
    "tuning_gain_pct": 33.06994042584853,
    "eval_overfitting_ratio": 0.9723466684381361,
    "primary_metric": "1-AUROC",
    "tabpfn_primary_score": 0.14683623001078916,
    "eval_primary_value": 0.10400115368591956,
    "eval_primary_delta": -0.0428350763248696,
    "eval_primary_delta_pct": -29.172007699817808,
    "secondary_metric": "Accuracy",
    "tabpfn_secondary_score": 0.9490387549588037,
    "eval_secondary_value": 0.9574305767470247,
    "eval_secondary_delta": 0.008391821788220954,
    "eval_secondary_delta_pct": 0.884244372990356,
    "feat_share_embedded_pct": 0,
    "feat_share_raw_pct": 100.0,
    "feat_active_embedded_pct": 0,
    "feat_active_raw_pct": 100.0,
    "feat_cr5_pct": 71.11546371120063,
    "feat_cr10_pct": 100.0,
    "time_tuning_search_secs": 1493.6953656673431,
    "time_train_secs": 13.399507999420166,
    "time_infer_secs": 0.017464876174926758,
    "time_train_secs_per_1K": 0.5111389662185835,
    "time_infer_secs_per_1K": 0.0026647659711514734,
    "time_total_secs": 1508.923400402069
}