{
    "dataset": "coil2000_insurance_policies",
    "algorithm": "xgboost",
    "mode": "embed-only",
    "task_type": "binary",
    "dataset_samples_count": 9822,
    "dataset_raw_features_count": 85,
    "feat_total_count": 57,
    "pca_n_components": 57,
    "optimal_trees": 680,
    "tuning_completed": 26,
    "tuning_best_idx": 11,
    "tuning_val_score_0": 0.28600095646897206,
    "tuning_val_score_best": 0.24813887624854458,
    "tuning_overall_gain": 0.037862080220427474,
    "tuning_gain_pct": 13.238445314267713,
    "eval_overfitting_ratio": 1.0043317394736968,
    "primary_metric": "1-AUROC",
    "tabpfn_primary_score": 0.22762885262885268,
    "eval_primary_value": 0.24921374921374917,
    "eval_primary_delta": 0.021584896584896485,
    "eval_primary_delta_pct": 9.482495885567948,
    "secondary_metric": "Accuracy",
    "tabpfn_secondary_score": 0.9404580152671755,
    "eval_secondary_value": 0.9399491094147583,
    "eval_secondary_delta": -0.0005089058524172518,
    "eval_secondary_delta_pct": -0.05411255411254869,
    "feat_share_embedded_pct": 99.99999999999997,
    "feat_share_raw_pct": 0,
    "feat_active_embedded_pct": 100.0,
    "feat_active_raw_pct": 0,
    "feat_cr5_pct": 35.03512537787907,
    "feat_cr10_pct": 49.79657394997111,
    "time_tuning_search_secs": 254.5035924911499,
    "time_train_secs": 0.8368237018585205,
    "time_infer_secs": 0.003756284713745117,
    "time_train_secs_per_1K": 0.10650677126874386,
    "time_infer_secs_per_1K": 0.001911595274170543,
    "time_total_secs": 257.0422852039337
}