{
    "dataset": "amazon_employee_access",
    "algorithm": "catboost",
    "mode": "embed-only",
    "task_type": "binary",
    "dataset_samples_count": 32769,
    "dataset_raw_features_count": 9,
    "feat_total_count": 52,
    "pca_n_components": 52,
    "optimal_trees": 665,
    "tuning_completed": 26,
    "tuning_best_idx": 18,
    "tuning_val_score_0": 0.16650216341215296,
    "tuning_val_score_best": 0.1453086798052643,
    "tuning_overall_gain": 0.021193483606888663,
    "tuning_gain_pct": 12.72865359378373,
    "eval_overfitting_ratio": 1.0769650355559117,
    "primary_metric": "1-AUROC",
    "tabpfn_primary_score": 0.14683623001078916,
    "eval_primary_value": 0.15649236751305906,
    "eval_primary_delta": 0.009656137502269901,
    "eval_primary_delta_pct": 6.576127364180075,
    "secondary_metric": "Accuracy",
    "tabpfn_secondary_score": 0.9490387549588037,
    "eval_secondary_value": 0.9504119621605127,
    "eval_secondary_delta": 0.0013732072017089703,
    "eval_secondary_delta_pct": 0.1446945337620674,
    "feat_share_embedded_pct": 100.00000000000001,
    "feat_share_raw_pct": 0,
    "feat_active_embedded_pct": 100.0,
    "feat_active_raw_pct": 0,
    "feat_cr5_pct": 31.793532433526682,
    "feat_cr10_pct": 42.10919439002537,
    "time_tuning_search_secs": 1178.3741099834442,
    "time_train_secs": 14.001628637313843,
    "time_infer_secs": 0.012828350067138672,
    "time_train_secs_per_1K": 0.534107520019601,
    "time_infer_secs_per_1K": 0.001957331410915269,
    "time_total_secs": 1194.0983545780182
}