{
    "dataset": "wine_quality",
    "archive_file": "wine_quality",
    "algorithm": "lightgbm",
    "mode": "combined",
    "task_type": "regression",
    "pca_n_components": 25,
    "optimal_trees": 523,
    "best_validation_score": 0.5884545189670204,
    "primary_metric": "RMSE",
    "primary_value": 0.5693893397459567,
    "tabpfn_primary_score": 0.5665150098489219,
    "primary_delta": 0.002874329897034844,
    "secondary_metric": "R2_Score",
    "secondary_value": 0.566625036352369,
    "tabpfn_secondary_score": 0.5709894261223469,
    "secondary_delta": -0.004364389769977883,
    "macro_embedding_share": 90.03991732258078,
    "macro_raw_share": 9.960082677419225,
    "active_embedded": 100.0,
    "active_raw": 91.66666666666666,
    "cr5": 81.43884611817832,
    "cr10": 93.39353906917995,
    "optuna_search_duration_secs": 21.69519591331482,
    "train_duration_secs": 0.6485908031463623,
    "total_duration_secs": 25.320074319839478,
    "timestamp": "20260622_162143"
}