{
    "dataset": "mic",
    "archive_file": "mic",
    "algorithm": "lightgbm",
    "mode": "combined",
    "task_type": "multiclass",
    "pca_n_components": 30,
    "optimal_trees": 581,
    "best_validation_score": 0.45370851517984656,
    "primary_metric": "Log_Loss",
    "primary_value": 0.44331854497591944,
    "tabpfn_primary_score": 0.45523432170328487,
    "primary_delta": -0.011915776727365435,
    "secondary_metric": "Accuracy",
    "secondary_value": 0.888235294117647,
    "tabpfn_secondary_score": 0.888235294117647,
    "secondary_delta": 0.0,
    "macro_embedding_share": 62.316668432462066,
    "macro_raw_share": 37.68333156753794,
    "active_embedded": 100.0,
    "active_raw": 42.34234234234234,
    "cr5": 61.10493325231838,
    "cr10": 69.80121306465662,
    "optuna_search_duration_secs": 89.84020757675171,
    "train_duration_secs": 1.056044578552246,
    "total_duration_secs": 93.72152519226074,
    "timestamp": "20260622_162008"
}