{
    "dataset": "churn",
    "archive_file": "churn",
    "algorithm": "lightgbm",
    "mode": "combined",
    "task_type": "binary",
    "pca_n_components": 20,
    "optimal_trees": 114,
    "best_validation_score": 0.05771567770585129,
    "primary_metric": "1-AUROC",
    "primary_value": 0.08557699452604461,
    "tabpfn_primary_score": 0.08595678630107573,
    "primary_delta": -0.00037979177503111305,
    "secondary_metric": "Accuracy",
    "secondary_value": 0.972,
    "tabpfn_secondary_score": 0.973,
    "secondary_delta": -0.0010000000000000009,
    "macro_embedding_share": 92.31108385543627,
    "macro_raw_share": 7.688916144563724,
    "active_embedded": 100.0,
    "active_raw": 89.47368421052632,
    "cr5": 77.91418899993617,
    "cr10": 84.80363787566651,
    "optuna_search_duration_secs": 38.70525336265564,
    "train_duration_secs": 0.2929244041442871,
    "total_duration_secs": 42.013266801834106,
    "timestamp": "20260622_161924"
}