{
    "dataset": "churn",
    "algorithm": "lightgbm",
    "mode": "embed-only",
    "task_type": "binary",
    "dataset_samples_count": 5000,
    "dataset_raw_features_count": 19,
    "feat_total_count": 20,
    "pca_n_components": 20,
    "optimal_trees": 946,
    "tuning_completed": 3,
    "tuning_best_idx": 1,
    "tuning_val_score_0": 0.05257053365348485,
    "tuning_val_score_best": 0.049546694979875516,
    "tuning_overall_gain": 0.003023838673609336,
    "tuning_gain_pct": 5.751964957291029,
    "eval_overfitting_ratio": 1.6210506898346957,
    "primary_metric": "1-AUROC",
    "tabpfn_primary_score": 0.08595678630107573,
    "eval_primary_value": 0.08031770407615646,
    "eval_primary_delta": -0.005639082224919267,
    "eval_primary_delta_pct": -6.5603688406492875,
    "secondary_metric": "Accuracy",
    "tabpfn_secondary_score": 0.973,
    "eval_secondary_value": 0.974,
    "eval_secondary_delta": 0.0010000000000000009,
    "eval_secondary_delta_pct": 0.1027749229188079,
    "feat_share_embedded_pct": 100.0,
    "feat_share_raw_pct": 0,
    "feat_active_embedded_pct": 100.0,
    "feat_active_raw_pct": 0,
    "feat_cr5_pct": 80.52378083044286,
    "feat_cr10_pct": 88.60971293066858,
    "time_tuning_search_secs": 24.029268264770508,
    "time_train_secs": 1.6086721420288086,
    "time_infer_secs": 0.014544248580932617,
    "time_train_secs_per_1K": 0.40216803550720215,
    "time_infer_secs_per_1K": 0.014544248580932617,
    "time_total_secs": 32.07770848274231
}