{
    "dataset": "maternal_health_risk",
    "algorithm": "xgboost",
    "mode": "combined",
    "task_type": "multiclass",
    "dataset_samples_count": 1014,
    "dataset_raw_features_count": 6,
    "feat_total_count": 44,
    "pca_n_components": 38,
    "optimal_trees": 439,
    "tuning_completed": 26,
    "tuning_best_idx": 25,
    "tuning_val_score_0": 0.41160184228868046,
    "tuning_val_score_best": 0.3868142636142766,
    "tuning_overall_gain": 0.024787578674403843,
    "tuning_gain_pct": 6.02222248000019,
    "eval_overfitting_ratio": 1.1156732865937664,
    "primary_metric": "Log_Loss",
    "tabpfn_primary_score": 0.32577805318868375,
    "eval_primary_value": 0.4315583407878876,
    "eval_primary_delta": 0.10578028759920383,
    "eval_primary_delta_pct": 32.47004718821195,
    "secondary_metric": "Accuracy",
    "tabpfn_secondary_score": 0.8620689655172413,
    "eval_secondary_value": 0.8374384236453202,
    "eval_secondary_delta": -0.024630541871921152,
    "eval_secondary_delta_pct": -2.857142857142854,
    "feat_share_embedded_pct": 66.70968399733061,
    "feat_share_raw_pct": 33.29031600266939,
    "feat_active_embedded_pct": 100.0,
    "feat_active_raw_pct": 100.0,
    "feat_cr5_pct": 52.05252504027975,
    "feat_cr10_pct": 63.92004596295176,
    "time_tuning_search_secs": 675.5641918182373,
    "time_train_secs": 2.0928595066070557,
    "time_infer_secs": 0.004160881042480469,
    "time_train_secs_per_1K": 2.5805912535228797,
    "time_infer_secs_per_1K": 0.02049695094817965,
    "time_total_secs": 679.2275035381317
}