{
    "dataset": "e-commereshippingdata",
    "algorithm": "xgboost",
    "mode": "combined",
    "task_type": "binary",
    "dataset_samples_count": 10999,
    "dataset_raw_features_count": 10,
    "feat_total_count": 21,
    "pca_n_components": 11,
    "optimal_trees": 141,
    "tuning_completed": 26,
    "tuning_best_idx": 6,
    "tuning_val_score_0": 0.25617099633813223,
    "tuning_val_score_best": 0.25219321908005954,
    "tuning_overall_gain": 0.00397777725807269,
    "tuning_gain_pct": 1.5527820537584331,
    "eval_overfitting_ratio": 1.0147421912150916,
    "primary_metric": "1-AUROC",
    "tabpfn_primary_score": 0.2576305284678151,
    "eval_primary_value": 0.25591109973888726,
    "eval_primary_delta": -0.0017194287289278298,
    "eval_primary_delta_pct": -0.6674010021846585,
    "secondary_metric": "Accuracy",
    "tabpfn_secondary_score": 0.6822727272727273,
    "eval_secondary_value": 0.6763636363636364,
    "eval_secondary_delta": -0.005909090909090864,
    "eval_secondary_delta_pct": -0.8660892738174485,
    "feat_share_embedded_pct": 66.30566194452163,
    "feat_share_raw_pct": 33.69433805547836,
    "feat_active_embedded_pct": 100.0,
    "feat_active_raw_pct": 100.0,
    "feat_cr5_pct": 90.24888344756945,
    "feat_cr10_pct": 95.61746992283368,
    "time_tuning_search_secs": 54.75770378112793,
    "time_train_secs": 0.14438939094543457,
    "time_infer_secs": 0.0015773773193359375,
    "time_train_secs_per_1K": 0.016409750079035636,
    "time_infer_secs_per_1K": 0.0007169896906072443,
    "time_total_secs": 56.4854462146759
}