{
    "dataset": "is-this-a-good-customer",
    "algorithm": "catboost",
    "mode": "combined",
    "task_type": "binary",
    "dataset_samples_count": 1723,
    "dataset_raw_features_count": 13,
    "feat_total_count": 44,
    "pca_n_components": 31,
    "optimal_trees": 261,
    "tuning_completed": 26,
    "tuning_best_idx": 19,
    "tuning_val_score_0": 0.2755476232505929,
    "tuning_val_score_best": 0.2588536857494613,
    "tuning_overall_gain": 0.016693937501131573,
    "tuning_gain_pct": 6.058458172926974,
    "eval_overfitting_ratio": 0.9180489534053646,
    "primary_metric": "1-AUROC",
    "tabpfn_primary_score": 0.22481984246690123,
    "eval_primary_value": 0.23764035528741412,
    "eval_primary_delta": 0.012820512820512886,
    "eval_primary_delta_pct": 5.702571748043265,
    "secondary_metric": "Accuracy",
    "tabpfn_secondary_score": 0.8869565217391304,
    "eval_secondary_value": 0.8869565217391304,
    "eval_secondary_delta": 0.0,
    "eval_secondary_delta_pct": 0.0,
    "feat_share_embedded_pct": 76.026890388173,
    "feat_share_raw_pct": 23.97310961182702,
    "feat_active_embedded_pct": 100.0,
    "feat_active_raw_pct": 100.0,
    "feat_cr5_pct": 24.936182398702883,
    "feat_cr10_pct": 38.905065443583965,
    "time_tuning_search_secs": 165.13348388671875,
    "time_train_secs": 0.3251035213470459,
    "time_infer_secs": 0.001920938491821289,
    "time_train_secs_per_1K": 0.23592418094850937,
    "time_infer_secs_per_1K": 0.005567937657453012,
    "time_total_secs": 167.15407299995422
}