{
    "dataset": "polish_companies_bankruptcy",
    "algorithm": "catboost",
    "mode": "embed-only",
    "task_type": "binary",
    "dataset_samples_count": 5910,
    "dataset_raw_features_count": 64,
    "feat_total_count": 52,
    "pca_n_components": 52,
    "optimal_trees": 383,
    "tuning_completed": 26,
    "tuning_best_idx": 11,
    "tuning_val_score_0": 0.025271618625277048,
    "tuning_val_score_best": 0.018309312638580932,
    "tuning_overall_gain": 0.006962305986696116,
    "tuning_gain_pct": 27.54990129414312,
    "eval_overfitting_ratio": 1.0420829548894925,
    "primary_metric": "1-AUROC",
    "tabpfn_primary_score": 0.017195121951219416,
    "eval_primary_value": 0.01907982261640795,
    "eval_primary_delta": 0.0018847006651885323,
    "eval_primary_delta_pct": 10.960670535139043,
    "secondary_metric": "Accuracy",
    "tabpfn_secondary_score": 0.9805414551607445,
    "eval_secondary_value": 0.9780033840947546,
    "eval_secondary_delta": -0.002538071065989911,
    "eval_secondary_delta_pct": -0.2588438308887036,
    "feat_share_embedded_pct": 100.00000000000003,
    "feat_share_raw_pct": 0,
    "feat_active_embedded_pct": 100.0,
    "feat_active_raw_pct": 0,
    "feat_cr5_pct": 61.43369298767475,
    "feat_cr10_pct": 68.12799448851001,
    "time_tuning_search_secs": 660.7848145961761,
    "time_train_secs": 5.398326396942139,
    "time_infer_secs": 0.0049321651458740234,
    "time_train_secs_per_1K": 1.141778002737339,
    "time_infer_secs_per_1K": 0.004172728549808819,
    "time_total_secs": 668.1052582263947
}