{
    "dataset": "fitness_club",
    "algorithm": "lightgbm",
    "mode": "raw-only",
    "task_type": "binary",
    "dataset_samples_count": 1500,
    "dataset_raw_features_count": 6,
    "feat_total_count": 6,
    "pca_n_components": 15,
    "optimal_trees": 76,
    "tuning_completed": 26,
    "tuning_best_idx": 25,
    "tuning_val_score_0": 0.20644989194581587,
    "tuning_val_score_best": 0.17577467495266397,
    "tuning_overall_gain": 0.0306752169931519,
    "tuning_gain_pct": 14.858432089275597,
    "eval_overfitting_ratio": 1.103330962542184,
    "primary_metric": "1-AUROC",
    "tabpfn_primary_score": 0.1838161838161838,
    "eval_primary_value": 0.19393764130606228,
    "eval_primary_delta": 0.010121457489878471,
    "eval_primary_delta_pct": 5.506292906178452,
    "secondary_metric": "Accuracy",
    "tabpfn_secondary_score": 0.7633333333333333,
    "eval_secondary_value": 0.7533333333333333,
    "eval_secondary_delta": -0.010000000000000009,
    "eval_secondary_delta_pct": -1.3100436681222718,
    "feat_share_embedded_pct": 0,
    "feat_share_raw_pct": 100.00000000000001,
    "feat_active_embedded_pct": 0,
    "feat_active_raw_pct": 66.66666666666666,
    "feat_cr5_pct": 100.00000000000001,
    "feat_cr10_pct": 100.00000000000001,
    "time_tuning_search_secs": 12.738940477371216,
    "time_train_secs": 0.009500503540039062,
    "time_infer_secs": 0.0016353130340576172,
    "time_train_secs_per_1K": 0.007917086283365887,
    "time_infer_secs_per_1K": 0.0054510434468587245,
    "time_total_secs": 14.2652747631073
}