{
    "dataset": "sdss17",
    "algorithm": "lightgbm",
    "mode": "embed-only",
    "task_type": "multiclass",
    "dataset_samples_count": 78053,
    "dataset_raw_features_count": 11,
    "feat_total_count": 21,
    "pca_n_components": 21,
    "optimal_trees": 576,
    "tuning_completed": 26,
    "tuning_best_idx": 21,
    "tuning_val_score_0": 0.06929083997444445,
    "tuning_val_score_best": 0.06659391697450802,
    "tuning_overall_gain": 0.0026969229999364297,
    "tuning_gain_pct": 3.892178245971758,
    "eval_overfitting_ratio": 0.9694904326640285,
    "primary_metric": "Log_Loss",
    "tabpfn_primary_score": 0.06354347925948427,
    "eval_primary_value": 0.06456216538040817,
    "eval_primary_delta": 0.0010186861209239007,
    "eval_primary_delta_pct": 1.6031324264823843,
    "secondary_metric": "Accuracy",
    "tabpfn_secondary_score": 0.9795016334635833,
    "eval_secondary_value": 0.9793735186727308,
    "eval_secondary_delta": -0.0001281147908525071,
    "eval_secondary_delta_pct": -0.013079589300886067,
    "feat_share_embedded_pct": 99.99999999999999,
    "feat_share_raw_pct": 0,
    "feat_active_embedded_pct": 100.0,
    "feat_active_raw_pct": 0,
    "feat_cr5_pct": 68.89019584905877,
    "feat_cr10_pct": 85.68231431368444,
    "time_tuning_search_secs": 753.6234457492828,
    "time_train_secs": 4.170838117599487,
    "time_infer_secs": 0.29734301567077637,
    "time_train_secs_per_1K": 0.06679539600908824,
    "time_infer_secs_per_1K": 0.019047019132072022,
    "time_total_secs": 760.3314394950867
}