{
    "dataset": "houses",
    "algorithm": "xgboost",
    "mode": "combined",
    "task_type": "regression",
    "dataset_samples_count": 20640,
    "dataset_raw_features_count": 8,
    "feat_total_count": 85,
    "pca_n_components": 77,
    "optimal_trees": 828,
    "tuning_completed": 26,
    "tuning_best_idx": 15,
    "tuning_val_score_0": 0.19882932523282204,
    "tuning_val_score_best": 0.19258288003630128,
    "tuning_overall_gain": 0.006246445196520761,
    "tuning_gain_pct": 3.1416116255519135,
    "eval_overfitting_ratio": 0.9244453267407444,
    "primary_metric": "RMSE",
    "tabpfn_primary_score": 0.17616870304182927,
    "eval_primary_value": 0.17803234345983213,
    "eval_primary_delta": 0.0018636404180028543,
    "eval_primary_delta_pct": 1.0578725879365496,
    "secondary_metric": "R2_Score",
    "tabpfn_secondary_score": 0.9042406897497843,
    "eval_secondary_value": 0.9022039503918133,
    "eval_secondary_delta": -0.002036739357970996,
    "eval_secondary_delta_pct": -0.2252430554230632,
    "feat_share_embedded_pct": 85.1425467523632,
    "feat_share_raw_pct": 14.857453247636762,
    "feat_active_embedded_pct": 100.0,
    "feat_active_raw_pct": 100.0,
    "feat_cr5_pct": 95.78141313580711,
    "feat_cr10_pct": 98.51394042521616,
    "time_tuning_search_secs": 612.4010095596313,
    "time_train_secs": 1.8862226009368896,
    "time_infer_secs": 0.00593113899230957,
    "time_train_secs_per_1K": 0.11423344240170116,
    "time_infer_secs_per_1K": 0.001436806926431582,
    "time_total_secs": 616.1668167114258
}