{
    "dataset": "e-commereshippingdata",
    "algorithm": "lightgbm",
    "mode": "combined",
    "task_type": "binary",
    "dataset_samples_count": 10999,
    "dataset_raw_features_count": 10,
    "feat_total_count": 21,
    "pca_n_components": 11,
    "optimal_trees": 806,
    "tuning_completed": 26,
    "tuning_best_idx": 23,
    "tuning_val_score_0": 0.2498928698066163,
    "tuning_val_score_best": 0.2456556313346121,
    "tuning_overall_gain": 0.00423723847200419,
    "tuning_gain_pct": 1.6956219980519038,
    "eval_overfitting_ratio": 1.0043405955760558,
    "primary_metric": "1-AUROC",
    "tabpfn_primary_score": 0.2576305284678151,
    "eval_primary_value": 0.24672192308121632,
    "eval_primary_delta": -0.010908605386598769,
    "eval_primary_delta_pct": -4.234205259553137,
    "secondary_metric": "Accuracy",
    "tabpfn_secondary_score": 0.6822727272727273,
    "eval_secondary_value": 0.6831818181818182,
    "eval_secondary_delta": 0.0009090909090909705,
    "eval_secondary_delta_pct": 0.13324450366423285,
    "feat_share_embedded_pct": 55.605889117401006,
    "feat_share_raw_pct": 44.394110882599016,
    "feat_active_embedded_pct": 100.0,
    "feat_active_raw_pct": 100.0,
    "feat_cr5_pct": 94.24330156260592,
    "feat_cr10_pct": 98.47142998831522,
    "time_tuning_search_secs": 54.554243087768555,
    "time_train_secs": 0.20740365982055664,
    "time_infer_secs": 0.009286880493164062,
    "time_train_secs_per_1K": 0.023571276261002007,
    "time_infer_secs_per_1K": 0.0042213093150745735,
    "time_total_secs": 57.05949568748474
}