{
    "dataset": "houses",
    "algorithm": "xgboost",
    "mode": "raw-only",
    "task_type": "regression",
    "dataset_samples_count": 20640,
    "dataset_raw_features_count": 8,
    "feat_total_count": 8,
    "pca_n_components": 77,
    "optimal_trees": 772,
    "tuning_completed": 26,
    "tuning_best_idx": 24,
    "tuning_val_score_0": 0.2317555575988063,
    "tuning_val_score_best": 0.22078437242327484,
    "tuning_overall_gain": 0.010971185175531473,
    "tuning_gain_pct": 4.733946960842151,
    "eval_overfitting_ratio": 0.9341920193641401,
    "primary_metric": "RMSE",
    "tabpfn_primary_score": 0.17616870304182927,
    "eval_primary_value": 0.20625499871814348,
    "eval_primary_delta": 0.030086295676314212,
    "eval_primary_delta_pct": 17.078116122118786,
    "secondary_metric": "R2_Score",
    "tabpfn_secondary_score": 0.9042406897497843,
    "eval_secondary_value": 0.8687399816691376,
    "eval_secondary_delta": -0.03550070808064676,
    "eval_secondary_delta_pct": -3.926024175097704,
    "feat_share_embedded_pct": 0,
    "feat_share_raw_pct": 100.00000000000001,
    "feat_active_embedded_pct": 0,
    "feat_active_raw_pct": 100.0,
    "feat_cr5_pct": 95.27616828787431,
    "feat_cr10_pct": 100.00000000000001,
    "time_tuning_search_secs": 536.4253211021423,
    "time_train_secs": 1.1654551029205322,
    "time_infer_secs": 0.01577901840209961,
    "time_train_secs_per_1K": 0.07058231001214463,
    "time_infer_secs_per_1K": 0.0038224366284156028,
    "time_total_secs": 539.4125764369965
}