{
    "dataset": "is-this-a-good-customer",
    "algorithm": "xgboost",
    "mode": "combined",
    "task_type": "binary",
    "dataset_samples_count": 1723,
    "dataset_raw_features_count": 13,
    "feat_total_count": 44,
    "pca_n_components": 31,
    "optimal_trees": 336,
    "tuning_completed": 26,
    "tuning_best_idx": 9,
    "tuning_val_score_0": 0.27101850060199517,
    "tuning_val_score_best": 0.25015641124871,
    "tuning_overall_gain": 0.02086208935328515,
    "tuning_gain_pct": 7.697662449960278,
    "eval_overfitting_ratio": 1.1120912208338158,
    "primary_metric": "1-AUROC",
    "tabpfn_primary_score": 0.22481984246690123,
    "eval_primary_value": 0.278196748784984,
    "eval_primary_delta": 0.053376906318082784,
    "eval_primary_delta_pct": 23.742079761461056,
    "secondary_metric": "Accuracy",
    "tabpfn_secondary_score": 0.8869565217391304,
    "eval_secondary_value": 0.8840579710144928,
    "eval_secondary_delta": -0.0028985507246376274,
    "eval_secondary_delta_pct": -0.326797385620909,
    "feat_share_embedded_pct": 84.23315703403748,
    "feat_share_raw_pct": 15.76684296596253,
    "feat_active_embedded_pct": 100.0,
    "feat_active_raw_pct": 100.0,
    "feat_cr5_pct": 21.580934686691197,
    "feat_cr10_pct": 37.30751432312923,
    "time_tuning_search_secs": 116.65073204040527,
    "time_train_secs": 0.40472912788391113,
    "time_infer_secs": 0.0015151500701904297,
    "time_train_secs_per_1K": 0.2937076399738107,
    "time_infer_secs_per_1K": 0.0043917393338853035,
    "time_total_secs": 118.59724831581116
}