{
    "dataset": "maternal_health_risk",
    "algorithm": "xgboost",
    "mode": "raw-only",
    "task_type": "multiclass",
    "dataset_samples_count": 1014,
    "dataset_raw_features_count": 6,
    "feat_total_count": 6,
    "pca_n_components": 38,
    "optimal_trees": 1000,
    "tuning_completed": 26,
    "tuning_best_idx": 24,
    "tuning_val_score_0": 0.47234988594894994,
    "tuning_val_score_best": 0.4658677108872214,
    "tuning_overall_gain": 0.006482175061728546,
    "tuning_gain_pct": 1.3723248918978501,
    "eval_overfitting_ratio": 0.8479423865497874,
    "primary_metric": "Log_Loss",
    "tabpfn_primary_score": 0.32577805318868375,
    "eval_primary_value": 0.3950289785861969,
    "eval_primary_delta": 0.06925092539751315,
    "eval_primary_delta_pct": 21.257087369665285,
    "secondary_metric": "Accuracy",
    "tabpfn_secondary_score": 0.8620689655172413,
    "eval_secondary_value": 0.8423645320197044,
    "eval_secondary_delta": -0.019704433497536922,
    "eval_secondary_delta_pct": -2.285714285714283,
    "feat_share_embedded_pct": 0,
    "feat_share_raw_pct": 100.0,
    "feat_active_embedded_pct": 0,
    "feat_active_raw_pct": 100.0,
    "feat_cr5_pct": 93.19462812764857,
    "feat_cr10_pct": 100.0,
    "time_tuning_search_secs": 233.8693585395813,
    "time_train_secs": 1.6659374237060547,
    "time_infer_secs": 0.006646871566772461,
    "time_train_secs_per_1K": 2.0541768479729403,
    "time_infer_secs_per_1K": 0.03274320968853429,
    "time_total_secs": 237.25158643722534
}