{
    "dataset": "marketing_campaign",
    "algorithm": "lightgbm",
    "mode": "combined",
    "task_type": "binary",
    "dataset_samples_count": 2240,
    "dataset_raw_features_count": 25,
    "feat_total_count": 67,
    "pca_n_components": 42,
    "optimal_trees": 168,
    "tuning_completed": 26,
    "tuning_best_idx": 22,
    "tuning_val_score_0": 0.09720984319226822,
    "tuning_val_score_best": 0.08558804004579867,
    "tuning_overall_gain": 0.011621803146469545,
    "tuning_gain_pct": 11.95537690919134,
    "eval_overfitting_ratio": 1.0776701041895251,
    "primary_metric": "1-AUROC",
    "tabpfn_primary_score": 0.09989422963920547,
    "eval_primary_value": 0.09223567203353311,
    "eval_primary_delta": -0.007658557605672356,
    "eval_primary_delta_pct": -7.666666666666604,
    "secondary_metric": "Accuracy",
    "tabpfn_secondary_score": 0.8950892857142857,
    "eval_secondary_value": 0.890625,
    "eval_secondary_delta": -0.004464285714285698,
    "eval_secondary_delta_pct": -0.4987531172069808,
    "feat_share_embedded_pct": 59.32518294756701,
    "feat_share_raw_pct": 40.67481705243298,
    "feat_active_embedded_pct": 100.0,
    "feat_active_raw_pct": 96.0,
    "feat_cr5_pct": 36.3255605393978,
    "feat_cr10_pct": 52.383524754500144,
    "time_tuning_search_secs": 69.53822159767151,
    "time_train_secs": 0.163529634475708,
    "time_infer_secs": 0.0053539276123046875,
    "time_train_secs_per_1K": 0.09125537638153348,
    "time_infer_secs_per_1K": 0.01195073127746582,
    "time_total_secs": 71.52459144592285
}