{
    "dataset": "maternal_health_risk",
    "algorithm": "catboost",
    "mode": "combined",
    "task_type": "multiclass",
    "dataset_samples_count": 1014,
    "dataset_raw_features_count": 6,
    "feat_total_count": 44,
    "pca_n_components": 38,
    "optimal_trees": 654,
    "tuning_completed": 26,
    "tuning_best_idx": 18,
    "tuning_val_score_0": 0.5788225981262345,
    "tuning_val_score_best": 0.39757306076550336,
    "tuning_overall_gain": 0.18124953736073113,
    "tuning_gain_pct": 31.313486713800128,
    "eval_overfitting_ratio": 1.0045523248033263,
    "primary_metric": "Log_Loss",
    "tabpfn_primary_score": 0.32577805318868375,
    "eval_primary_value": 0.3993829424711606,
    "eval_primary_delta": 0.07360488928247683,
    "eval_primary_delta_pct": 22.59356901486744,
    "secondary_metric": "Accuracy",
    "tabpfn_secondary_score": 0.8620689655172413,
    "eval_secondary_value": 0.8522167487684729,
    "eval_secondary_delta": -0.009852216748768461,
    "eval_secondary_delta_pct": -1.1428571428571415,
    "feat_share_embedded_pct": 68.956300926205,
    "feat_share_raw_pct": 31.04369907379499,
    "feat_active_embedded_pct": 100.0,
    "feat_active_raw_pct": 100.0,
    "feat_cr5_pct": 43.24326669982666,
    "feat_cr10_pct": 54.56244237821643,
    "time_tuning_search_secs": 550.548933506012,
    "time_train_secs": 2.5239555835723877,
    "time_infer_secs": 0.0031402111053466797,
    "time_train_secs_per_1K": 3.1121523841829686,
    "time_infer_secs_per_1K": 0.015469020223382658,
    "time_total_secs": 554.9265778064728
}