{
    "dataset": "polish_companies_bankruptcy",
    "algorithm": "catboost",
    "mode": "raw-only",
    "task_type": "binary",
    "dataset_samples_count": 5910,
    "dataset_raw_features_count": 64,
    "feat_total_count": 64,
    "pca_n_components": 52,
    "optimal_trees": 1000,
    "tuning_completed": 26,
    "tuning_best_idx": 14,
    "tuning_val_score_0": 0.048442350332594364,
    "tuning_val_score_best": 0.03796563192904656,
    "tuning_overall_gain": 0.010476718403547802,
    "tuning_gain_pct": 21.627188465499696,
    "eval_overfitting_ratio": 1.266754270696452,
    "primary_metric": "1-AUROC",
    "tabpfn_primary_score": 0.017195121951219416,
    "eval_primary_value": 0.048093126385809315,
    "eval_primary_delta": 0.0308980044345899,
    "eval_primary_delta_pct": 179.69052224371532,
    "secondary_metric": "Accuracy",
    "tabpfn_secondary_score": 0.9805414551607445,
    "eval_secondary_value": 0.9695431472081218,
    "eval_secondary_delta": -0.010998307952622688,
    "eval_secondary_delta_pct": -1.1216566005176891,
    "feat_share_embedded_pct": 0,
    "feat_share_raw_pct": 100.00000000000003,
    "feat_active_embedded_pct": 0,
    "feat_active_raw_pct": 100.0,
    "feat_cr5_pct": 35.428891111104164,
    "feat_cr10_pct": 50.444692724193075,
    "time_tuning_search_secs": 396.94816517829895,
    "time_train_secs": 1.775754451751709,
    "time_infer_secs": 0.002064943313598633,
    "time_train_secs_per_1K": 0.3755825828578065,
    "time_infer_secs_per_1K": 0.0017469909590512968,
    "time_total_secs": 400.43924355506897
}