{
    "dataset": "is-this-a-good-customer",
    "algorithm": "catboost",
    "mode": "embed-only",
    "task_type": "binary",
    "dataset_samples_count": 1723,
    "dataset_raw_features_count": 13,
    "feat_total_count": 31,
    "pca_n_components": 31,
    "optimal_trees": 469,
    "tuning_completed": 26,
    "tuning_best_idx": 14,
    "tuning_val_score_0": 0.2989097324063512,
    "tuning_val_score_best": 0.26779076820017034,
    "tuning_overall_gain": 0.031118964206180877,
    "tuning_gain_pct": 10.410823346453093,
    "eval_overfitting_ratio": 1.0676462718978759,
    "primary_metric": "1-AUROC",
    "tabpfn_primary_score": 0.22481984246690123,
    "eval_primary_value": 0.2859058153175801,
    "eval_primary_delta": 0.06108597285067885,
    "eval_primary_delta_pct": 27.171077152441352,
    "secondary_metric": "Accuracy",
    "tabpfn_secondary_score": 0.8869565217391304,
    "eval_secondary_value": 0.8869565217391304,
    "eval_secondary_delta": 0.0,
    "eval_secondary_delta_pct": 0.0,
    "feat_share_embedded_pct": 100.00000000000001,
    "feat_share_raw_pct": 0,
    "feat_active_embedded_pct": 100.0,
    "feat_active_raw_pct": 0,
    "feat_cr5_pct": 31.44114797352799,
    "feat_cr10_pct": 48.63295761129661,
    "time_tuning_search_secs": 178.49065113067627,
    "time_train_secs": 1.5953471660614014,
    "time_infer_secs": 0.0032625198364257812,
    "time_train_secs_per_1K": 1.1577265356033393,
    "time_infer_secs_per_1K": 0.009456579236016758,
    "time_total_secs": 181.65699529647827
}