{
    "dataset": "maternal_health_risk",
    "algorithm": "xgboost",
    "mode": "embed-only",
    "task_type": "multiclass",
    "dataset_samples_count": 1014,
    "dataset_raw_features_count": 6,
    "feat_total_count": 38,
    "pca_n_components": 38,
    "optimal_trees": 631,
    "tuning_completed": 26,
    "tuning_best_idx": 1,
    "tuning_val_score_0": 0.451443194829398,
    "tuning_val_score_best": 0.4128995718927325,
    "tuning_overall_gain": 0.03854362293666547,
    "tuning_gain_pct": 8.537867749060043,
    "eval_overfitting_ratio": 1.0219246430443096,
    "primary_metric": "Log_Loss",
    "tabpfn_primary_score": 0.32577805318868375,
    "eval_primary_value": 0.4219522476196289,
    "eval_primary_delta": 0.09617419443094516,
    "eval_primary_delta_pct": 29.521385338761018,
    "secondary_metric": "Accuracy",
    "tabpfn_secondary_score": 0.8620689655172413,
    "eval_secondary_value": 0.8374384236453202,
    "eval_secondary_delta": -0.024630541871921152,
    "eval_secondary_delta_pct": -2.857142857142854,
    "feat_share_embedded_pct": 100.00000000000003,
    "feat_share_raw_pct": 0,
    "feat_active_embedded_pct": 100.0,
    "feat_active_raw_pct": 0,
    "feat_cr5_pct": 47.93002535823673,
    "feat_cr10_pct": 61.744479932916306,
    "time_tuning_search_secs": 643.5774626731873,
    "time_train_secs": 5.462525367736816,
    "time_infer_secs": 0.006633281707763672,
    "time_train_secs_per_1K": 6.735542993510254,
    "time_infer_secs_per_1K": 0.03267626457026439,
    "time_total_secs": 650.718264579773
}