{
    "dataset": "diamonds",
    "algorithm": "lightgbm",
    "mode": "combined",
    "task_type": "regression",
    "dataset_samples_count": 53940,
    "dataset_raw_features_count": 9,
    "feat_total_count": 38,
    "pca_n_components": 29,
    "optimal_trees": 984,
    "tuning_completed": 26,
    "tuning_best_idx": 23,
    "tuning_val_score_0": 512.7379010827792,
    "tuning_val_score_best": 504.5852736689326,
    "tuning_overall_gain": 8.15262741384663,
    "tuning_gain_pct": 1.5900184863709588,
    "eval_overfitting_ratio": 0.9387993338290583,
    "primary_metric": "RMSE",
    "tabpfn_primary_score": 474.1404367703237,
    "eval_primary_value": 473.704318780347,
    "eval_primary_delta": -0.4361179899766512,
    "eval_primary_delta_pct": -0.09198076269287052,
    "secondary_metric": "R2_Score",
    "tabpfn_secondary_score": 0.9855533059097163,
    "eval_secondary_value": 0.9855798700459638,
    "eval_secondary_delta": 2.6564136247464454e-05,
    "eval_secondary_delta_pct": 0.002695352558626384,
    "feat_share_embedded_pct": 36.051778695225785,
    "feat_share_raw_pct": 63.94822130477422,
    "feat_active_embedded_pct": 100.0,
    "feat_active_raw_pct": 100.0,
    "feat_cr5_pct": 73.85701072091922,
    "feat_cr10_pct": 95.5681128000541,
    "time_tuning_search_secs": 288.9920938014984,
    "time_train_secs": 2.1801071166992188,
    "time_infer_secs": 0.09274697303771973,
    "time_train_secs_per_1K": 0.050521577602410515,
    "time_infer_secs_per_1K": 0.008597235172202422,
    "time_total_secs": 295.0487139225006
}