{
    "dataset": "marketing_campaign",
    "algorithm": "catboost",
    "mode": "raw-only",
    "task_type": "binary",
    "dataset_samples_count": 2240,
    "dataset_raw_features_count": 25,
    "feat_total_count": 25,
    "pca_n_components": 42,
    "optimal_trees": 1000,
    "tuning_completed": 26,
    "tuning_best_idx": 5,
    "tuning_val_score_0": 0.12032328086925048,
    "tuning_val_score_best": 0.10243451936249337,
    "tuning_overall_gain": 0.01788876150675711,
    "tuning_gain_pct": 14.867248779723658,
    "eval_overfitting_ratio": 1.162783593442393,
    "primary_metric": "1-AUROC",
    "tabpfn_primary_score": 0.09989422963920547,
    "eval_primary_value": 0.11910917851686442,
    "eval_primary_delta": 0.019214948877658955,
    "eval_primary_delta_pct": 19.23529411764708,
    "secondary_metric": "Accuracy",
    "tabpfn_secondary_score": 0.8950892857142857,
    "eval_secondary_value": 0.8705357142857143,
    "eval_secondary_delta": -0.024553571428571397,
    "eval_secondary_delta_pct": -2.7431421446384006,
    "feat_share_embedded_pct": 0,
    "feat_share_raw_pct": 99.99999999999997,
    "feat_active_embedded_pct": 0,
    "feat_active_raw_pct": 100.0,
    "feat_cr5_pct": 40.683900687644,
    "feat_cr10_pct": 63.44959023650311,
    "time_tuning_search_secs": 295.44986939430237,
    "time_train_secs": 2.6144604682922363,
    "time_infer_secs": 0.005233287811279297,
    "time_train_secs_per_1K": 1.458962314895221,
    "time_infer_secs_per_1K": 0.011681446007319858,
    "time_total_secs": 300.0843393802643
}