{
    "dataset": "hr_analytics_job_change_of_data_scientists",
    "algorithm": "catboost",
    "mode": "embed-only",
    "task_type": "binary",
    "dataset_samples_count": 19158,
    "dataset_raw_features_count": 12,
    "feat_total_count": 36,
    "pca_n_components": 36,
    "optimal_trees": 506,
    "tuning_completed": 26,
    "tuning_best_idx": 16,
    "tuning_val_score_0": 0.19542853886845346,
    "tuning_val_score_best": 0.1894049382951235,
    "tuning_overall_gain": 0.006023600573329957,
    "tuning_gain_pct": 3.0822522688892193,
    "eval_overfitting_ratio": 1.0996370713849641,
    "primary_metric": "1-AUROC",
    "tabpfn_primary_score": 0.2034192467065935,
    "eval_primary_value": 0.20827669165269946,
    "eval_primary_delta": 0.00485744494610596,
    "eval_primary_delta_pct": 2.3878984042804015,
    "secondary_metric": "Accuracy",
    "tabpfn_secondary_score": 0.7904488517745303,
    "eval_secondary_value": 0.782098121085595,
    "eval_secondary_delta": -0.008350730688935326,
    "eval_secondary_delta_pct": -1.0564542753384012,
    "feat_share_embedded_pct": 100.0,
    "feat_share_raw_pct": 0,
    "feat_active_embedded_pct": 100.0,
    "feat_active_raw_pct": 0,
    "feat_cr5_pct": 34.668487163740494,
    "feat_cr10_pct": 50.24688620016893,
    "time_tuning_search_secs": 753.9481263160706,
    "time_train_secs": 5.059199333190918,
    "time_infer_secs": 0.005582332611083984,
    "time_train_secs_per_1K": 0.3301056592190342,
    "time_infer_secs_per_1K": 0.0014567673828507267,
    "time_total_secs": 760.6968951225281
}