{
    "dataset": "marketing_campaign",
    "algorithm": "catboost",
    "mode": "combined",
    "task_type": "binary",
    "dataset_samples_count": 2240,
    "dataset_raw_features_count": 25,
    "feat_total_count": 67,
    "pca_n_components": 42,
    "optimal_trees": 429,
    "tuning_completed": 26,
    "tuning_best_idx": 18,
    "tuning_val_score_0": 0.09768299188209062,
    "tuning_val_score_best": 0.08496362609774999,
    "tuning_overall_gain": 0.01271936578434063,
    "tuning_gain_pct": 13.02106491547033,
    "eval_overfitting_ratio": 1.1833370194277202,
    "primary_metric": "1-AUROC",
    "tabpfn_primary_score": 0.09989422963920547,
    "eval_primary_value": 0.10054060406628273,
    "eval_primary_delta": 0.0006463744270772676,
    "eval_primary_delta_pct": 0.6470588235294675,
    "secondary_metric": "Accuracy",
    "tabpfn_secondary_score": 0.8950892857142857,
    "eval_secondary_value": 0.8883928571428571,
    "eval_secondary_delta": -0.006696428571428603,
    "eval_secondary_delta_pct": -0.7481296758104774,
    "feat_share_embedded_pct": 73.80236609485361,
    "feat_share_raw_pct": 26.19763390514637,
    "feat_active_embedded_pct": 100.0,
    "feat_active_raw_pct": 100.0,
    "feat_cr5_pct": 22.55419337887273,
    "feat_cr10_pct": 33.79599766676999,
    "time_tuning_search_secs": 707.2047119140625,
    "time_train_secs": 6.982418060302734,
    "time_infer_secs": 0.0075762271881103516,
    "time_train_secs_per_1K": 3.896438649722508,
    "time_infer_secs_per_1K": 0.016911221402032033,
    "time_total_secs": 715.7991218566895
}