{
    "dataset": "kddcup09_appetency",
    "algorithm": "xgboost",
    "mode": "embed-only",
    "task_type": "binary",
    "dataset_samples_count": 50000,
    "dataset_raw_features_count": 212,
    "feat_total_count": 36,
    "pca_n_components": 36,
    "optimal_trees": 361,
    "tuning_completed": 26,
    "tuning_best_idx": 25,
    "tuning_val_score_0": 0.20267245738184625,
    "tuning_val_score_best": 0.18079311749134597,
    "tuning_overall_gain": 0.021879339890500282,
    "tuning_gain_pct": 10.795418466396931,
    "eval_overfitting_ratio": 1.0592137836995603,
    "primary_metric": "1-AUROC",
    "tabpfn_primary_score": 0.18370534846103337,
    "eval_primary_value": 0.19149856204484772,
    "eval_primary_delta": 0.007793213583814351,
    "eval_primary_delta_pct": 4.242235541371517,
    "secondary_metric": "Accuracy",
    "tabpfn_secondary_score": 0.9822,
    "eval_secondary_value": 0.9822,
    "eval_secondary_delta": 0.0,
    "eval_secondary_delta_pct": 0.0,
    "feat_share_embedded_pct": 100.00000000000001,
    "feat_share_raw_pct": 0,
    "feat_active_embedded_pct": 100.0,
    "feat_active_raw_pct": 0,
    "feat_cr5_pct": 29.628447248419146,
    "feat_cr10_pct": 43.66418637353853,
    "time_tuning_search_secs": 495.6561574935913,
    "time_train_secs": 4.27578330039978,
    "time_infer_secs": 0.01645803451538086,
    "time_train_secs_per_1K": 0.1068945825099945,
    "time_infer_secs_per_1K": 0.001645803451538086,
    "time_total_secs": 503.60622787475586
}