{
    "dataset": "diamonds",
    "algorithm": "xgboost",
    "mode": "embed-only",
    "task_type": "regression",
    "dataset_samples_count": 53940,
    "dataset_raw_features_count": 9,
    "feat_total_count": 29,
    "pca_n_components": 29,
    "optimal_trees": 1000,
    "tuning_completed": 26,
    "tuning_best_idx": 12,
    "tuning_val_score_0": 515.2068260910823,
    "tuning_val_score_best": 507.1011884854119,
    "tuning_overall_gain": 8.105637605670438,
    "tuning_gain_pct": 1.5732783797079308,
    "eval_overfitting_ratio": 0.932952386846831,
    "primary_metric": "RMSE",
    "tabpfn_primary_score": 474.1404367703237,
    "eval_primary_value": 473.1012641703298,
    "eval_primary_delta": -1.03917259999389,
    "eval_primary_delta_pct": -0.21916979008843132,
    "secondary_metric": "R2_Score",
    "tabpfn_secondary_score": 0.9855533059097163,
    "eval_secondary_value": 0.9856165620926727,
    "eval_secondary_delta": 6.325618295632829e-05,
    "eval_secondary_delta_pct": 0.006418342120819085,
    "feat_share_embedded_pct": 99.99999999999999,
    "feat_share_raw_pct": 0,
    "feat_active_embedded_pct": 100.0,
    "feat_active_raw_pct": 0,
    "feat_cr5_pct": 90.58385971014293,
    "feat_cr10_pct": 99.58224516512425,
    "time_tuning_search_secs": 550.7539319992065,
    "time_train_secs": 2.1448898315429688,
    "time_infer_secs": 0.02078986167907715,
    "time_train_secs_per_1K": 0.04970545586630906,
    "time_infer_secs_per_1K": 0.001927128446336406,
    "time_total_secs": 555.0567297935486
}