{
    "dataset": "maternal_health_risk",
    "algorithm": "catboost",
    "mode": "raw-only",
    "task_type": "multiclass",
    "dataset_samples_count": 1014,
    "dataset_raw_features_count": 6,
    "feat_total_count": 6,
    "pca_n_components": 38,
    "optimal_trees": 985,
    "tuning_completed": 26,
    "tuning_best_idx": 20,
    "tuning_val_score_0": 0.6400092573004766,
    "tuning_val_score_best": 0.4210793433404225,
    "tuning_overall_gain": 0.21892991396005412,
    "tuning_gain_pct": 34.20730426361148,
    "eval_overfitting_ratio": 0.9098506430294975,
    "primary_metric": "Log_Loss",
    "tabpfn_primary_score": 0.32577805318868375,
    "eval_primary_value": 0.383119311304722,
    "eval_primary_delta": 0.05734125811603824,
    "eval_primary_delta_pct": 17.60132628787839,
    "secondary_metric": "Accuracy",
    "tabpfn_secondary_score": 0.8620689655172413,
    "eval_secondary_value": 0.8522167487684729,
    "eval_secondary_delta": -0.009852216748768461,
    "eval_secondary_delta_pct": -1.1428571428571415,
    "feat_share_embedded_pct": 0,
    "feat_share_raw_pct": 100.00000000000001,
    "feat_active_embedded_pct": 0,
    "feat_active_raw_pct": 100.0,
    "feat_cr5_pct": 92.8352935845137,
    "feat_cr10_pct": 100.00000000000001,
    "time_tuning_search_secs": 254.1459400653839,
    "time_train_secs": 1.884284496307373,
    "time_infer_secs": 0.004590034484863281,
    "time_train_secs_per_1K": 2.3234087500707434,
    "time_infer_secs_per_1K": 0.022611007314597444,
    "time_total_secs": 257.9167685508728
}