{
    "dataset": "marketing_campaign",
    "algorithm": "catboost",
    "mode": "embed-only",
    "task_type": "binary",
    "dataset_samples_count": 2240,
    "dataset_raw_features_count": 25,
    "feat_total_count": 42,
    "pca_n_components": 42,
    "optimal_trees": 444,
    "tuning_completed": 26,
    "tuning_best_idx": 14,
    "tuning_val_score_0": 0.10117933668620127,
    "tuning_val_score_best": 0.08442230934308637,
    "tuning_overall_gain": 0.016757027343114905,
    "tuning_gain_pct": 16.561709032631175,
    "eval_overfitting_ratio": 1.3531019294174762,
    "primary_metric": "1-AUROC",
    "tabpfn_primary_score": 0.09989422963920547,
    "eval_primary_value": 0.11423198965800918,
    "eval_primary_delta": 0.014337760018803714,
    "eval_primary_delta_pct": 14.352941176470694,
    "secondary_metric": "Accuracy",
    "tabpfn_secondary_score": 0.8950892857142857,
    "eval_secondary_value": 0.8883928571428571,
    "eval_secondary_delta": -0.006696428571428603,
    "eval_secondary_delta_pct": -0.7481296758104774,
    "feat_share_embedded_pct": 100.00000000000001,
    "feat_share_raw_pct": 0,
    "feat_active_embedded_pct": 100.0,
    "feat_active_raw_pct": 0,
    "feat_cr5_pct": 35.619868904051685,
    "feat_cr10_pct": 50.096259683117225,
    "time_tuning_search_secs": 443.5091164112091,
    "time_train_secs": 1.939483404159546,
    "time_infer_secs": 0.004122018814086914,
    "time_train_secs_per_1K": 1.0823010067854608,
    "time_infer_secs_per_1K": 0.009200934852872576,
    "time_total_secs": 447.18561935424805
}