{
    "dataset": "marketing_campaign",
    "algorithm": "xgboost",
    "mode": "combined",
    "task_type": "binary",
    "dataset_samples_count": 2240,
    "dataset_raw_features_count": 25,
    "feat_total_count": 67,
    "pca_n_components": 42,
    "optimal_trees": 651,
    "tuning_completed": 26,
    "tuning_best_idx": 21,
    "tuning_val_score_0": 0.09410429895047279,
    "tuning_val_score_best": 0.08663582357214539,
    "tuning_overall_gain": 0.007468475378327399,
    "tuning_gain_pct": 7.936380655955014,
    "eval_overfitting_ratio": 1.1641142609316857,
    "primary_metric": "1-AUROC",
    "tabpfn_primary_score": 0.09989422963920547,
    "eval_primary_value": 0.10085399772789594,
    "eval_primary_delta": 0.0009597680886904714,
    "eval_primary_delta_pct": 0.9607843137255563,
    "secondary_metric": "Accuracy",
    "tabpfn_secondary_score": 0.8950892857142857,
    "eval_secondary_value": 0.890625,
    "eval_secondary_delta": -0.004464285714285698,
    "eval_secondary_delta_pct": -0.4987531172069808,
    "feat_share_embedded_pct": 73.8702600341629,
    "feat_share_raw_pct": 26.129739965837114,
    "feat_active_embedded_pct": 100.0,
    "feat_active_raw_pct": 100.0,
    "feat_cr5_pct": 35.194826748084516,
    "feat_cr10_pct": 48.91992957589486,
    "time_tuning_search_secs": 250.42771697044373,
    "time_train_secs": 1.3115370273590088,
    "time_infer_secs": 0.0024538040161132812,
    "time_train_secs_per_1K": 0.7318845018744469,
    "time_infer_secs_per_1K": 0.005477241107395717,
    "time_total_secs": 253.8013048171997
}