{
    "dataset": "hr_analytics_job_change_of_data_scientists",
    "algorithm": "lightgbm",
    "mode": "raw-only",
    "task_type": "binary",
    "dataset_samples_count": 19158,
    "dataset_raw_features_count": 12,
    "feat_total_count": 12,
    "pca_n_components": 36,
    "optimal_trees": 251,
    "tuning_completed": 26,
    "tuning_best_idx": 17,
    "tuning_val_score_0": 0.19501302518763475,
    "tuning_val_score_best": 0.19197315588357067,
    "tuning_overall_gain": 0.00303986930406408,
    "tuning_gain_pct": 1.5588032138567276,
    "eval_overfitting_ratio": 1.0991491917468879,
    "primary_metric": "1-AUROC",
    "tabpfn_primary_score": 0.2034192467065935,
    "eval_primary_value": 0.21100713912652602,
    "eval_primary_delta": 0.007587892419932518,
    "eval_primary_delta_pct": 3.7301742793675228,
    "secondary_metric": "Accuracy",
    "tabpfn_secondary_score": 0.7904488517745303,
    "eval_secondary_value": 0.7823590814196242,
    "eval_secondary_delta": -0.0080897703549061,
    "eval_secondary_delta_pct": -1.0234400792340765,
    "feat_share_embedded_pct": 0,
    "feat_share_raw_pct": 100.0,
    "feat_active_embedded_pct": 0,
    "feat_active_raw_pct": 100.0,
    "feat_cr5_pct": 80.24459760047854,
    "feat_cr10_pct": 96.7304623590085,
    "time_tuning_search_secs": 92.62837767601013,
    "time_train_secs": 0.21805047988891602,
    "time_infer_secs": 0.009788751602172852,
    "time_train_secs_per_1K": 0.014227487921761452,
    "time_infer_secs_per_1K": 0.0025544758878321638,
    "time_total_secs": 94.91601657867432
}