{
    "dataset": "maternal_health_risk",
    "algorithm": "lightgbm",
    "mode": "combined",
    "task_type": "multiclass",
    "dataset_samples_count": 1014,
    "dataset_raw_features_count": 6,
    "feat_total_count": 44,
    "pca_n_components": 38,
    "optimal_trees": 374,
    "tuning_completed": 26,
    "tuning_best_idx": 24,
    "tuning_val_score_0": 0.401119094809371,
    "tuning_val_score_best": 0.3862735044440363,
    "tuning_overall_gain": 0.014845590365334727,
    "tuning_gain_pct": 3.70104304617809,
    "eval_overfitting_ratio": 1.0479944427148213,
    "primary_metric": "Log_Loss",
    "tabpfn_primary_score": 0.32577805318868375,
    "eval_primary_value": 0.4048124860253289,
    "eval_primary_delta": 0.07903443283664513,
    "eval_primary_delta_pct": 24.260207851039635,
    "secondary_metric": "Accuracy",
    "tabpfn_secondary_score": 0.8620689655172413,
    "eval_secondary_value": 0.8472906403940886,
    "eval_secondary_delta": -0.014778325123152691,
    "eval_secondary_delta_pct": -1.7142857142857122,
    "feat_share_embedded_pct": 73.916950456755,
    "feat_share_raw_pct": 26.083049543244957,
    "feat_active_embedded_pct": 100.0,
    "feat_active_raw_pct": 100.0,
    "feat_cr5_pct": 39.43528485489927,
    "feat_cr10_pct": 51.442985185190174,
    "time_tuning_search_secs": 140.80661916732788,
    "time_train_secs": 1.2603459358215332,
    "time_infer_secs": 0.0040721893310546875,
    "time_train_secs_per_1K": 1.554064039237402,
    "time_infer_secs_per_1K": 0.020060045965786637,
    "time_total_secs": 143.57067131996155
}