{
    "dataset": "marketing_campaign",
    "algorithm": "xgboost",
    "mode": "raw-only",
    "task_type": "binary",
    "dataset_samples_count": 2240,
    "dataset_raw_features_count": 25,
    "feat_total_count": 25,
    "pca_n_components": 42,
    "optimal_trees": 525,
    "tuning_completed": 26,
    "tuning_best_idx": 25,
    "tuning_val_score_0": 0.10213613019796464,
    "tuning_val_score_best": 0.09135531620649462,
    "tuning_overall_gain": 0.010780813991470017,
    "tuning_gain_pct": 10.555338224166297,
    "eval_overfitting_ratio": 1.4770411184755758,
    "primary_metric": "1-AUROC",
    "tabpfn_primary_score": 0.09989422963920547,
    "eval_primary_value": 0.13493555842833072,
    "eval_primary_delta": 0.03504132878912525,
    "eval_primary_delta_pct": 35.078431372549055,
    "secondary_metric": "Accuracy",
    "tabpfn_secondary_score": 0.8950892857142857,
    "eval_secondary_value": 0.8705357142857143,
    "eval_secondary_delta": -0.024553571428571397,
    "eval_secondary_delta_pct": -2.7431421446384006,
    "feat_share_embedded_pct": 0,
    "feat_share_raw_pct": 99.99999999999999,
    "feat_active_embedded_pct": 0,
    "feat_active_raw_pct": 100.0,
    "feat_cr5_pct": 40.922007948684104,
    "feat_cr10_pct": 63.20884227562819,
    "time_tuning_search_secs": 208.20778822898865,
    "time_train_secs": 1.034184217453003,
    "time_infer_secs": 0.0028333663940429688,
    "time_train_secs_per_1K": 0.577111728489399,
    "time_infer_secs_per_1K": 0.0063244785581316266,
    "time_total_secs": 211.07732343673706
}