{
    "dataset": "polish_companies_bankruptcy",
    "algorithm": "xgboost",
    "mode": "combined",
    "task_type": "binary",
    "dataset_samples_count": 5910,
    "dataset_raw_features_count": 64,
    "feat_total_count": 116,
    "pca_n_components": 52,
    "optimal_trees": 682,
    "tuning_completed": 26,
    "tuning_best_idx": 13,
    "tuning_val_score_0": 0.016449556541019983,
    "tuning_val_score_best": 0.014833702882483424,
    "tuning_overall_gain": 0.001615853658536559,
    "tuning_gain_pct": 9.823083403538156,
    "eval_overfitting_ratio": 1.0777279521674104,
    "primary_metric": "1-AUROC",
    "tabpfn_primary_score": 0.017195121951219416,
    "eval_primary_value": 0.015986696230598674,
    "eval_primary_delta": -0.0012084257206207427,
    "eval_primary_delta_pct": -7.027724049000103,
    "secondary_metric": "Accuracy",
    "tabpfn_secondary_score": 0.9805414551607445,
    "eval_secondary_value": 0.9788494077834179,
    "eval_secondary_delta": -0.0016920473773266442,
    "eval_secondary_delta_pct": -0.17256255392580616,
    "feat_share_embedded_pct": 77.68476853700588,
    "feat_share_raw_pct": 22.31523146299413,
    "feat_active_embedded_pct": 100.0,
    "feat_active_raw_pct": 100.0,
    "feat_cr5_pct": 62.18902284300647,
    "feat_cr10_pct": 71.43093445388023,
    "time_tuning_search_secs": 396.2848708629608,
    "time_train_secs": 1.8633685111999512,
    "time_infer_secs": 0.003528118133544922,
    "time_train_secs_per_1K": 0.39411347529609797,
    "time_infer_secs_per_1K": 0.0029848715173814906,
    "time_total_secs": 399.80179738998413
}