{
    "dataset": "sdss17",
    "algorithm": "xgboost",
    "mode": "embed-only",
    "task_type": "multiclass",
    "dataset_samples_count": 78053,
    "dataset_raw_features_count": 11,
    "feat_total_count": 21,
    "pca_n_components": 21,
    "optimal_trees": 548,
    "tuning_completed": 26,
    "tuning_best_idx": 3,
    "tuning_val_score_0": 0.0700518065956804,
    "tuning_val_score_best": 0.06724715833149011,
    "tuning_overall_gain": 0.0028046482641902876,
    "tuning_gain_pct": 4.0036772789857356,
    "eval_overfitting_ratio": 0.9721344481509201,
    "primary_metric": "Log_Loss",
    "tabpfn_primary_score": 0.06354347925948427,
    "eval_primary_value": 0.06537327915430069,
    "eval_primary_delta": 0.0018297998948164224,
    "eval_primary_delta_pct": 2.8796029366668856,
    "secondary_metric": "Accuracy",
    "tabpfn_secondary_score": 0.9795016334635833,
    "eval_secondary_value": 0.9791813464864518,
    "eval_secondary_delta": -0.0003202869771314898,
    "eval_secondary_delta_pct": -0.032698973252237834,
    "feat_share_embedded_pct": 100.00000000000001,
    "feat_share_raw_pct": 0,
    "feat_active_embedded_pct": 100.0,
    "feat_active_raw_pct": 0,
    "feat_cr5_pct": 81.32095861383007,
    "feat_cr10_pct": 93.33922842527686,
    "time_tuning_search_secs": 1547.7058811187744,
    "time_train_secs": 9.505720138549805,
    "time_infer_secs": 0.0928030014038086,
    "time_train_secs_per_1K": 0.15223279424986075,
    "time_infer_secs_per_1K": 0.005944718557671424,
    "time_total_secs": 1559.5836942195892
}