{
    "dataset": "maternal_health_risk",
    "algorithm": "lightgbm",
    "mode": "raw-only",
    "task_type": "multiclass",
    "dataset_samples_count": 1014,
    "dataset_raw_features_count": 6,
    "feat_total_count": 6,
    "pca_n_components": 38,
    "optimal_trees": 80,
    "tuning_completed": 26,
    "tuning_best_idx": 25,
    "tuning_val_score_0": 0.4810835801845399,
    "tuning_val_score_best": 0.4335669467596234,
    "tuning_overall_gain": 0.04751663342491652,
    "tuning_gain_pct": 9.877001706582776,
    "eval_overfitting_ratio": 0.8685226562003088,
    "primary_metric": "Log_Loss",
    "tabpfn_primary_score": 0.32577805318868375,
    "eval_primary_value": 0.37656271624032595,
    "eval_primary_delta": 0.0507846630516422,
    "eval_primary_delta_pct": 15.5887305957436,
    "secondary_metric": "Accuracy",
    "tabpfn_secondary_score": 0.8620689655172413,
    "eval_secondary_value": 0.8472906403940886,
    "eval_secondary_delta": -0.014778325123152691,
    "eval_secondary_delta_pct": -1.7142857142857122,
    "feat_share_embedded_pct": 0,
    "feat_share_raw_pct": 100.00000000000001,
    "feat_active_embedded_pct": 0,
    "feat_active_raw_pct": 100.0,
    "feat_cr5_pct": 93.69036278257069,
    "feat_cr10_pct": 100.00000000000001,
    "time_tuning_search_secs": 109.65392661094666,
    "time_train_secs": 0.31758737564086914,
    "time_infer_secs": 0.0011928081512451172,
    "time_train_secs_per_1K": 0.39159972335495574,
    "time_infer_secs_per_1K": 0.00587590222288235,
    "time_total_secs": 111.43582439422607
}