{
    "dataset": "fitness_club",
    "algorithm": "catboost",
    "mode": "embed-only",
    "task_type": "binary",
    "dataset_samples_count": 1500,
    "dataset_raw_features_count": 6,
    "feat_total_count": 15,
    "pca_n_components": 15,
    "optimal_trees": 302,
    "tuning_completed": 26,
    "tuning_best_idx": 22,
    "tuning_val_score_0": 0.19467729734034078,
    "tuning_val_score_best": 0.1892908792093575,
    "tuning_overall_gain": 0.005386418130983284,
    "tuning_gain_pct": 2.766844518889423,
    "eval_overfitting_ratio": 1.0619080942440553,
    "primary_metric": "1-AUROC",
    "tabpfn_primary_score": 0.1838161838161838,
    "eval_primary_value": 0.20100951679899048,
    "eval_primary_delta": 0.017193332982806675,
    "eval_primary_delta_pct": 9.353546910755153,
    "secondary_metric": "Accuracy",
    "tabpfn_secondary_score": 0.7633333333333333,
    "eval_secondary_value": 0.77,
    "eval_secondary_delta": 0.00666666666666671,
    "eval_secondary_delta_pct": 0.8733624454148529,
    "feat_share_embedded_pct": 100.00000000000001,
    "feat_share_raw_pct": 0,
    "feat_active_embedded_pct": 100.0,
    "feat_active_raw_pct": 0,
    "feat_cr5_pct": 59.10583488652418,
    "feat_cr10_pct": 81.56846077341017,
    "time_tuning_search_secs": 80.34211874008179,
    "time_train_secs": 0.6844871044158936,
    "time_infer_secs": 0.002257108688354492,
    "time_train_secs_per_1K": 0.570405920346578,
    "time_infer_secs_per_1K": 0.007523695627848308,
    "time_total_secs": 82.70541405677795
}