{
    "dataset": "miami_housing",
    "algorithm": "xgboost",
    "mode": "combined",
    "task_type": "regression",
    "dataset_samples_count": 13776,
    "dataset_raw_features_count": 15,
    "feat_total_count": 88,
    "pca_n_components": 73,
    "optimal_trees": 197,
    "tuning_completed": 26,
    "tuning_best_idx": 18,
    "tuning_val_score_0": 85201.75539045008,
    "tuning_val_score_best": 79435.42841857688,
    "tuning_overall_gain": 5766.3269718732045,
    "tuning_gain_pct": 6.767849964414617,
    "eval_overfitting_ratio": 1.006004041407188,
    "primary_metric": "RMSE",
    "tabpfn_primary_score": 80937.77470144341,
    "eval_primary_value": 79912.36201999974,
    "eval_primary_delta": -1025.412681443675,
    "eval_primary_delta_pct": -1.26691484319421,
    "secondary_metric": "R2_Score",
    "tabpfn_secondary_score": 0.9386201225076625,
    "eval_secondary_value": 0.9401655321452718,
    "eval_secondary_delta": 0.0015454096376092963,
    "eval_secondary_delta_pct": 0.16464697491041488,
    "feat_share_embedded_pct": 93.74247114375892,
    "feat_share_raw_pct": 6.257528856241097,
    "feat_active_embedded_pct": 100.0,
    "feat_active_raw_pct": 93.33333333333333,
    "feat_cr5_pct": 84.9642948872469,
    "feat_cr10_pct": 94.0162134282351,
    "time_tuning_search_secs": 458.4084951877594,
    "time_train_secs": 0.35338354110717773,
    "time_infer_secs": 0.0015988349914550781,
    "time_train_secs_per_1K": 0.032067471969798346,
    "time_infer_secs_per_1K": 0.0005801288067688963,
    "time_total_secs": 460.33531856536865
}