{
    "dataset": "fitness_club",
    "algorithm": "lightgbm",
    "mode": "combined",
    "task_type": "binary",
    "dataset_samples_count": 1500,
    "dataset_raw_features_count": 6,
    "feat_total_count": 21,
    "pca_n_components": 15,
    "optimal_trees": 929,
    "tuning_completed": 26,
    "tuning_best_idx": 4,
    "tuning_val_score_0": 0.19751595098741836,
    "tuning_val_score_best": 0.17583676186937058,
    "tuning_overall_gain": 0.02167918911804778,
    "tuning_gain_pct": 10.97591815226545,
    "eval_overfitting_ratio": 1.137777406004349,
    "primary_metric": "1-AUROC",
    "tabpfn_primary_score": 0.1838161838161838,
    "eval_primary_value": 0.2000630947999369,
    "eval_primary_delta": 0.016246910983753082,
    "eval_primary_delta_pct": 8.838672768878714,
    "secondary_metric": "Accuracy",
    "tabpfn_secondary_score": 0.7633333333333333,
    "eval_secondary_value": 0.7566666666666667,
    "eval_secondary_delta": -0.006666666666666599,
    "eval_secondary_delta_pct": -0.8733624454148383,
    "feat_share_embedded_pct": 44.516789698047596,
    "feat_share_raw_pct": 55.48321030195241,
    "feat_active_embedded_pct": 100.0,
    "feat_active_raw_pct": 100.0,
    "feat_cr5_pct": 88.89017777704503,
    "feat_cr10_pct": 95.73619039251358,
    "time_tuning_search_secs": 18.35244870185852,
    "time_train_secs": 0.07603859901428223,
    "time_infer_secs": 0.0032989978790283203,
    "time_train_secs_per_1K": 0.06336549917856853,
    "time_infer_secs_per_1K": 0.010996659596761068,
    "time_total_secs": 20.001857042312622
}