{
    "dataset": "sdss17",
    "algorithm": "catboost",
    "mode": "combined",
    "task_type": "multiclass",
    "dataset_samples_count": 78053,
    "dataset_raw_features_count": 11,
    "feat_total_count": 32,
    "pca_n_components": 21,
    "optimal_trees": 1000,
    "tuning_completed": 26,
    "tuning_best_idx": 23,
    "tuning_val_score_0": 0.11257992505713091,
    "tuning_val_score_best": 0.06579977465062001,
    "tuning_overall_gain": 0.0467801504065109,
    "tuning_gain_pct": 41.55283491508045,
    "eval_overfitting_ratio": 0.9800236181526435,
    "primary_metric": "Log_Loss",
    "tabpfn_primary_score": 0.06354347925948427,
    "eval_primary_value": 0.06448533322672921,
    "eval_primary_delta": 0.0009418539672449433,
    "eval_primary_delta_pct": 1.4822196993633545,
    "secondary_metric": "Accuracy",
    "tabpfn_secondary_score": 0.9795016334635833,
    "eval_secondary_value": 0.9799500352315674,
    "eval_secondary_delta": 0.0004484017679841079,
    "eval_secondary_delta_pct": 0.045778562553135234,
    "feat_share_embedded_pct": 49.336925731515784,
    "feat_share_raw_pct": 50.663074268484216,
    "feat_active_embedded_pct": 100.0,
    "feat_active_raw_pct": 100.0,
    "feat_cr5_pct": 83.92608841648624,
    "feat_cr10_pct": 89.1669899296099,
    "time_tuning_search_secs": 7397.720827817917,
    "time_train_secs": 78.34073543548584,
    "time_infer_secs": 0.06366205215454102,
    "time_train_secs_per_1K": 1.2546160506627886,
    "time_infer_secs_per_1K": 0.004078025248513293,
    "time_total_secs": 7478.765236616135
}