{
    "dataset": "fitness_club",
    "algorithm": "xgboost",
    "mode": "embed-only",
    "task_type": "binary",
    "dataset_samples_count": 1500,
    "dataset_raw_features_count": 6,
    "feat_total_count": 15,
    "pca_n_components": 15,
    "optimal_trees": 622,
    "tuning_completed": 26,
    "tuning_best_idx": 14,
    "tuning_val_score_0": 0.21717241720638447,
    "tuning_val_score_best": 0.18771251393534005,
    "tuning_overall_gain": 0.02945990327104442,
    "tuning_gain_pct": 13.565214058951106,
    "eval_overfitting_ratio": 1.1008081744861333,
    "primary_metric": "1-AUROC",
    "tabpfn_primary_score": 0.1838161838161838,
    "eval_primary_value": 0.20663546979336456,
    "eval_primary_delta": 0.022819285977180748,
    "eval_primary_delta_pct": 12.414187643020613,
    "secondary_metric": "Accuracy",
    "tabpfn_secondary_score": 0.7633333333333333,
    "eval_secondary_value": 0.7733333333333333,
    "eval_secondary_delta": 0.010000000000000009,
    "eval_secondary_delta_pct": 1.3100436681222718,
    "feat_share_embedded_pct": 100.00000000000001,
    "feat_share_raw_pct": 0,
    "feat_active_embedded_pct": 100.0,
    "feat_active_raw_pct": 0,
    "feat_cr5_pct": 63.36712295363377,
    "feat_cr10_pct": 85.16710025348453,
    "time_tuning_search_secs": 50.779407024383545,
    "time_train_secs": 0.3228342533111572,
    "time_infer_secs": 0.001436471939086914,
    "time_train_secs_per_1K": 0.26902854442596436,
    "time_infer_secs_per_1K": 0.004788239796956381,
    "time_total_secs": 52.64410734176636
}