{
    "dataset": "hr_analytics_job_change_of_data_scientists",
    "algorithm": "lightgbm",
    "mode": "combined",
    "task_type": "binary",
    "dataset_samples_count": 19158,
    "dataset_raw_features_count": 12,
    "feat_total_count": 48,
    "pca_n_components": 36,
    "optimal_trees": 289,
    "tuning_completed": 26,
    "tuning_best_idx": 13,
    "tuning_val_score_0": 0.19435731495402542,
    "tuning_val_score_best": 0.18907531810645695,
    "tuning_overall_gain": 0.005281996847568471,
    "tuning_gain_pct": 2.717673296123642,
    "eval_overfitting_ratio": 1.1206612613780496,
    "primary_metric": "1-AUROC",
    "tabpfn_primary_score": 0.2034192467065935,
    "eval_primary_value": 0.211889384484638,
    "eval_primary_delta": 0.008470137778044506,
    "eval_primary_delta_pct": 4.163882186753748,
    "secondary_metric": "Accuracy",
    "tabpfn_secondary_score": 0.7904488517745303,
    "eval_secondary_value": 0.7857515657620042,
    "eval_secondary_delta": -0.0046972860125260585,
    "eval_secondary_delta_pct": -0.5942555298778427,
    "feat_share_embedded_pct": 50.785738080598,
    "feat_share_raw_pct": 49.214261919402,
    "feat_active_embedded_pct": 100.0,
    "feat_active_raw_pct": 100.0,
    "feat_cr5_pct": 45.90961025200936,
    "feat_cr10_pct": 59.35049013292901,
    "time_tuning_search_secs": 155.65881443023682,
    "time_train_secs": 0.8480556011199951,
    "time_infer_secs": 0.02059793472290039,
    "time_train_secs_per_1K": 0.0553344382826566,
    "time_infer_secs_per_1K": 0.005375243925600311,
    "time_total_secs": 158.3715696334839
}