{
    "dataset": "marketing_campaign",
    "algorithm": "lightgbm",
    "mode": "embed-only",
    "task_type": "binary",
    "dataset_samples_count": 2240,
    "dataset_raw_features_count": 25,
    "feat_total_count": 42,
    "pca_n_components": 42,
    "optimal_trees": 210,
    "tuning_completed": 26,
    "tuning_best_idx": 12,
    "tuning_val_score_0": 0.100170651942733,
    "tuning_val_score_best": 0.09047094876929695,
    "tuning_overall_gain": 0.009699703173436047,
    "tuning_gain_pct": 9.683178640966931,
    "eval_overfitting_ratio": 1.230811513604107,
    "primary_metric": "1-AUROC",
    "tabpfn_primary_score": 0.09989422963920547,
    "eval_primary_value": 0.11135268539193799,
    "eval_primary_delta": 0.011458455752732521,
    "eval_primary_delta_pct": 11.470588235294247,
    "secondary_metric": "Accuracy",
    "tabpfn_secondary_score": 0.8950892857142857,
    "eval_secondary_value": 0.8816964285714286,
    "eval_secondary_delta": -0.013392857142857095,
    "eval_secondary_delta_pct": -1.4962593516209424,
    "feat_share_embedded_pct": 100.00000000000001,
    "feat_share_raw_pct": 0,
    "feat_active_embedded_pct": 100.0,
    "feat_active_raw_pct": 0,
    "feat_cr5_pct": 42.05457933191724,
    "feat_cr10_pct": 56.83925920823913,
    "time_tuning_search_secs": 83.38096618652344,
    "time_train_secs": 0.48361945152282715,
    "time_infer_secs": 0.001768350601196289,
    "time_train_secs_per_1K": 0.26987692607300623,
    "time_infer_secs_per_1K": 0.003947211163384574,
    "time_total_secs": 85.9189031124115
}