{
    "dataset": "houses",
    "algorithm": "catboost",
    "mode": "combined",
    "task_type": "regression",
    "dataset_samples_count": 20640,
    "dataset_raw_features_count": 8,
    "feat_total_count": 85,
    "pca_n_components": 77,
    "optimal_trees": 1000,
    "tuning_completed": 26,
    "tuning_best_idx": 1,
    "tuning_val_score_0": 0.6650850610005328,
    "tuning_val_score_best": 0.1931667255231529,
    "tuning_overall_gain": 0.4719183354773799,
    "tuning_gain_pct": 70.95608714582177,
    "eval_overfitting_ratio": 0.9174227105614747,
    "primary_metric": "RMSE",
    "tabpfn_primary_score": 0.17616870304182927,
    "eval_primary_value": 0.17721554091973532,
    "eval_primary_delta": 0.0010468378779060483,
    "eval_primary_delta_pct": 0.5942246606978133,
    "secondary_metric": "R2_Score",
    "tabpfn_secondary_score": 0.9042406897497843,
    "eval_secondary_value": 0.9030992575874737,
    "eval_secondary_delta": -0.0011414321623106627,
    "eval_secondary_delta_pct": -0.12623101075295698,
    "feat_share_embedded_pct": 98.59508068153956,
    "feat_share_raw_pct": 1.4049193184604434,
    "feat_active_embedded_pct": 100.0,
    "feat_active_raw_pct": 100.0,
    "feat_cr5_pct": 93.30976559281272,
    "feat_cr10_pct": 95.62119654611391,
    "time_tuning_search_secs": 1049.4598982334137,
    "time_train_secs": 2.581021785736084,
    "time_infer_secs": 0.0037195682525634766,
    "time_train_secs_per_1K": 0.15631188140359034,
    "time_infer_secs_per_1K": 0.0009010582007178965,
    "time_total_secs": 1053.7216527462006
}