{
    "dataset": "polish_companies_bankruptcy",
    "algorithm": "catboost",
    "mode": "combined",
    "task_type": "binary",
    "dataset_samples_count": 5910,
    "dataset_raw_features_count": 64,
    "feat_total_count": 116,
    "pca_n_components": 52,
    "optimal_trees": 740,
    "tuning_completed": 26,
    "tuning_best_idx": 10,
    "tuning_val_score_0": 0.022400221729490077,
    "tuning_val_score_best": 0.016618625277161847,
    "tuning_overall_gain": 0.00578159645232823,
    "tuning_gain_pct": 25.810442959663703,
    "eval_overfitting_ratio": 1.2468312208138788,
    "primary_metric": "1-AUROC",
    "tabpfn_primary_score": 0.017195121951219416,
    "eval_primary_value": 0.02072062084257209,
    "eval_primary_delta": 0.003525498891352674,
    "eval_primary_delta_pct": 20.50290135396602,
    "secondary_metric": "Accuracy",
    "tabpfn_secondary_score": 0.9805414551607445,
    "eval_secondary_value": 0.9780033840947546,
    "eval_secondary_delta": -0.002538071065989911,
    "eval_secondary_delta_pct": -0.2588438308887036,
    "feat_share_embedded_pct": 67.25083824863007,
    "feat_share_raw_pct": 32.74916175136991,
    "feat_active_embedded_pct": 100.0,
    "feat_active_raw_pct": 100.0,
    "feat_cr5_pct": 29.805573342473497,
    "feat_cr10_pct": 38.239299164556435,
    "time_tuning_search_secs": 499.3429026603699,
    "time_train_secs": 7.810420513153076,
    "time_infer_secs": 0.0030384063720703125,
    "time_train_secs_per_1K": 1.6519501931372835,
    "time_infer_secs_per_1K": 0.0025705637665569482,
    "time_total_secs": 508.8322591781616
}