{
    "dataset": "diamonds",
    "algorithm": "lightgbm",
    "mode": "raw-only",
    "task_type": "regression",
    "dataset_samples_count": 53940,
    "dataset_raw_features_count": 9,
    "feat_total_count": 9,
    "pca_n_components": 29,
    "optimal_trees": 1000,
    "tuning_completed": 26,
    "tuning_best_idx": 24,
    "tuning_val_score_0": 545.8876083926414,
    "tuning_val_score_best": 533.1616652163732,
    "tuning_overall_gain": 12.725943176268174,
    "tuning_gain_pct": 2.3312386983356412,
    "eval_overfitting_ratio": 0.9428708197357071,
    "primary_metric": "RMSE",
    "tabpfn_primary_score": 474.1404367703237,
    "eval_primary_value": 502.7025763342164,
    "eval_primary_delta": 28.562139563892742,
    "eval_primary_delta_pct": 6.023983054144864,
    "secondary_metric": "R2_Score",
    "tabpfn_secondary_score": 0.9855533059097163,
    "eval_secondary_value": 0.9837603484012548,
    "eval_secondary_delta": -0.0017929575084615346,
    "eval_secondary_delta_pct": -0.18192395050682142,
    "feat_share_embedded_pct": 0,
    "feat_share_raw_pct": 100.0,
    "feat_active_embedded_pct": 0,
    "feat_active_raw_pct": 100.0,
    "feat_cr5_pct": 98.32516867513957,
    "feat_cr10_pct": 100.0,
    "time_tuning_search_secs": 247.18184113502502,
    "time_train_secs": 1.8812942504882812,
    "time_infer_secs": 0.09750008583068848,
    "time_train_secs_per_1K": 0.04359691904171953,
    "time_infer_secs_per_1K": 0.00903782775590364,
    "time_total_secs": 251.6799328327179
}