{
    "dataset": "marketing_campaign",
    "algorithm": "xgboost",
    "mode": "embed-only",
    "task_type": "binary",
    "dataset_samples_count": 2240,
    "dataset_raw_features_count": 25,
    "feat_total_count": 42,
    "pca_n_components": 42,
    "optimal_trees": 607,
    "tuning_completed": 26,
    "tuning_best_idx": 3,
    "tuning_val_score_0": 0.09887249621660332,
    "tuning_val_score_best": 0.09162787180805843,
    "tuning_overall_gain": 0.007244624408544897,
    "tuning_gain_pct": 7.327239308972086,
    "eval_overfitting_ratio": 1.0515246282707247,
    "primary_metric": "1-AUROC",
    "tabpfn_primary_score": 0.09989422963920547,
    "eval_primary_value": 0.09634896384220626,
    "eval_primary_delta": -0.0035452657969992085,
    "eval_primary_delta_pct": -3.549019607843093,
    "secondary_metric": "Accuracy",
    "tabpfn_secondary_score": 0.8950892857142857,
    "eval_secondary_value": 0.8816964285714286,
    "eval_secondary_delta": -0.013392857142857095,
    "eval_secondary_delta_pct": -1.4962593516209424,
    "feat_share_embedded_pct": 99.99999999999999,
    "feat_share_raw_pct": 0,
    "feat_active_embedded_pct": 100.0,
    "feat_active_raw_pct": 0,
    "feat_cr5_pct": 43.91420314037238,
    "feat_cr10_pct": 59.70720281563606,
    "time_tuning_search_secs": 209.55873489379883,
    "time_train_secs": 1.3715386390686035,
    "time_infer_secs": 0.0019817352294921875,
    "time_train_secs_per_1K": 0.7653675441231046,
    "time_infer_secs_per_1K": 0.004423516137259347,
    "time_total_secs": 212.9407343864441
}