{
    "dataset": "sdss17",
    "algorithm": "xgboost",
    "mode": "raw-only",
    "task_type": "multiclass",
    "dataset_samples_count": 78053,
    "dataset_raw_features_count": 11,
    "feat_total_count": 11,
    "pca_n_components": 21,
    "optimal_trees": 680,
    "tuning_completed": 26,
    "tuning_best_idx": 3,
    "tuning_val_score_0": 0.09006697473476664,
    "tuning_val_score_best": 0.07597712815432894,
    "tuning_overall_gain": 0.014089846580437701,
    "tuning_gain_pct": 15.643743582961598,
    "eval_overfitting_ratio": 1.0187853789105854,
    "primary_metric": "Log_Loss",
    "tabpfn_primary_score": 0.06354347925948427,
    "eval_primary_value": 0.07740438729524612,
    "eval_primary_delta": 0.013860908035761857,
    "eval_primary_delta_pct": 21.813265809950167,
    "secondary_metric": "Accuracy",
    "tabpfn_secondary_score": 0.9795016334635833,
    "eval_secondary_value": 0.9756581897380052,
    "eval_secondary_delta": -0.0038434437255780995,
    "eval_secondary_delta_pct": -0.39238767902687666,
    "feat_share_embedded_pct": 0,
    "feat_share_raw_pct": 99.99999999999999,
    "feat_active_embedded_pct": 0,
    "feat_active_raw_pct": 100.0,
    "feat_cr5_pct": 95.72073137585355,
    "feat_cr10_pct": 99.88345934845462,
    "time_tuning_search_secs": 2801.569136619568,
    "time_train_secs": 22.72575879096985,
    "time_infer_secs": 0.14943671226501465,
    "time_train_secs_per_1K": 0.3639498861498647,
    "time_infer_secs_per_1K": 0.009572526568766553,
    "time_total_secs": 2826.9792006015778
}