{
    "dataset": "houses",
    "algorithm": "lightgbm",
    "mode": "raw-only",
    "task_type": "regression",
    "dataset_samples_count": 20640,
    "dataset_raw_features_count": 8,
    "feat_total_count": 8,
    "pca_n_components": 77,
    "optimal_trees": 511,
    "tuning_completed": 26,
    "tuning_best_idx": 24,
    "tuning_val_score_0": 0.22290708106690582,
    "tuning_val_score_best": 0.2154525754740032,
    "tuning_overall_gain": 0.007454505592902616,
    "tuning_gain_pct": 3.344221079574021,
    "eval_overfitting_ratio": 0.9271294681906346,
    "primary_metric": "RMSE",
    "tabpfn_primary_score": 0.17616870304182927,
    "eval_primary_value": 0.19975243171951515,
    "eval_primary_delta": 0.023583728677685878,
    "eval_primary_delta_pct": 13.387013851198182,
    "secondary_metric": "R2_Score",
    "tabpfn_secondary_score": 0.9042406897497843,
    "eval_secondary_value": 0.8768859424056971,
    "eval_secondary_delta": -0.02735474734408727,
    "eval_secondary_delta_pct": -3.0251621779657696,
    "feat_share_embedded_pct": 0,
    "feat_share_raw_pct": 100.0,
    "feat_active_embedded_pct": 0,
    "feat_active_raw_pct": 100.0,
    "feat_cr5_pct": 93.27066839131113,
    "feat_cr10_pct": 100.0,
    "time_tuning_search_secs": 243.07113456726074,
    "time_train_secs": 1.7030677795410156,
    "time_infer_secs": 0.03549456596374512,
    "time_train_secs_per_1K": 0.1031412172687146,
    "time_infer_secs_per_1K": 0.00859848981679872,
    "time_total_secs": 246.58043026924133
}