{
    "dataset": "e-commereshippingdata",
    "algorithm": "lightgbm",
    "mode": "embed-only",
    "task_type": "binary",
    "dataset_samples_count": 10999,
    "dataset_raw_features_count": 10,
    "feat_total_count": 11,
    "pca_n_components": 11,
    "optimal_trees": 30,
    "tuning_completed": 26,
    "tuning_best_idx": 16,
    "tuning_val_score_0": 0.2542946392314607,
    "tuning_val_score_best": 0.24860858489861104,
    "tuning_overall_gain": 0.005686054332849633,
    "tuning_gain_pct": 2.236010302865311,
    "eval_overfitting_ratio": 1.0113395944483028,
    "primary_metric": "1-AUROC",
    "tabpfn_primary_score": 0.2576305284678151,
    "eval_primary_value": 0.25142770542772774,
    "eval_primary_delta": -0.006202823040087346,
    "eval_primary_delta_pct": -2.4076428663081533,
    "secondary_metric": "Accuracy",
    "tabpfn_secondary_score": 0.6822727272727273,
    "eval_secondary_value": 0.5968181818181818,
    "eval_secondary_delta": -0.08545454545454545,
    "eval_secondary_delta_pct": -12.524983344437041,
    "feat_share_embedded_pct": 100.00000000000001,
    "feat_share_raw_pct": 0,
    "feat_active_embedded_pct": 100.0,
    "feat_active_raw_pct": 0,
    "feat_cr5_pct": 92.22686983295644,
    "feat_cr10_pct": 99.77824578177301,
    "time_tuning_search_secs": 34.14263415336609,
    "time_train_secs": 0.01975870132446289,
    "time_infer_secs": 0.0007808208465576172,
    "time_train_secs_per_1K": 0.0022455621462055793,
    "time_infer_secs_per_1K": 0.0003549185666170987,
    "time_total_secs": 35.85077166557312
}