{
    "dataset": "houses",
    "algorithm": "catboost",
    "mode": "raw-only",
    "task_type": "regression",
    "dataset_samples_count": 20640,
    "dataset_raw_features_count": 8,
    "feat_total_count": 8,
    "pca_n_components": 77,
    "optimal_trees": 1000,
    "tuning_completed": 26,
    "tuning_best_idx": 22,
    "tuning_val_score_0": 0.6967496203449888,
    "tuning_val_score_best": 0.21870206472496456,
    "tuning_overall_gain": 0.4780475556200242,
    "tuning_gain_pct": 68.61109667821901,
    "eval_overfitting_ratio": 0.934639839420019,
    "primary_metric": "RMSE",
    "tabpfn_primary_score": 0.17616870304182927,
    "eval_primary_value": 0.2044076626553675,
    "eval_primary_delta": 0.028238959613538228,
    "eval_primary_delta_pct": 16.029498501123214,
    "secondary_metric": "R2_Score",
    "tabpfn_secondary_score": 0.9042406897497843,
    "eval_secondary_value": 0.8710807294526961,
    "eval_secondary_delta": -0.03315996029708823,
    "eval_secondary_delta_pct": -3.667160820451913,
    "feat_share_embedded_pct": 0,
    "feat_share_raw_pct": 100.0,
    "feat_active_embedded_pct": 0,
    "feat_active_raw_pct": 100.0,
    "feat_cr5_pct": 93.06404707374014,
    "feat_cr10_pct": 100.0,
    "time_tuning_search_secs": 1016.0846061706543,
    "time_train_secs": 3.383970260620117,
    "time_infer_secs": 0.008289337158203125,
    "time_train_secs_per_1K": 0.20494005938833074,
    "time_infer_secs_per_1K": 0.002008075861967811,
    "time_total_secs": 1021.14728307724
}