{
    "dataset": "miami_housing",
    "algorithm": "catboost",
    "mode": "raw-only",
    "task_type": "regression",
    "dataset_samples_count": 13776,
    "dataset_raw_features_count": 15,
    "feat_total_count": 15,
    "pca_n_components": 73,
    "optimal_trees": 1000,
    "tuning_completed": 26,
    "tuning_best_idx": 18,
    "tuning_val_score_0": 119550.95915321534,
    "tuning_val_score_best": 80972.53764713914,
    "tuning_overall_gain": 38578.42150607621,
    "tuning_gain_pct": 32.26943704954678,
    "eval_overfitting_ratio": 1.0001310552100107,
    "primary_metric": "RMSE",
    "tabpfn_primary_score": 80937.77470144341,
    "eval_primary_value": 80983.14952006558,
    "eval_primary_delta": 45.37481862216373,
    "eval_primary_delta_pct": 0.05606136169364505,
    "secondary_metric": "R2_Score",
    "tabpfn_secondary_score": 0.9386201225076625,
    "eval_secondary_value": 0.9385512824264702,
    "eval_secondary_delta": -6.884008119223406e-05,
    "eval_secondary_delta_pct": -0.007334179136104348,
    "feat_share_embedded_pct": 0,
    "feat_share_raw_pct": 99.99999999999999,
    "feat_active_embedded_pct": 0,
    "feat_active_raw_pct": 100.0,
    "feat_cr5_pct": 68.80370745411545,
    "feat_cr10_pct": 93.08428999831607,
    "time_tuning_search_secs": 395.1536419391632,
    "time_train_secs": 0.9749870300292969,
    "time_infer_secs": 0.0025129318237304688,
    "time_train_secs_per_1K": 0.08847432214421933,
    "time_infer_secs_per_1K": 0.000911803999902202,
    "time_total_secs": 397.7570490837097
}