{
    "dataset": "miami_housing",
    "algorithm": "lightgbm",
    "mode": "raw-only",
    "task_type": "regression",
    "dataset_samples_count": 13776,
    "dataset_raw_features_count": 15,
    "feat_total_count": 15,
    "pca_n_components": 73,
    "optimal_trees": 1000,
    "tuning_completed": 26,
    "tuning_best_idx": 25,
    "tuning_val_score_0": 88982.50113272716,
    "tuning_val_score_best": 85667.00797082456,
    "tuning_overall_gain": 3315.493161902603,
    "tuning_gain_pct": 3.726005809790827,
    "eval_overfitting_ratio": 0.9745336712095541,
    "primary_metric": "RMSE",
    "tabpfn_primary_score": 80937.77470144341,
    "eval_primary_value": 83485.3837793458,
    "eval_primary_delta": 2547.60907790238,
    "eval_primary_delta_pct": 3.1476144325684636,
    "secondary_metric": "R2_Score",
    "tabpfn_secondary_score": 0.9386201225076625,
    "eval_secondary_value": 0.9346953067722836,
    "eval_secondary_delta": -0.003924815735378839,
    "eval_secondary_delta_pct": -0.4181474103594875,
    "feat_share_embedded_pct": 0,
    "feat_share_raw_pct": 100.0,
    "feat_active_embedded_pct": 0,
    "feat_active_raw_pct": 100.0,
    "feat_cr5_pct": 77.46178221686748,
    "feat_cr10_pct": 95.40147224147404,
    "time_tuning_search_secs": 199.68287181854248,
    "time_train_secs": 0.9123597145080566,
    "time_infer_secs": 0.019992589950561523,
    "time_train_secs_per_1K": 0.08279126265953328,
    "time_infer_secs_per_1K": 0.007254205352163107,
    "time_total_secs": 202.22885012626648
}