{
    "dataset": "sdss17",
    "algorithm": "catboost",
    "mode": "embed-only",
    "task_type": "multiclass",
    "dataset_samples_count": 78053,
    "dataset_raw_features_count": 11,
    "feat_total_count": 21,
    "pca_n_components": 21,
    "optimal_trees": 1000,
    "tuning_completed": 26,
    "tuning_best_idx": 13,
    "tuning_val_score_0": 0.13715986936514596,
    "tuning_val_score_best": 0.06728180351744294,
    "tuning_overall_gain": 0.06987806584770302,
    "tuning_gain_pct": 50.946436571526746,
    "eval_overfitting_ratio": 0.9899509715453156,
    "primary_metric": "Log_Loss",
    "tabpfn_primary_score": 0.06354347925948427,
    "eval_primary_value": 0.06660568675941367,
    "eval_primary_delta": 0.0030622074999294008,
    "eval_primary_delta_pct": 4.819074334007839,
    "secondary_metric": "Accuracy",
    "tabpfn_secondary_score": 0.9795016334635833,
    "eval_secondary_value": 0.978989174300173,
    "eval_secondary_delta": -0.0005124591634103615,
    "eval_secondary_delta_pct": -0.05231835720357827,
    "feat_share_embedded_pct": 99.99999999999997,
    "feat_share_raw_pct": 0,
    "feat_active_embedded_pct": 100.0,
    "feat_active_raw_pct": 0,
    "feat_cr5_pct": 79.92992060382048,
    "feat_cr10_pct": 90.76317001266965,
    "time_tuning_search_secs": 3084.3214263916016,
    "time_train_secs": 27.961719274520874,
    "time_infer_secs": 0.04703712463378906,
    "time_train_secs_per_1K": 0.4478030696409608,
    "time_infer_secs_per_1K": 0.003013075692382875,
    "time_total_secs": 3114.7322537899017
}