{
    "dataset": "e-commereshippingdata",
    "algorithm": "lightgbm",
    "mode": "raw-only",
    "task_type": "binary",
    "dataset_samples_count": 10999,
    "dataset_raw_features_count": 10,
    "feat_total_count": 10,
    "pca_n_components": 11,
    "optimal_trees": 144,
    "tuning_completed": 26,
    "tuning_best_idx": 17,
    "tuning_val_score_0": 0.25947471603532135,
    "tuning_val_score_best": 0.2507726043896067,
    "tuning_overall_gain": 0.00870211164571466,
    "tuning_gain_pct": 3.3537416587942523,
    "eval_overfitting_ratio": 1.0097427749655774,
    "primary_metric": "1-AUROC",
    "tabpfn_primary_score": 0.2576305284678151,
    "eval_primary_value": 0.2532158254417064,
    "eval_primary_delta": -0.004414703026108691,
    "eval_primary_delta_pct": -1.7135791524257205,
    "secondary_metric": "Accuracy",
    "tabpfn_secondary_score": 0.6822727272727273,
    "eval_secondary_value": 0.6777272727272727,
    "eval_secondary_delta": -0.004545454545454519,
    "eval_secondary_delta_pct": -0.6662225183211155,
    "feat_share_embedded_pct": 0,
    "feat_share_raw_pct": 100.00000000000001,
    "feat_active_embedded_pct": 0,
    "feat_active_raw_pct": 90.0,
    "feat_cr5_pct": 99.67364170059096,
    "feat_cr10_pct": 100.00000000000001,
    "time_tuning_search_secs": 31.657395362854004,
    "time_train_secs": 0.06014728546142578,
    "time_infer_secs": 0.0035598278045654297,
    "time_train_secs_per_1K": 0.006835695586024069,
    "time_infer_secs_per_1K": 0.0016181035475297406,
    "time_total_secs": 33.280927896499634
}