{
    "dataset": "mic",
    "algorithm": "catboost",
    "mode": "raw-only",
    "task_type": "multiclass",
    "dataset_samples_count": 1699,
    "dataset_raw_features_count": 111,
    "feat_total_count": 111,
    "pca_n_components": 30,
    "optimal_trees": 100,
    "tuning_completed": 3,
    "tuning_best_idx": 0,
    "tuning_val_score_0": 0.5182655883699627,
    "tuning_val_score_best": 0.5182655883699627,
    "tuning_overall_gain": 0.0,
    "tuning_gain_pct": 0.0,
    "eval_overfitting_ratio": 0.9137029300357119,
    "primary_metric": "Log_Loss",
    "tabpfn_primary_score": 0.45523432170328487,
    "eval_primary_value": 0.4735407866303171,
    "eval_primary_delta": 0.01830646492703225,
    "eval_primary_delta_pct": 4.021327930314564,
    "secondary_metric": "Accuracy",
    "tabpfn_secondary_score": 0.888235294117647,
    "eval_secondary_value": 0.8852941176470588,
    "eval_secondary_delta": -0.002941176470588225,
    "eval_secondary_delta_pct": -0.33112582781456834,
    "feat_share_embedded_pct": 0,
    "feat_share_raw_pct": 99.99999999999999,
    "feat_active_embedded_pct": 0,
    "feat_active_raw_pct": 40.54054054054054,
    "feat_cr5_pct": 39.384945255139556,
    "feat_cr10_pct": 60.13117265999419,
    "time_tuning_search_secs": 199.31930303573608,
    "time_train_secs": 26.333868265151978,
    "time_infer_secs": 0.026279926300048828,
    "time_train_secs_per_1K": 19.377386508573935,
    "time_infer_secs_per_1K": 0.07729390088249655,
    "time_total_secs": 230.03694987297058
}