{
    "dataset": "mic",
    "algorithm": "lightgbm",
    "mode": "combined",
    "task_type": "multiclass",
    "dataset_samples_count": 1699,
    "dataset_raw_features_count": 111,
    "feat_total_count": 141,
    "pca_n_components": 30,
    "optimal_trees": 339,
    "tuning_completed": 3,
    "tuning_best_idx": 2,
    "tuning_val_score_0": 0.4967387764071368,
    "tuning_val_score_best": 0.46346844440650115,
    "tuning_overall_gain": 0.03327033200063567,
    "tuning_gain_pct": 6.697752134688728,
    "eval_overfitting_ratio": 0.9708188725933606,
    "primary_metric": "Log_Loss",
    "tabpfn_primary_score": 0.45523432170328487,
    "eval_primary_value": 0.44994391268131806,
    "eval_primary_delta": -0.005290409021966813,
    "eval_primary_delta_pct": -1.1621287696789753,
    "secondary_metric": "Accuracy",
    "tabpfn_secondary_score": 0.888235294117647,
    "eval_secondary_value": 0.888235294117647,
    "eval_secondary_delta": 0.0,
    "eval_secondary_delta_pct": 0.0,
    "feat_share_embedded_pct": 59.35568399354847,
    "feat_share_raw_pct": 40.64431600645156,
    "feat_active_embedded_pct": 100.0,
    "feat_active_raw_pct": 72.07207207207207,
    "feat_cr5_pct": 39.24042439928214,
    "feat_cr10_pct": 49.096919180034455,
    "time_tuning_search_secs": 81.41415214538574,
    "time_train_secs": 2.9573919773101807,
    "time_infer_secs": 0.046898841857910156,
    "time_train_secs_per_1K": 2.1761530370200006,
    "time_infer_secs_per_1K": 0.137937770170324,
    "time_total_secs": 89.19978594779968
}