{
    "dataset": "wine_quality",
    "algorithm": "xgboost",
    "mode": "embed-only",
    "task_type": "regression",
    "dataset_samples_count": 6497,
    "dataset_raw_features_count": 12,
    "feat_total_count": 25,
    "pca_n_components": 25,
    "optimal_trees": 75,
    "tuning_completed": 3,
    "tuning_best_idx": 2,
    "tuning_val_score_0": 0.6050807051258037,
    "tuning_val_score_best": 0.5883955147740894,
    "tuning_overall_gain": 0.01668519035171434,
    "tuning_gain_pct": 2.757514858822888,
    "eval_overfitting_ratio": 0.9618368680188425,
    "primary_metric": "RMSE",
    "tabpfn_primary_score": 0.5665150098489219,
    "eval_primary_value": 0.5659404990866447,
    "eval_primary_delta": -0.0005745107622772139,
    "eval_primary_delta_pct": -0.10141139286502299,
    "secondary_metric": "R2_Score",
    "tabpfn_secondary_score": 0.5709894261223469,
    "eval_secondary_value": 0.5718591161132787,
    "eval_secondary_delta": 0.0008696899909317324,
    "eval_secondary_delta_pct": 0.15231280145376674,
    "feat_share_embedded_pct": 100.00000000000001,
    "feat_share_raw_pct": 0,
    "feat_active_embedded_pct": 100.0,
    "feat_active_raw_pct": 0,
    "feat_cr5_pct": 88.01699601231968,
    "feat_cr10_pct": 94.04433346955271,
    "time_tuning_search_secs": 58.326507568359375,
    "time_train_secs": 0.11161637306213379,
    "time_infer_secs": 0.0009570121765136719,
    "time_train_secs_per_1K": 0.021477077749111756,
    "time_infer_secs_per_1K": 0.0007361632127028245,
    "time_total_secs": 62.97751307487488
}