{
    "dataset": "churn",
    "algorithm": "lightgbm",
    "mode": "raw-only",
    "task_type": "binary",
    "dataset_samples_count": 5000,
    "dataset_raw_features_count": 19,
    "feat_total_count": 19,
    "pca_n_components": 20,
    "optimal_trees": 119,
    "tuning_completed": 3,
    "tuning_best_idx": 0,
    "tuning_val_score_0": 0.07522192037136355,
    "tuning_val_score_best": 0.07522192037136355,
    "tuning_overall_gain": 0.0,
    "tuning_gain_pct": 0.0,
    "eval_overfitting_ratio": 1.3246910261812876,
    "primary_metric": "1-AUROC",
    "tabpfn_primary_score": 0.08595678630107573,
    "eval_primary_value": 0.09964580288806868,
    "eval_primary_delta": 0.013689016586992953,
    "eval_primary_delta_pct": 15.92546345211796,
    "secondary_metric": "Accuracy",
    "tabpfn_secondary_score": 0.973,
    "eval_secondary_value": 0.95,
    "eval_secondary_delta": -0.02300000000000002,
    "eval_secondary_delta_pct": -2.3638232271325816,
    "feat_share_embedded_pct": 0,
    "feat_share_raw_pct": 99.99999999999999,
    "feat_active_embedded_pct": 0,
    "feat_active_raw_pct": 89.47368421052632,
    "feat_cr5_pct": 70.53661891313564,
    "feat_cr10_pct": 90.78754768019945,
    "time_tuning_search_secs": 10.862385511398315,
    "time_train_secs": 0.21335101127624512,
    "time_infer_secs": 0.0046367645263671875,
    "time_train_secs_per_1K": 0.05333775281906128,
    "time_infer_secs_per_1K": 0.0046367645263671875,
    "time_total_secs": 15.979122400283813
}