{
    "dataset": "mic",
    "algorithm": "xgboost",
    "mode": "embed-only",
    "task_type": "multiclass",
    "dataset_samples_count": 1699,
    "dataset_raw_features_count": 111,
    "feat_total_count": 30,
    "pca_n_components": 30,
    "optimal_trees": 100,
    "tuning_completed": 3,
    "tuning_best_idx": 2,
    "tuning_val_score_0": 0.501191163440611,
    "tuning_val_score_best": 0.4719766355074101,
    "tuning_overall_gain": 0.029214527933200896,
    "tuning_gain_pct": 5.829018958085181,
    "eval_overfitting_ratio": 0.9864349200750536,
    "primary_metric": "Log_Loss",
    "tabpfn_primary_score": 0.45523432170328487,
    "eval_primary_value": 0.4655742347240448,
    "eval_primary_delta": 0.010339913020759928,
    "eval_primary_delta_pct": 2.2713386332718852,
    "secondary_metric": "Accuracy",
    "tabpfn_secondary_score": 0.888235294117647,
    "eval_secondary_value": 0.8852941176470588,
    "eval_secondary_delta": -0.002941176470588225,
    "eval_secondary_delta_pct": -0.33112582781456834,
    "feat_share_embedded_pct": 99.99999999999997,
    "feat_share_raw_pct": 0,
    "feat_active_embedded_pct": 100.0,
    "feat_active_raw_pct": 0,
    "feat_cr5_pct": 56.28757671354629,
    "feat_cr10_pct": 69.024047649126,
    "time_tuning_search_secs": 83.29210090637207,
    "time_train_secs": 0.8099894523620605,
    "time_infer_secs": 0.001676797866821289,
    "time_train_secs_per_1K": 0.5960187287432381,
    "time_infer_secs_per_1K": 0.00493175843182732,
    "time_total_secs": 88.6015522480011
}