{
    "dataset": "wine_quality",
    "algorithm": "lightgbm",
    "mode": "embed-only",
    "task_type": "regression",
    "dataset_samples_count": 6497,
    "dataset_raw_features_count": 12,
    "feat_total_count": 25,
    "pca_n_components": 25,
    "optimal_trees": 596,
    "tuning_completed": 3,
    "tuning_best_idx": 2,
    "tuning_val_score_0": 0.5943419323099393,
    "tuning_val_score_best": 0.5874939163497647,
    "tuning_overall_gain": 0.006848015960174592,
    "tuning_gain_pct": 1.1522013823859676,
    "eval_overfitting_ratio": 0.9663228546034305,
    "primary_metric": "RMSE",
    "tabpfn_primary_score": 0.5665150098489219,
    "eval_primary_value": 0.5677087983092536,
    "eval_primary_delta": 0.0011937884603316906,
    "eval_primary_delta_pct": 0.21072494807331757,
    "secondary_metric": "R2_Score",
    "tabpfn_secondary_score": 0.5709894261223469,
    "eval_secondary_value": 0.5691794564826678,
    "eval_secondary_delta": -0.0018099696396791654,
    "eval_secondary_delta_pct": -0.3169882938062219,
    "feat_share_embedded_pct": 100.00000000000001,
    "feat_share_raw_pct": 0,
    "feat_active_embedded_pct": 100.0,
    "feat_active_raw_pct": 0,
    "feat_cr5_pct": 87.08975753275122,
    "feat_cr10_pct": 95.3114243006222,
    "time_tuning_search_secs": 13.577738523483276,
    "time_train_secs": 0.3180501461029053,
    "time_infer_secs": 0.005673646926879883,
    "time_train_secs_per_1K": 0.061198796633231724,
    "time_infer_secs_per_1K": 0.004364343789907602,
    "time_total_secs": 18.66488003730774
}