{
    "dataset": "mic",
    "algorithm": "lightgbm",
    "mode": "embed-only",
    "task_type": "multiclass",
    "dataset_samples_count": 1699,
    "dataset_raw_features_count": 111,
    "feat_total_count": 30,
    "pca_n_components": 30,
    "optimal_trees": 290,
    "tuning_completed": 3,
    "tuning_best_idx": 2,
    "tuning_val_score_0": 0.508665642854301,
    "tuning_val_score_best": 0.48872699935833197,
    "tuning_overall_gain": 0.019938643495969077,
    "tuning_gain_pct": 3.919793635773465,
    "eval_overfitting_ratio": 0.9755024143244333,
    "primary_metric": "Log_Loss",
    "tabpfn_primary_score": 0.45523432170328487,
    "eval_primary_value": 0.4767543678195886,
    "eval_primary_delta": 0.021520046116303704,
    "eval_primary_delta_pct": 4.727245967699719,
    "secondary_metric": "Accuracy",
    "tabpfn_secondary_score": 0.888235294117647,
    "eval_secondary_value": 0.8852941176470588,
    "eval_secondary_delta": -0.002941176470588225,
    "eval_secondary_delta_pct": -0.33112582781456834,
    "feat_share_embedded_pct": 100.0,
    "feat_share_raw_pct": 0,
    "feat_active_embedded_pct": 100.0,
    "feat_active_raw_pct": 0,
    "feat_cr5_pct": 51.04295837893827,
    "feat_cr10_pct": 64.22827210988567,
    "time_tuning_search_secs": 47.12829899787903,
    "time_train_secs": 0.8907058238983154,
    "time_infer_secs": 0.005722999572753906,
    "time_train_secs_per_1K": 0.6554126739501953,
    "time_infer_secs_per_1K": 0.016832351684570312,
    "time_total_secs": 52.79590654373169
}