{
    "dataset": "churn",
    "algorithm": "lightgbm",
    "mode": "combined",
    "task_type": "binary",
    "dataset_samples_count": 5000,
    "dataset_raw_features_count": 19,
    "feat_total_count": 39,
    "pca_n_components": 20,
    "optimal_trees": 114,
    "tuning_completed": 3,
    "tuning_best_idx": 0,
    "tuning_val_score_0": 0.05771567770585129,
    "tuning_val_score_best": 0.05771567770585129,
    "tuning_overall_gain": 0.0,
    "tuning_gain_pct": 0.0,
    "eval_overfitting_ratio": 1.4827339455700217,
    "primary_metric": "1-AUROC",
    "tabpfn_primary_score": 0.08595678630107573,
    "eval_primary_value": 0.08557699452604461,
    "eval_primary_delta": -0.00037979177503111305,
    "eval_primary_delta_pct": -0.44184036115640596,
    "secondary_metric": "Accuracy",
    "tabpfn_secondary_score": 0.973,
    "eval_secondary_value": 0.972,
    "eval_secondary_delta": -0.0010000000000000009,
    "eval_secondary_delta_pct": -0.1027749229188079,
    "feat_share_embedded_pct": 92.31108385543627,
    "feat_share_raw_pct": 7.688916144563724,
    "feat_active_embedded_pct": 100.0,
    "feat_active_raw_pct": 89.47368421052632,
    "feat_cr5_pct": 77.91418899993617,
    "feat_cr10_pct": 84.80363787566651,
    "time_tuning_search_secs": 35.8645658493042,
    "time_train_secs": 0.3268868923187256,
    "time_infer_secs": 0.004784584045410156,
    "time_train_secs_per_1K": 0.0817217230796814,
    "time_infer_secs_per_1K": 0.004784584045410156,
    "time_total_secs": 41.67192077636719
}