{
    "dataset": "mic",
    "algorithm": "xgboost",
    "mode": "raw-only",
    "task_type": "multiclass",
    "dataset_samples_count": 1699,
    "dataset_raw_features_count": 111,
    "feat_total_count": 111,
    "pca_n_components": 30,
    "optimal_trees": 178,
    "tuning_completed": 3,
    "tuning_best_idx": 2,
    "tuning_val_score_0": 0.4801403465396811,
    "tuning_val_score_best": 0.4472591575007444,
    "tuning_overall_gain": 0.032881189038936665,
    "tuning_gain_pct": 6.8482453674030515,
    "eval_overfitting_ratio": 0.9943275139993912,
    "primary_metric": "Log_Loss",
    "tabpfn_primary_score": 0.45523432170328487,
    "eval_primary_value": 0.44472208619117737,
    "eval_primary_delta": -0.010512235512107504,
    "eval_primary_delta_pct": -2.3091922139735384,
    "secondary_metric": "Accuracy",
    "tabpfn_secondary_score": 0.888235294117647,
    "eval_secondary_value": 0.888235294117647,
    "eval_secondary_delta": 0.0,
    "eval_secondary_delta_pct": 0.0,
    "feat_share_embedded_pct": 0,
    "feat_share_raw_pct": 99.99999999999997,
    "feat_active_embedded_pct": 0,
    "feat_active_raw_pct": 87.38738738738738,
    "feat_cr5_pct": 38.3430461769639,
    "feat_cr10_pct": 56.01405169093533,
    "time_tuning_search_secs": 75.20940065383911,
    "time_train_secs": 1.1276402473449707,
    "time_infer_secs": 0.005789041519165039,
    "time_train_secs_per_1K": 0.8297573563980652,
    "time_infer_secs_per_1K": 0.017026592703426584,
    "time_total_secs": 81.15879797935486
}