{
    "dataset": "wine_quality",
    "algorithm": "xgboost",
    "mode": "combined",
    "task_type": "regression",
    "dataset_samples_count": 6497,
    "dataset_raw_features_count": 12,
    "feat_total_count": 37,
    "pca_n_components": 25,
    "optimal_trees": 79,
    "tuning_completed": 3,
    "tuning_best_idx": 2,
    "tuning_val_score_0": 0.6061802600865427,
    "tuning_val_score_best": 0.591506288592496,
    "tuning_overall_gain": 0.0146739714940467,
    "tuning_gain_pct": 2.420727374387239,
    "eval_overfitting_ratio": 0.9588430507454491,
    "primary_metric": "RMSE",
    "tabpfn_primary_score": 0.5665150098489219,
    "eval_primary_value": 0.5671616942891469,
    "eval_primary_delta": 0.0006466844402249761,
    "eval_primary_delta_pct": 0.1141513338538786,
    "secondary_metric": "R2_Score",
    "tabpfn_secondary_score": 0.5709894261223469,
    "eval_secondary_value": 0.5700094245140483,
    "eval_secondary_delta": -0.0009800016082985863,
    "eval_secondary_delta_pct": -0.17163218151934737,
    "feat_share_embedded_pct": 95.93677237180087,
    "feat_share_raw_pct": 4.063227628199137,
    "feat_active_embedded_pct": 100.0,
    "feat_active_raw_pct": 91.66666666666666,
    "feat_cr5_pct": 86.61069544088703,
    "feat_cr10_pct": 91.94658233171936,
    "time_tuning_search_secs": 57.99923062324524,
    "time_train_secs": 0.1372067928314209,
    "time_infer_secs": 0.000985860824584961,
    "time_train_secs_per_1K": 0.026401153132849894,
    "time_infer_secs_per_1K": 0.0007583544804499699,
    "time_total_secs": 62.70375394821167
}