{
    "dataset": "mic",
    "algorithm": "catboost",
    "mode": "combined",
    "task_type": "multiclass",
    "dataset_samples_count": 1699,
    "dataset_raw_features_count": 111,
    "feat_total_count": 141,
    "pca_n_components": 30,
    "optimal_trees": 211,
    "tuning_completed": 3,
    "tuning_best_idx": 2,
    "tuning_val_score_0": 0.5064334716598597,
    "tuning_val_score_best": 0.49626992324800984,
    "tuning_overall_gain": 0.01016354841184991,
    "tuning_gain_pct": 2.0068871787914015,
    "eval_overfitting_ratio": 0.9821108798047462,
    "primary_metric": "Log_Loss",
    "tabpfn_primary_score": 0.45523432170328487,
    "eval_primary_value": 0.4873920909417368,
    "eval_primary_delta": 0.03215776923845193,
    "eval_primary_delta_pct": 7.06400368015571,
    "secondary_metric": "Accuracy",
    "tabpfn_secondary_score": 0.888235294117647,
    "eval_secondary_value": 0.8941176470588236,
    "eval_secondary_delta": 0.005882352941176561,
    "eval_secondary_delta_pct": 0.6622516556291492,
    "feat_share_embedded_pct": 49.89310993237189,
    "feat_share_raw_pct": 50.106890067628115,
    "feat_active_embedded_pct": 100.0,
    "feat_active_raw_pct": 80.18018018018019,
    "feat_cr5_pct": 21.815347818444724,
    "feat_cr10_pct": 32.070884867021434,
    "time_tuning_search_secs": 237.49632859230042,
    "time_train_secs": 1.7841155529022217,
    "time_infer_secs": 0.019321441650390625,
    "time_train_secs_per_1K": 1.3128149763813257,
    "time_infer_secs_per_1K": 0.05682776955997242,
    "time_total_secs": 243.56148767471313
}