{
    "dataset": "mic",
    "algorithm": "lightgbm",
    "mode": "raw-only",
    "task_type": "multiclass",
    "dataset_samples_count": 1699,
    "dataset_raw_features_count": 111,
    "feat_total_count": 111,
    "pca_n_components": 30,
    "optimal_trees": 433,
    "tuning_completed": 3,
    "tuning_best_idx": 2,
    "tuning_val_score_0": 0.5052441853452987,
    "tuning_val_score_best": 0.45678142806173616,
    "tuning_overall_gain": 0.04846275728356253,
    "tuning_gain_pct": 9.591947555109746,
    "eval_overfitting_ratio": 0.9670344367275373,
    "primary_metric": "Log_Loss",
    "tabpfn_primary_score": 0.45523432170328487,
    "eval_primary_value": 0.44172337099328113,
    "eval_primary_delta": -0.013510950710003744,
    "eval_primary_delta_pct": -2.9679112636876237,
    "secondary_metric": "Accuracy",
    "tabpfn_secondary_score": 0.888235294117647,
    "eval_secondary_value": 0.8911764705882353,
    "eval_secondary_delta": 0.002941176470588336,
    "eval_secondary_delta_pct": 0.33112582781458083,
    "feat_share_embedded_pct": 0,
    "feat_share_raw_pct": 100.00000000000001,
    "feat_active_embedded_pct": 0,
    "feat_active_raw_pct": 88.28828828828829,
    "feat_cr5_pct": 36.829090825462906,
    "feat_cr10_pct": 54.95441441526503,
    "time_tuning_search_secs": 46.019514322280884,
    "time_train_secs": 1.8005836009979248,
    "time_infer_secs": 0.04146432876586914,
    "time_train_secs_per_1K": 1.3249327453995032,
    "time_infer_secs_per_1K": 0.12195390813490922,
    "time_total_secs": 52.81404733657837
}