{
    "dataset": "churn",
    "algorithm": "catboost",
    "mode": "combined",
    "task_type": "binary",
    "dataset_samples_count": 5000,
    "dataset_raw_features_count": 19,
    "feat_total_count": 39,
    "pca_n_components": 20,
    "optimal_trees": 100,
    "tuning_completed": 3,
    "tuning_best_idx": 0,
    "tuning_val_score_0": 0.06192653017906857,
    "tuning_val_score_best": 0.06192653017906857,
    "tuning_overall_gain": 0.0,
    "tuning_gain_pct": 0.0,
    "eval_overfitting_ratio": 1.2015231972340772,
    "primary_metric": "1-AUROC",
    "tabpfn_primary_score": 0.08595678630107573,
    "eval_primary_value": 0.07440616253436705,
    "eval_primary_delta": -0.011550623766708679,
    "eval_primary_delta_pct": -13.437710114302082,
    "secondary_metric": "Accuracy",
    "tabpfn_secondary_score": 0.973,
    "eval_secondary_value": 0.974,
    "eval_secondary_delta": 0.0010000000000000009,
    "eval_secondary_delta_pct": 0.1027749229188079,
    "feat_share_embedded_pct": 84.34357376310169,
    "feat_share_raw_pct": 15.656426236898296,
    "feat_active_embedded_pct": 100.0,
    "feat_active_raw_pct": 100.0,
    "feat_cr5_pct": 56.792342711721034,
    "feat_cr10_pct": 71.26840630036835,
    "time_tuning_search_secs": 17.527105569839478,
    "time_train_secs": 1.0746006965637207,
    "time_infer_secs": 0.01968693733215332,
    "time_train_secs_per_1K": 0.2686501741409302,
    "time_infer_secs_per_1K": 0.01968693733215332,
    "time_total_secs": 23.27009415626526
}