{
    "dataset": "mic",
    "algorithm": "xgboost",
    "mode": "combined",
    "task_type": "multiclass",
    "dataset_samples_count": 1699,
    "dataset_raw_features_count": 111,
    "feat_total_count": 141,
    "pca_n_components": 30,
    "optimal_trees": 109,
    "tuning_completed": 3,
    "tuning_best_idx": 2,
    "tuning_val_score_0": 0.48362111593309753,
    "tuning_val_score_best": 0.45321415044230595,
    "tuning_overall_gain": 0.030406965490791582,
    "tuning_gain_pct": 6.287352741437778,
    "eval_overfitting_ratio": 0.9895037950853843,
    "primary_metric": "Log_Loss",
    "tabpfn_primary_score": 0.45523432170328487,
    "eval_primary_value": 0.44845712184906006,
    "eval_primary_delta": -0.0067771998542248135,
    "eval_primary_delta_pct": -1.4887277894310647,
    "secondary_metric": "Accuracy",
    "tabpfn_secondary_score": 0.888235294117647,
    "eval_secondary_value": 0.888235294117647,
    "eval_secondary_delta": 0.0,
    "eval_secondary_delta_pct": 0.0,
    "feat_share_embedded_pct": 56.92932865419329,
    "feat_share_raw_pct": 43.0706713458067,
    "feat_active_embedded_pct": 100.0,
    "feat_active_raw_pct": 83.78378378378379,
    "feat_cr5_pct": 41.490172520659186,
    "feat_cr10_pct": 51.397039441214986,
    "time_tuning_search_secs": 123.5077588558197,
    "time_train_secs": 1.316129207611084,
    "time_infer_secs": 0.0028030872344970703,
    "time_train_secs_per_1K": 0.9684541630692303,
    "time_infer_secs_per_1K": 0.00824437421910903,
    "time_total_secs": 129.81203246116638
}