{
    "dataset": "mic",
    "algorithm": "catboost",
    "mode": "embed-only",
    "task_type": "multiclass",
    "dataset_samples_count": 1699,
    "dataset_raw_features_count": 111,
    "feat_total_count": 30,
    "pca_n_components": 30,
    "optimal_trees": 100,
    "tuning_completed": 3,
    "tuning_best_idx": 0,
    "tuning_val_score_0": 0.5120873466978634,
    "tuning_val_score_best": 0.5120873466978634,
    "tuning_overall_gain": 0.0,
    "tuning_gain_pct": 0.0,
    "eval_overfitting_ratio": 0.9664259266067026,
    "primary_metric": "Log_Loss",
    "tabpfn_primary_score": 0.45523432170328487,
    "eval_primary_value": 0.4948944885360504,
    "eval_primary_delta": 0.03966016683276552,
    "eval_primary_delta_pct": 8.712033548871002,
    "secondary_metric": "Accuracy",
    "tabpfn_secondary_score": 0.888235294117647,
    "eval_secondary_value": 0.8794117647058823,
    "eval_secondary_delta": -0.008823529411764675,
    "eval_secondary_delta_pct": -0.9933774834437051,
    "feat_share_embedded_pct": 100.0,
    "feat_share_raw_pct": 0,
    "feat_active_embedded_pct": 100.0,
    "feat_active_raw_pct": 0,
    "feat_cr5_pct": 43.73295512416926,
    "feat_cr10_pct": 60.18815996183035,
    "time_tuning_search_secs": 40.72403597831726,
    "time_train_secs": 2.604482889175415,
    "time_infer_secs": 0.013149261474609375,
    "time_train_secs_per_1K": 1.916470117126869,
    "time_infer_secs_per_1K": 0.038674298454733455,
    "time_total_secs": 48.3275580406189
}