{
    "dataset": "taiwanese_bankruptcy_prediction",
    "algorithm": "xgboost",
    "mode": "combined",
    "task_type": "binary",
    "dataset_samples_count": 6819,
    "dataset_raw_features_count": 94,
    "feat_total_count": 126,
    "pca_n_components": 32,
    "optimal_trees": 705,
    "tuning_completed": 26,
    "tuning_best_idx": 15,
    "tuning_val_score_0": 0.05449777294255842,
    "tuning_val_score_best": 0.04592075395979378,
    "tuning_overall_gain": 0.00857701898276464,
    "tuning_gain_pct": 15.738292630425398,
    "eval_overfitting_ratio": 0.8241230675396735,
    "primary_metric": "1-AUROC",
    "tabpfn_primary_score": 0.0431818181818181,
    "eval_primary_value": 0.03784435261707986,
    "eval_primary_delta": -0.005337465564738242,
    "eval_primary_delta_pct": -12.360446570972794,
    "secondary_metric": "Accuracy",
    "tabpfn_secondary_score": 0.9736070381231672,
    "eval_secondary_value": 0.9772727272727273,
    "eval_secondary_delta": 0.003665689149560114,
    "eval_secondary_delta_pct": 0.3765060240963852,
    "feat_share_embedded_pct": 23.556258848055677,
    "feat_share_raw_pct": 76.44374115194432,
    "feat_active_embedded_pct": 100.0,
    "feat_active_raw_pct": 98.93617021276596,
    "feat_cr5_pct": 32.54284601883732,
    "feat_cr10_pct": 43.31410334665208,
    "time_tuning_search_secs": 496.78529810905457,
    "time_train_secs": 2.173865795135498,
    "time_infer_secs": 0.004271745681762695,
    "time_train_secs_per_1K": 0.39850885337039377,
    "time_infer_secs_per_1K": 0.0031317783590635593,
    "time_total_secs": 500.84482288360596
}