{
    "dataset": "taiwanese_bankruptcy_prediction",
    "algorithm": "xgboost",
    "mode": "raw-only",
    "task_type": "binary",
    "dataset_samples_count": 6819,
    "dataset_raw_features_count": 94,
    "feat_total_count": 94,
    "pca_n_components": 32,
    "optimal_trees": 157,
    "tuning_completed": 26,
    "tuning_best_idx": 25,
    "tuning_val_score_0": 0.05585780901858972,
    "tuning_val_score_best": 0.04922657827411925,
    "tuning_overall_gain": 0.006631230744470473,
    "tuning_gain_pct": 11.871627013267869,
    "eval_overfitting_ratio": 0.8513229025437956,
    "primary_metric": "1-AUROC",
    "tabpfn_primary_score": 0.0431818181818181,
    "eval_primary_value": 0.041907713498622545,
    "eval_primary_delta": -0.0012741046831955538,
    "eval_primary_delta_pct": -2.950558213716025,
    "secondary_metric": "Accuracy",
    "tabpfn_secondary_score": 0.9736070381231672,
    "eval_secondary_value": 0.9765395894428153,
    "eval_secondary_delta": 0.0029325513196480912,
    "eval_secondary_delta_pct": 0.3012048192771081,
    "feat_share_embedded_pct": 0,
    "feat_share_raw_pct": 99.99999999999996,
    "feat_active_embedded_pct": 0,
    "feat_active_raw_pct": 98.93617021276596,
    "feat_cr5_pct": 30.85043332394547,
    "feat_cr10_pct": 42.73347931923296,
    "time_tuning_search_secs": 223.6081485748291,
    "time_train_secs": 0.4089508056640625,
    "time_infer_secs": 0.0013115406036376953,
    "time_train_secs_per_1K": 0.0749680670328254,
    "time_infer_secs_per_1K": 0.0009615400319924451,
    "time_total_secs": 225.75582098960876
}