{
    "dataset": "taiwanese_bankruptcy_prediction",
    "algorithm": "catboost",
    "mode": "embed-only",
    "task_type": "binary",
    "dataset_samples_count": 6819,
    "dataset_raw_features_count": 94,
    "feat_total_count": 32,
    "pca_n_components": 32,
    "optimal_trees": 525,
    "tuning_completed": 26,
    "tuning_best_idx": 16,
    "tuning_val_score_0": 0.06043869164816873,
    "tuning_val_score_best": 0.052508574850449685,
    "tuning_overall_gain": 0.007930116797719045,
    "tuning_gain_pct": 13.120927309086323,
    "eval_overfitting_ratio": 0.7112179568513685,
    "primary_metric": "1-AUROC",
    "tabpfn_primary_score": 0.0431818181818181,
    "eval_primary_value": 0.03734504132231398,
    "eval_primary_delta": -0.0058367768595041225,
    "eval_primary_delta_pct": -13.516746411483258,
    "secondary_metric": "Accuracy",
    "tabpfn_secondary_score": 0.9736070381231672,
    "eval_secondary_value": 0.9728739002932552,
    "eval_secondary_delta": -0.0007331378299120228,
    "eval_secondary_delta_pct": -0.07530120481927703,
    "feat_share_embedded_pct": 100.00000000000006,
    "feat_share_raw_pct": 0,
    "feat_active_embedded_pct": 100.0,
    "feat_active_raw_pct": 0,
    "feat_cr5_pct": 37.07041002012378,
    "feat_cr10_pct": 54.3129266600513,
    "time_tuning_search_secs": 438.38984990119934,
    "time_train_secs": 5.842220067977905,
    "time_infer_secs": 0.0069811344146728516,
    "time_train_secs_per_1K": 1.070984430426747,
    "time_infer_secs_per_1K": 0.005118133735097398,
    "time_total_secs": 446.32808089256287
}