{
    "dataset": "wine_quality",
    "algorithm": "lightgbm",
    "mode": "combined",
    "task_type": "regression",
    "dataset_samples_count": 6497,
    "dataset_raw_features_count": 12,
    "feat_total_count": 37,
    "pca_n_components": 25,
    "optimal_trees": 523,
    "tuning_completed": 3,
    "tuning_best_idx": 2,
    "tuning_val_score_0": 0.5958767401753824,
    "tuning_val_score_best": 0.5884545189670204,
    "tuning_overall_gain": 0.007422221208362001,
    "tuning_gain_pct": 1.2455967330051252,
    "eval_overfitting_ratio": 0.9676012697556798,
    "primary_metric": "RMSE",
    "tabpfn_primary_score": 0.5665150098489219,
    "eval_primary_value": 0.5693893397459567,
    "eval_primary_delta": 0.002874329897034844,
    "eval_primary_delta_pct": 0.5073704751091008,
    "secondary_metric": "R2_Score",
    "tabpfn_secondary_score": 0.5709894261223469,
    "eval_secondary_value": 0.566625036352369,
    "eval_secondary_delta": -0.004364389769977883,
    "eval_secondary_delta_pct": -0.7643556203162889,
    "feat_share_embedded_pct": 90.03991732258078,
    "feat_share_raw_pct": 9.960082677419225,
    "feat_active_embedded_pct": 100.0,
    "feat_active_raw_pct": 91.66666666666666,
    "feat_cr5_pct": 81.43884611817832,
    "feat_cr10_pct": 93.39353906917995,
    "time_tuning_search_secs": 16.89478850364685,
    "time_train_secs": 0.5457971096038818,
    "time_infer_secs": 0.012694120407104492,
    "time_train_secs_per_1K": 0.10502157198458377,
    "time_infer_secs_per_1K": 0.009764708005464993,
    "time_total_secs": 21.700115442276
}