{
    "dataset": "wine_quality",
    "algorithm": "catboost",
    "mode": "combined",
    "task_type": "regression",
    "dataset_samples_count": 6497,
    "dataset_raw_features_count": 12,
    "feat_total_count": 37,
    "pca_n_components": 25,
    "optimal_trees": 949,
    "tuning_completed": 3,
    "tuning_best_idx": 1,
    "tuning_val_score_0": 0.6888244192692483,
    "tuning_val_score_best": 0.5842789792686643,
    "tuning_overall_gain": 0.10454544000058397,
    "tuning_gain_pct": 15.177371341087598,
    "eval_overfitting_ratio": 0.9732608214365792,
    "primary_metric": "RMSE",
    "tabpfn_primary_score": 0.5665150098489219,
    "eval_primary_value": 0.5686558393111463,
    "eval_primary_delta": 0.0021408294622243806,
    "eval_primary_delta_pct": 0.3778945703124965,
    "secondary_metric": "R2_Score",
    "tabpfn_secondary_score": 0.5709894261223469,
    "eval_secondary_value": 0.5677408843371081,
    "eval_secondary_delta": -0.003248541785238812,
    "eval_secondary_delta_pct": -0.5689320391272431,
    "feat_share_embedded_pct": 90.89384061534989,
    "feat_share_raw_pct": 9.106159384650084,
    "feat_active_embedded_pct": 100.0,
    "feat_active_raw_pct": 100.0,
    "feat_cr5_pct": 76.06847396173801,
    "feat_cr10_pct": 84.88698700448627,
    "time_tuning_search_secs": 27.794137239456177,
    "time_train_secs": 3.317593574523926,
    "time_infer_secs": 0.007199525833129883,
    "time_train_secs_per_1K": 0.6383670530159564,
    "time_infer_secs_per_1K": 0.005538096794715295,
    "time_total_secs": 34.96610426902771
}