{
    "dataset": "wine_quality",
    "algorithm": "lightgbm",
    "mode": "raw-only",
    "task_type": "regression",
    "dataset_samples_count": 6497,
    "dataset_raw_features_count": 12,
    "feat_total_count": 12,
    "pca_n_components": 25,
    "optimal_trees": 532,
    "tuning_completed": 3,
    "tuning_best_idx": 0,
    "tuning_val_score_0": 0.6333112552032534,
    "tuning_val_score_best": 0.6333112552032534,
    "tuning_overall_gain": 0.0,
    "tuning_gain_pct": 0.0,
    "eval_overfitting_ratio": 0.9573781107979668,
    "primary_metric": "RMSE",
    "tabpfn_primary_score": 0.5665150098489219,
    "eval_primary_value": 0.6063183330535797,
    "eval_primary_delta": 0.03980332320465785,
    "eval_primary_delta_pct": 7.025996224755385,
    "secondary_metric": "R2_Score",
    "tabpfn_secondary_score": 0.5709894261223469,
    "eval_secondary_value": 0.5085870981513412,
    "eval_secondary_delta": -0.062402327971005755,
    "eval_secondary_delta_pct": -10.928806229352958,
    "feat_share_embedded_pct": 0,
    "feat_share_raw_pct": 100.0,
    "feat_active_embedded_pct": 0,
    "feat_active_raw_pct": 100.0,
    "feat_cr5_pct": 62.615786530604986,
    "feat_cr10_pct": 94.93866327252543,
    "time_tuning_search_secs": 23.21686029434204,
    "time_train_secs": 0.545081615447998,
    "time_infer_secs": 0.017844676971435547,
    "time_train_secs_per_1K": 0.10488389752703445,
    "time_infer_secs_per_1K": 0.013726674593411958,
    "time_total_secs": 27.560550928115845
}