{
    "dataset": "churn",
    "algorithm": "xgboost",
    "mode": "embed-only",
    "task_type": "binary",
    "dataset_samples_count": 5000,
    "dataset_raw_features_count": 19,
    "feat_total_count": 20,
    "pca_n_components": 20,
    "optimal_trees": 77,
    "tuning_completed": 3,
    "tuning_best_idx": 0,
    "tuning_val_score_0": 0.04662722295173982,
    "tuning_val_score_best": 0.04662722295173982,
    "tuning_overall_gain": 0.0,
    "tuning_gain_pct": 0.0,
    "eval_overfitting_ratio": 1.828615304470233,
    "primary_metric": "1-AUROC",
    "tabpfn_primary_score": 0.08595678630107573,
    "eval_primary_value": 0.08526325349449715,
    "eval_primary_delta": -0.0006935328065785784,
    "eval_primary_delta_pct": -0.8068389203725955,
    "secondary_metric": "Accuracy",
    "tabpfn_secondary_score": 0.973,
    "eval_secondary_value": 0.971,
    "eval_secondary_delta": -0.0020000000000000018,
    "eval_secondary_delta_pct": -0.2055498458376158,
    "feat_share_embedded_pct": 99.99999999999999,
    "feat_share_raw_pct": 0,
    "feat_active_embedded_pct": 100.0,
    "feat_active_raw_pct": 0,
    "feat_cr5_pct": 79.87700774027776,
    "feat_cr10_pct": 88.96526128846261,
    "time_tuning_search_secs": 57.36705660820007,
    "time_train_secs": 0.23299574851989746,
    "time_infer_secs": 0.0016481876373291016,
    "time_train_secs_per_1K": 0.058248937129974365,
    "time_infer_secs_per_1K": 0.0016481876373291016,
    "time_total_secs": 61.47367811203003
}