{
    "dataset": "wine_quality",
    "algorithm": "catboost",
    "mode": "embed-only",
    "task_type": "regression",
    "dataset_samples_count": 6497,
    "dataset_raw_features_count": 12,
    "feat_total_count": 25,
    "pca_n_components": 25,
    "optimal_trees": 854,
    "tuning_completed": 3,
    "tuning_best_idx": 1,
    "tuning_val_score_0": 0.6844832853004008,
    "tuning_val_score_best": 0.5838568514283655,
    "tuning_overall_gain": 0.10062643387203529,
    "tuning_gain_pct": 14.701079782813562,
    "eval_overfitting_ratio": 0.9727653000087292,
    "primary_metric": "RMSE",
    "tabpfn_primary_score": 0.5665150098489219,
    "eval_primary_value": 0.567955685241866,
    "eval_primary_delta": 0.001440675392944124,
    "eval_primary_delta_pct": 0.2543048935858422,
    "secondary_metric": "R2_Score",
    "tabpfn_secondary_score": 0.5709894261223469,
    "eval_secondary_value": 0.5688046619022268,
    "eval_secondary_delta": -0.00218476422012015,
    "eval_secondary_delta_pct": -0.3826277896172488,
    "feat_share_embedded_pct": 99.99999999999997,
    "feat_share_raw_pct": 0,
    "feat_active_embedded_pct": 100.0,
    "feat_active_raw_pct": 0,
    "feat_cr5_pct": 78.45984908608027,
    "feat_cr10_pct": 89.43741167346889,
    "time_tuning_search_secs": 23.1549289226532,
    "time_train_secs": 2.61560320854187,
    "time_infer_secs": 0.004350185394287109,
    "time_train_secs_per_1K": 0.5032909772064402,
    "time_infer_secs_per_1K": 0.0033462964571439303,
    "time_total_secs": 29.592833280563354
}