{
    "dataset": "wine_quality",
    "algorithm": "xgboost",
    "mode": "raw-only",
    "task_type": "regression",
    "dataset_samples_count": 6497,
    "dataset_raw_features_count": 12,
    "feat_total_count": 12,
    "pca_n_components": 25,
    "optimal_trees": 1000,
    "tuning_completed": 3,
    "tuning_best_idx": 1,
    "tuning_val_score_0": 0.6437233137197229,
    "tuning_val_score_best": 0.6027111948710145,
    "tuning_overall_gain": 0.04101211884870837,
    "tuning_gain_pct": 6.371078687786199,
    "eval_overfitting_ratio": 0.9758053372100297,
    "primary_metric": "RMSE",
    "tabpfn_primary_score": 0.5665150098489219,
    "eval_primary_value": 0.5881288007513703,
    "eval_primary_delta": 0.021613790902448415,
    "eval_primary_delta_pct": 3.815219460506859,
    "secondary_metric": "R2_Score",
    "tabpfn_secondary_score": 0.5709894261223469,
    "eval_secondary_value": 0.5376295728367766,
    "eval_secondary_delta": -0.03335985328557034,
    "eval_secondary_delta_pct": -5.842464283817099,
    "feat_share_embedded_pct": 0,
    "feat_share_raw_pct": 100.00000000000001,
    "feat_active_embedded_pct": 0,
    "feat_active_raw_pct": 100.0,
    "feat_cr5_pct": 57.60521212902056,
    "feat_cr10_pct": 93.6345619569701,
    "time_tuning_search_secs": 108.46447706222534,
    "time_train_secs": 13.466171264648438,
    "time_infer_secs": 0.02351999282836914,
    "time_train_secs_per_1K": 2.591143210438414,
    "time_infer_secs_per_1K": 0.018092302175668568,
    "time_total_secs": 125.31661939620972
}