{
    "dataset": "airfoil_self_noise",
    "algorithm": "xgboost",
    "mode": "raw-only",
    "task_type": "regression",
    "dataset_samples_count": 1503,
    "dataset_raw_features_count": 5,
    "feat_total_count": 5,
    "pca_n_components": 57,
    "optimal_trees": 1000,
    "tuning_completed": 26,
    "tuning_best_idx": 22,
    "tuning_val_score_0": 1.6669202549769935,
    "tuning_val_score_best": 1.4271693574118924,
    "tuning_overall_gain": 0.23975089756510104,
    "tuning_gain_pct": 14.382865457976573,
    "eval_overfitting_ratio": 1.1431197682333096,
    "primary_metric": "RMSE",
    "tabpfn_primary_score": 0.8975385766269695,
    "eval_primary_value": 1.6314255050743638,
    "eval_primary_delta": 0.7338869284473943,
    "eval_primary_delta_pct": 81.7666167849194,
    "secondary_metric": "R2_Score",
    "tabpfn_secondary_score": 0.9835905950772067,
    "eval_secondary_value": 0.945784798095739,
    "eval_secondary_delta": -0.03780579698146769,
    "eval_secondary_delta_pct": -3.8436517358627382,
    "feat_share_embedded_pct": 0,
    "feat_share_raw_pct": 100.00000000000001,
    "feat_active_embedded_pct": 0,
    "feat_active_raw_pct": 100.0,
    "feat_cr5_pct": 100.00000000000001,
    "feat_cr10_pct": 100.00000000000001,
    "time_tuning_search_secs": 163.99131798744202,
    "time_train_secs": 0.5820467472076416,
    "time_infer_secs": 0.00516510009765625,
    "time_train_secs_per_1K": 0.4842319028349764,
    "time_infer_secs_per_1K": 0.017159800988891197,
    "time_total_secs": 166.05980491638184
}