{
    "dataset": "anneal",
    "algorithm": "xgboost",
    "mode": "combined",
    "task_type": "multiclass",
    "dataset_samples_count": 890,
    "dataset_raw_features_count": 38,
    "feat_total_count": 70,
    "pca_n_components": 32,
    "optimal_trees": 67,
    "tuning_completed": 26,
    "tuning_best_idx": 0,
    "tuning_val_score_0": 0.013366478728293966,
    "tuning_val_score_best": 0.013366478728293966,
    "tuning_overall_gain": 0.0,
    "tuning_gain_pct": 0.0,
    "eval_overfitting_ratio": 0.20864994608826695,
    "primary_metric": "Log_Loss",
    "tabpfn_primary_score": 0.0043537343105701795,
    "eval_primary_value": 0.002788915066048503,
    "eval_primary_delta": -0.0015648192445216766,
    "eval_primary_delta_pct": -35.942001346350935,
    "secondary_metric": "Accuracy",
    "tabpfn_secondary_score": 1.0,
    "eval_secondary_value": 1.0,
    "eval_secondary_delta": 0.0,
    "eval_secondary_delta_pct": 0.0,
    "feat_share_embedded_pct": 61.219354982298604,
    "feat_share_raw_pct": 38.78064501770139,
    "feat_active_embedded_pct": 62.5,
    "feat_active_raw_pct": 18.421052631578945,
    "feat_cr5_pct": 93.91152987582744,
    "feat_cr10_pct": 98.80958803314955,
    "time_tuning_search_secs": 241.136305809021,
    "time_train_secs": 0.061435699462890625,
    "time_infer_secs": 0.0005283355712890625,
    "time_train_secs_per_1K": 0.08628609475125089,
    "time_infer_secs_per_1K": 0.002968177366792486,
    "time_total_secs": 242.810067653656
}