{
    "dataset": "blood-transfusion-service-center",
    "algorithm": "catboost",
    "mode": "combined",
    "task_type": "binary",
    "dataset_samples_count": 748,
    "dataset_raw_features_count": 4,
    "feat_total_count": 26,
    "pca_n_components": 22,
    "optimal_trees": 182,
    "tuning_completed": 26,
    "tuning_best_idx": 3,
    "tuning_val_score_0": 0.29141583533998394,
    "tuning_val_score_best": 0.27240998738676747,
    "tuning_overall_gain": 0.01900584795321647,
    "tuning_gain_pct": 6.521899515530122,
    "eval_overfitting_ratio": 0.8484123017021389,
    "primary_metric": "1-AUROC",
    "tabpfn_primary_score": 0.21479044834307992,
    "eval_primary_value": 0.231115984405458,
    "eval_primary_delta": 0.016325536062378077,
    "eval_primary_delta_pct": 7.600680657969328,
    "secondary_metric": "Accuracy",
    "tabpfn_secondary_score": 0.7933333333333333,
    "eval_secondary_value": 0.78,
    "eval_secondary_delta": -0.013333333333333308,
    "eval_secondary_delta_pct": -1.6806722689075597,
    "feat_share_embedded_pct": 78.28523296425905,
    "feat_share_raw_pct": 21.714767035740973,
    "feat_active_embedded_pct": 100.0,
    "feat_active_raw_pct": 100.0,
    "feat_cr5_pct": 50.26180117972945,
    "feat_cr10_pct": 67.73287012488099,
    "time_tuning_search_secs": 75.12174463272095,
    "time_train_secs": 0.15844035148620605,
    "time_infer_secs": 0.0013306140899658203,
    "time_train_secs_per_1K": 0.26495042054549506,
    "time_infer_secs_per_1K": 0.008870760599772137,
    "time_total_secs": 76.84283828735352
}