{
    "dataset": "another-dataset-on-used-fiat-500",
    "algorithm": "xgboost",
    "mode": "embed-only",
    "task_type": "regression",
    "dataset_samples_count": 1538,
    "dataset_raw_features_count": 7,
    "feat_total_count": 54,
    "pca_n_components": 54,
    "optimal_trees": 616,
    "tuning_completed": 26,
    "tuning_best_idx": 16,
    "tuning_val_score_0": 769.9216677417395,
    "tuning_val_score_best": 715.591934183951,
    "tuning_overall_gain": 54.32973355778847,
    "tuning_gain_pct": 7.0565274149438135,
    "eval_overfitting_ratio": 1.0814060140899333,
    "primary_metric": "RMSE",
    "tabpfn_primary_score": 727.5813856404222,
    "eval_primary_value": 773.8454212607724,
    "eval_primary_delta": 46.264035620350114,
    "eval_primary_delta_pct": 6.358606271878188,
    "secondary_metric": "R2_Score",
    "tabpfn_secondary_score": 0.8715566241829944,
    "eval_secondary_value": 0.8547028864468398,
    "eval_secondary_delta": -0.016853737736154617,
    "eval_secondary_delta_pct": -1.9337513213158668,
    "feat_share_embedded_pct": 100.00000000000003,
    "feat_share_raw_pct": 0,
    "feat_active_embedded_pct": 100.0,
    "feat_active_raw_pct": 0,
    "feat_cr5_pct": 95.01764025631186,
    "feat_cr10_pct": 96.52764289779527,
    "time_tuning_search_secs": 186.00622725486755,
    "time_train_secs": 0.3653697967529297,
    "time_infer_secs": 0.0009970664978027344,
    "time_train_secs_per_1K": 0.2970486152462843,
    "time_infer_secs_per_1K": 0.0032372288889699168,
    "time_total_secs": 188.00664401054382
}