{
    "dataset": "bank-marketing",
    "algorithm": "lightgbm",
    "mode": "combined",
    "task_type": "binary",
    "dataset_samples_count": 45211,
    "dataset_raw_features_count": 13,
    "feat_total_count": 41,
    "pca_n_components": 28,
    "optimal_trees": 740,
    "tuning_completed": 26,
    "tuning_best_idx": 25,
    "tuning_val_score_0": 0.2436268247068003,
    "tuning_val_score_best": 0.23951042802104627,
    "tuning_overall_gain": 0.004116396685754031,
    "tuning_gain_pct": 1.6896319568701135,
    "eval_overfitting_ratio": 0.9344947936720547,
    "primary_metric": "1-AUROC",
    "tabpfn_primary_score": 0.22318205330647145,
    "eval_primary_value": 0.22382124801583314,
    "eval_primary_delta": 0.0006391947093616901,
    "eval_primary_delta_pct": 0.28640058637867,
    "secondary_metric": "Accuracy",
    "tabpfn_secondary_score": 0.8961627778392126,
    "eval_secondary_value": 0.8954992812119872,
    "eval_secondary_delta": -0.0006634966272254239,
    "eval_secondary_delta_pct": -0.07403751233957934,
    "feat_share_embedded_pct": 52.77610930707545,
    "feat_share_raw_pct": 47.22389069292453,
    "feat_active_embedded_pct": 100.0,
    "feat_active_raw_pct": 100.0,
    "feat_cr5_pct": 51.63120531361236,
    "feat_cr10_pct": 74.64020357707065,
    "time_tuning_search_secs": 226.95810747146606,
    "time_train_secs": 1.4376871585845947,
    "time_infer_secs": 0.06086373329162598,
    "time_train_secs_per_1K": 0.039750253223418346,
    "time_infer_secs_per_1K": 0.0067304802932241494,
    "time_total_secs": 230.27784490585327
}