{
    "dataset": "another-dataset-on-used-fiat-500",
    "algorithm": "catboost",
    "mode": "embed-only",
    "task_type": "regression",
    "dataset_samples_count": 1538,
    "dataset_raw_features_count": 7,
    "feat_total_count": 54,
    "pca_n_components": 54,
    "optimal_trees": 935,
    "tuning_completed": 26,
    "tuning_best_idx": 21,
    "tuning_val_score_0": 1041.447816451129,
    "tuning_val_score_best": 720.7354985562047,
    "tuning_overall_gain": 320.71231789492435,
    "tuning_gain_pct": 30.794852399594436,
    "eval_overfitting_ratio": 1.0424439745943865,
    "primary_metric": "RMSE",
    "tabpfn_primary_score": 727.5813856404222,
    "eval_primary_value": 751.3263777461967,
    "eval_primary_delta": 23.744992105774486,
    "eval_primary_delta_pct": 3.263551346200807,
    "secondary_metric": "R2_Score",
    "tabpfn_secondary_score": 0.8715566241829944,
    "eval_secondary_value": 0.863036191089979,
    "eval_secondary_delta": -0.008520433093015423,
    "eval_secondary_delta_pct": -0.9776109614223354,
    "feat_share_embedded_pct": 100.00000000000001,
    "feat_share_raw_pct": 0,
    "feat_active_embedded_pct": 100.0,
    "feat_active_raw_pct": 0,
    "feat_cr5_pct": 86.17616779104786,
    "feat_cr10_pct": 88.74481583383182,
    "time_tuning_search_secs": 424.64316511154175,
    "time_train_secs": 0.8362956047058105,
    "time_infer_secs": 0.0015785694122314453,
    "time_train_secs_per_1K": 0.6799151257770818,
    "time_infer_secs_per_1K": 0.00512522536438781,
    "time_total_secs": 427.0299334526062
}