{
    "dataset": "bank_customer_churn",
    "algorithm": "catboost",
    "mode": "combined",
    "task_type": "binary",
    "dataset_samples_count": 10000,
    "dataset_raw_features_count": 10,
    "feat_total_count": 30,
    "pca_n_components": 20,
    "optimal_trees": 508,
    "tuning_completed": 26,
    "tuning_best_idx": 19,
    "tuning_val_score_0": 0.13235791931506602,
    "tuning_val_score_best": 0.12919126037921203,
    "tuning_overall_gain": 0.0031666589358539943,
    "tuning_gain_pct": 2.392496763503852,
    "eval_overfitting_ratio": 0.9541759303684024,
    "primary_metric": "1-AUROC",
    "tabpfn_primary_score": 0.12259254632135974,
    "eval_primary_value": 0.12327119106780116,
    "eval_primary_delta": 0.0006786447464414147,
    "eval_primary_delta_pct": 0.5535774945586329,
    "secondary_metric": "Accuracy",
    "tabpfn_secondary_score": 0.869,
    "eval_secondary_value": 0.87,
    "eval_secondary_delta": 0.0010000000000000009,
    "eval_secondary_delta_pct": 0.11507479861910253,
    "feat_share_embedded_pct": 66.41512761294038,
    "feat_share_raw_pct": 33.584872387059605,
    "feat_active_embedded_pct": 100.0,
    "feat_active_raw_pct": 100.0,
    "feat_cr5_pct": 33.16788791845113,
    "feat_cr10_pct": 54.6052100717305,
    "time_tuning_search_secs": 236.41085863113403,
    "time_train_secs": 1.3149809837341309,
    "time_infer_secs": 0.0026772022247314453,
    "time_train_secs_per_1K": 0.16437262296676636,
    "time_infer_secs_per_1K": 0.0013386011123657227,
    "time_total_secs": 239.30427742004395
}