{
    "dataset": "bank_customer_churn",
    "algorithm": "xgboost",
    "mode": "embed-only",
    "task_type": "binary",
    "dataset_samples_count": 10000,
    "dataset_raw_features_count": 10,
    "feat_total_count": 20,
    "pca_n_components": 20,
    "optimal_trees": 369,
    "tuning_completed": 26,
    "tuning_best_idx": 14,
    "tuning_val_score_0": 0.14727935127097935,
    "tuning_val_score_best": 0.13438218764125975,
    "tuning_overall_gain": 0.012897163629719599,
    "tuning_gain_pct": 8.75693946124878,
    "eval_overfitting_ratio": 0.9498796644737199,
    "primary_metric": "1-AUROC",
    "tabpfn_primary_score": 0.12259254632135974,
    "eval_primary_value": 0.12764690730792427,
    "eval_primary_delta": 0.005054360986564532,
    "eval_primary_delta_pct": 4.1228942037921374,
    "secondary_metric": "Accuracy",
    "tabpfn_secondary_score": 0.869,
    "eval_secondary_value": 0.8645,
    "eval_secondary_delta": -0.0044999999999999485,
    "eval_secondary_delta_pct": -0.5178365937859549,
    "feat_share_embedded_pct": 99.99999999999997,
    "feat_share_raw_pct": 0,
    "feat_active_embedded_pct": 100.0,
    "feat_active_raw_pct": 0,
    "feat_cr5_pct": 50.5806190450949,
    "feat_cr10_pct": 78.51027177641069,
    "time_tuning_search_secs": 181.48674964904785,
    "time_train_secs": 0.8605973720550537,
    "time_infer_secs": 0.002004384994506836,
    "time_train_secs_per_1K": 0.10757467150688171,
    "time_infer_secs_per_1K": 0.001002192497253418,
    "time_total_secs": 183.93198084831238
}