{
    "dataset": "bank_customer_churn",
    "algorithm": "lightgbm",
    "mode": "raw-only",
    "task_type": "binary",
    "dataset_samples_count": 10000,
    "dataset_raw_features_count": 10,
    "feat_total_count": 10,
    "pca_n_components": 20,
    "optimal_trees": 470,
    "tuning_completed": 26,
    "tuning_best_idx": 17,
    "tuning_val_score_0": 0.13664414815196424,
    "tuning_val_score_best": 0.13305164758550458,
    "tuning_overall_gain": 0.0035925005664596554,
    "tuning_gain_pct": 2.6290921455812186,
    "eval_overfitting_ratio": 0.943879726274647,
    "primary_metric": "1-AUROC",
    "tabpfn_primary_score": 0.12259254632135974,
    "eval_primary_value": 0.12558475270339686,
    "eval_primary_delta": 0.0029922063820371214,
    "eval_primary_delta_pct": 2.44077349873577,
    "secondary_metric": "Accuracy",
    "tabpfn_secondary_score": 0.869,
    "eval_secondary_value": 0.8735,
    "eval_secondary_delta": 0.0045000000000000595,
    "eval_secondary_delta_pct": 0.5178365937859677,
    "feat_share_embedded_pct": 0,
    "feat_share_raw_pct": 100.0,
    "feat_active_embedded_pct": 0,
    "feat_active_raw_pct": 100.0,
    "feat_cr5_pct": 86.40643530707254,
    "feat_cr10_pct": 100.0,
    "time_tuning_search_secs": 89.24936199188232,
    "time_train_secs": 0.41457033157348633,
    "time_infer_secs": 0.007548332214355469,
    "time_train_secs_per_1K": 0.05182129144668579,
    "time_infer_secs_per_1K": 0.0037741661071777344,
    "time_total_secs": 91.20865869522095
}