{
    "dataset": "apsfailure",
    "algorithm": "xgboost",
    "mode": "embed-only",
    "task_type": "binary",
    "dataset_samples_count": 76000,
    "dataset_raw_features_count": 170,
    "feat_total_count": 41,
    "pca_n_components": 41,
    "optimal_trees": 46,
    "tuning_completed": 26,
    "tuning_best_idx": 20,
    "tuning_val_score_0": 0.00985368441960588,
    "tuning_val_score_best": 0.00821935555360942,
    "tuning_overall_gain": 0.0016343288659964594,
    "tuning_gain_pct": 16.585967201716294,
    "eval_overfitting_ratio": 0.7121468483396087,
    "primary_metric": "1-AUROC",
    "tabpfn_primary_score": 0.004460849703060821,
    "eval_primary_value": 0.005853388152885608,
    "eval_primary_delta": 0.0013925384498247873,
    "eval_primary_delta_pct": 31.21688786935131,
    "secondary_metric": "Accuracy",
    "tabpfn_secondary_score": 0.995,
    "eval_secondary_value": 0.9938157894736842,
    "eval_secondary_delta": -0.0011842105263157876,
    "eval_secondary_delta_pct": -0.11901613329806911,
    "feat_share_embedded_pct": 100.00000000000001,
    "feat_share_raw_pct": 0,
    "feat_active_embedded_pct": 100.0,
    "feat_active_raw_pct": 0,
    "feat_cr5_pct": 80.23805170457231,
    "feat_cr10_pct": 89.33186186458721,
    "time_tuning_search_secs": 264.12496519088745,
    "time_train_secs": 0.16088509559631348,
    "time_infer_secs": 0.0017266273498535156,
    "time_train_secs_per_1K": 0.00264613644072884,
    "time_infer_secs_per_1K": 0.00011359390459562603,
    "time_total_secs": 268.60953760147095
}