{
    "dataset": "bank-marketing",
    "algorithm": "catboost",
    "mode": "combined",
    "task_type": "binary",
    "dataset_samples_count": 45211,
    "dataset_raw_features_count": 13,
    "feat_total_count": 41,
    "pca_n_components": 28,
    "optimal_trees": 651,
    "tuning_completed": 26,
    "tuning_best_idx": 18,
    "tuning_val_score_0": 0.242598734429452,
    "tuning_val_score_best": 0.23838693844407066,
    "tuning_overall_gain": 0.00421179598538135,
    "tuning_gain_pct": 1.7361162230655185,
    "eval_overfitting_ratio": 0.9461231632576064,
    "primary_metric": "1-AUROC",
    "tabpfn_primary_score": 0.22318205330647145,
    "eval_primary_value": 0.22554340428000041,
    "eval_primary_delta": 0.002361350973528964,
    "eval_primary_delta_pct": 1.058038018086687,
    "secondary_metric": "Accuracy",
    "tabpfn_secondary_score": 0.8961627778392126,
    "eval_secondary_value": 0.8941722879575362,
    "eval_secondary_delta": -0.0019904898816763827,
    "eval_secondary_delta_pct": -0.22211253701875036,
    "feat_share_embedded_pct": 65.74676570166311,
    "feat_share_raw_pct": 34.253234298336906,
    "feat_active_embedded_pct": 100.0,
    "feat_active_raw_pct": 100.0,
    "feat_cr5_pct": 30.76272364271703,
    "feat_cr10_pct": 44.44056170047321,
    "time_tuning_search_secs": 792.8455758094788,
    "time_train_secs": 12.220343112945557,
    "time_infer_secs": 0.027127742767333984,
    "time_train_secs_per_1K": 0.33787721502282564,
    "time_infer_secs_per_1K": 0.002999860971727744,
    "time_total_secs": 806.9447085857391
}