{
    "dataset": "bioresponse",
    "algorithm": "xgboost",
    "mode": "embed-only",
    "task_type": "binary",
    "dataset_samples_count": 3751,
    "dataset_raw_features_count": 1776,
    "feat_total_count": 54,
    "pca_n_components": 54,
    "optimal_trees": 1000,
    "tuning_completed": 26,
    "tuning_best_idx": 19,
    "tuning_val_score_0": 0.18544375700823623,
    "tuning_val_score_best": 0.1681042331628506,
    "tuning_overall_gain": 0.017339523845385618,
    "tuning_gain_pct": 9.35028718417062,
    "eval_overfitting_ratio": 0.9897205081843766,
    "primary_metric": "1-AUROC",
    "tabpfn_primary_score": 0.12839980572538723,
    "eval_primary_value": 0.16637620707388145,
    "eval_primary_delta": 0.037976401348494226,
    "eval_primary_delta_pct": 29.57668131501349,
    "secondary_metric": "Accuracy",
    "tabpfn_secondary_score": 0.7882822902796272,
    "eval_secondary_value": 0.7523302263648469,
    "eval_secondary_delta": -0.03595206391478023,
    "eval_secondary_delta_pct": -4.560810810810803,
    "feat_share_embedded_pct": 100.00000000000001,
    "feat_share_raw_pct": 0,
    "feat_active_embedded_pct": 100.0,
    "feat_active_raw_pct": 0,
    "feat_cr5_pct": 33.718244817084596,
    "feat_cr10_pct": 44.41351370561608,
    "time_tuning_search_secs": 568.1944532394409,
    "time_train_secs": 3.851926326751709,
    "time_infer_secs": 0.0075833797454833984,
    "time_train_secs_per_1K": 1.2839754422505696,
    "time_infer_secs_per_1K": 0.01009770938146924,
    "time_total_secs": 574.489205121994
}