{
    "dataset": "coil2000_insurance_policies",
    "algorithm": "catboost",
    "mode": "raw-only",
    "task_type": "binary",
    "dataset_samples_count": 9822,
    "dataset_raw_features_count": 85,
    "feat_total_count": 85,
    "pca_n_components": 57,
    "optimal_trees": 602,
    "tuning_completed": 26,
    "tuning_best_idx": 23,
    "tuning_val_score_0": 0.24673835811958744,
    "tuning_val_score_best": 0.23535041484028874,
    "tuning_overall_gain": 0.011387943279298707,
    "tuning_gain_pct": 4.615392339515884,
    "eval_overfitting_ratio": 1.086299362737474,
    "primary_metric": "1-AUROC",
    "tabpfn_primary_score": 0.22762885262885268,
    "eval_primary_value": 0.2556610056610058,
    "eval_primary_delta": 0.028032153032153118,
    "eval_primary_delta_pct": 12.314850559765969,
    "secondary_metric": "Accuracy",
    "tabpfn_secondary_score": 0.9404580152671755,
    "eval_secondary_value": 0.9414758269720102,
    "eval_secondary_delta": 0.0010178117048346147,
    "eval_secondary_delta_pct": 0.1082251082251092,
    "feat_share_embedded_pct": 0,
    "feat_share_raw_pct": 99.99999999999999,
    "feat_active_embedded_pct": 0,
    "feat_active_raw_pct": 100.0,
    "feat_cr5_pct": 32.967310814992594,
    "feat_cr10_pct": 45.90234079673265,
    "time_tuning_search_secs": 472.2577986717224,
    "time_train_secs": 4.164830207824707,
    "time_infer_secs": 0.008201122283935547,
    "time_train_secs_per_1K": 0.5300789369765441,
    "time_infer_secs_per_1K": 0.0041735991266847565,
    "time_total_secs": 478.5498549938202
}