{
    "dataset": "amazon_employee_access",
    "algorithm": "catboost",
    "mode": "combined",
    "task_type": "binary",
    "dataset_samples_count": 32769,
    "dataset_raw_features_count": 9,
    "feat_total_count": 61,
    "pca_n_components": 52,
    "optimal_trees": 648,
    "tuning_completed": 26,
    "tuning_best_idx": 10,
    "tuning_val_score_0": 0.1421484550464025,
    "tuning_val_score_best": 0.09281268233673479,
    "tuning_overall_gain": 0.04933577270966771,
    "tuning_gain_pct": 34.70721696803718,
    "eval_overfitting_ratio": 1.2577076783971097,
    "primary_metric": "1-AUROC",
    "tabpfn_primary_score": 0.14683623001078916,
    "eval_primary_value": 0.11673122322754315,
    "eval_primary_delta": -0.030105006783246013,
    "eval_primary_delta_pct": -20.502437839104132,
    "secondary_metric": "Accuracy",
    "tabpfn_secondary_score": 0.9490387549588037,
    "eval_secondary_value": 0.9539212694537686,
    "eval_secondary_delta": 0.004882514494964907,
    "eval_secondary_delta_pct": 0.5144694533762058,
    "feat_share_embedded_pct": 77.06455565402113,
    "feat_share_raw_pct": 22.9354443459789,
    "feat_active_embedded_pct": 100.0,
    "feat_active_raw_pct": 100.0,
    "feat_cr5_pct": 26.840720758547832,
    "feat_cr10_pct": 38.15571024329211,
    "time_tuning_search_secs": 1719.5685410499573,
    "time_train_secs": 14.166792631149292,
    "time_infer_secs": 0.02299666404724121,
    "time_train_secs_per_1K": 0.5404078821723933,
    "time_infer_secs_per_1K": 0.0035087982983279236,
    "time_total_secs": 1735.6144289970398
}