{
    "dataset": "anneal",
    "algorithm": "lightgbm",
    "mode": "combined",
    "task_type": "multiclass",
    "dataset_samples_count": 890,
    "dataset_raw_features_count": 38,
    "feat_total_count": 70,
    "pca_n_components": 32,
    "optimal_trees": 478,
    "tuning_completed": 26,
    "tuning_best_idx": 22,
    "tuning_val_score_0": 0.013031435787527197,
    "tuning_val_score_best": 0.005100018713349738,
    "tuning_overall_gain": 0.007931417074177459,
    "tuning_gain_pct": 60.863723717756955,
    "eval_overfitting_ratio": 0.10087173789472167,
    "primary_metric": "Log_Loss",
    "tabpfn_primary_score": 0.0043537343105701795,
    "eval_primary_value": 0.0005144477509111904,
    "eval_primary_delta": -0.003839286559658989,
    "eval_primary_delta_pct": -88.18375871806894,
    "secondary_metric": "Accuracy",
    "tabpfn_secondary_score": 1.0,
    "eval_secondary_value": 1.0,
    "eval_secondary_delta": 0.0,
    "eval_secondary_delta_pct": 0.0,
    "feat_share_embedded_pct": 52.391724033871576,
    "feat_share_raw_pct": 47.608275966128424,
    "feat_active_embedded_pct": 100.0,
    "feat_active_raw_pct": 63.1578947368421,
    "feat_cr5_pct": 62.94965678850518,
    "feat_cr10_pct": 77.47776573815166,
    "time_tuning_search_secs": 90.9363181591034,
    "time_train_secs": 0.26648736000061035,
    "time_infer_secs": 0.006989002227783203,
    "time_train_secs_per_1K": 0.37428000000085726,
    "time_infer_secs_per_1K": 0.0392640574594562,
    "time_total_secs": 92.76713609695435
}