{
    "dataset": "coil2000_insurance_policies",
    "algorithm": "lightgbm",
    "mode": "embed-only",
    "task_type": "binary",
    "dataset_samples_count": 9822,
    "dataset_raw_features_count": 85,
    "feat_total_count": 57,
    "pca_n_components": 57,
    "optimal_trees": 145,
    "tuning_completed": 26,
    "tuning_best_idx": 13,
    "tuning_val_score_0": 0.2775621811052249,
    "tuning_val_score_best": 0.24289042192047594,
    "tuning_overall_gain": 0.03467175918474896,
    "tuning_gain_pct": 12.491528581699955,
    "eval_overfitting_ratio": 1.0443325704355204,
    "primary_metric": "1-AUROC",
    "tabpfn_primary_score": 0.22762885262885268,
    "eval_primary_value": 0.2536583786583787,
    "eval_primary_delta": 0.026029526029526018,
    "eval_primary_delta_pct": 11.435073247048775,
    "secondary_metric": "Accuracy",
    "tabpfn_secondary_score": 0.9404580152671755,
    "eval_secondary_value": 0.9404580152671755,
    "eval_secondary_delta": 0.0,
    "eval_secondary_delta_pct": 0.0,
    "feat_share_embedded_pct": 100.00000000000001,
    "feat_share_raw_pct": 0,
    "feat_active_embedded_pct": 100.0,
    "feat_active_raw_pct": 0,
    "feat_cr5_pct": 42.428323305600316,
    "feat_cr10_pct": 60.32140453877872,
    "time_tuning_search_secs": 84.52409052848816,
    "time_train_secs": 0.16540813446044922,
    "time_infer_secs": 0.0027146339416503906,
    "time_train_secs_per_1K": 0.021052327155459998,
    "time_infer_secs_per_1K": 0.0013814931000765346,
    "time_total_secs": 86.22456192970276
}