{
    "dataset": "another-dataset-on-used-fiat-500",
    "algorithm": "lightgbm",
    "mode": "combined",
    "task_type": "regression",
    "dataset_samples_count": 1538,
    "dataset_raw_features_count": 7,
    "feat_total_count": 61,
    "pca_n_components": 54,
    "optimal_trees": 231,
    "tuning_completed": 26,
    "tuning_best_idx": 21,
    "tuning_val_score_0": 738.5412961581336,
    "tuning_val_score_best": 710.2964719497722,
    "tuning_overall_gain": 28.244824208361365,
    "tuning_gain_pct": 3.824406888997266,
    "eval_overfitting_ratio": 1.0597631984401736,
    "primary_metric": "RMSE",
    "tabpfn_primary_score": 727.5813856404222,
    "eval_primary_value": 752.7460609542617,
    "eval_primary_delta": 25.16467531383944,
    "eval_primary_delta_pct": 3.4586749758158417,
    "secondary_metric": "R2_Score",
    "tabpfn_secondary_score": 0.8715566241829944,
    "eval_secondary_value": 0.8625180968655798,
    "eval_secondary_delta": -0.009038527317414613,
    "eval_secondary_delta_pct": -1.0370556618610312,
    "feat_share_embedded_pct": 54.74253883133965,
    "feat_share_raw_pct": 45.25746116866035,
    "feat_active_embedded_pct": 100.0,
    "feat_active_raw_pct": 100.0,
    "feat_cr5_pct": 80.44585322261769,
    "feat_cr10_pct": 84.7410439607344,
    "time_tuning_search_secs": 151.70503664016724,
    "time_train_secs": 0.8687431812286377,
    "time_infer_secs": 0.00342559814453125,
    "time_train_secs_per_1K": 0.7062952692915754,
    "time_infer_secs_per_1K": 0.011122071897828734,
    "time_total_secs": 154.21369051933289
}