{
    "dataset": "amazon_employee_access",
    "algorithm": "xgboost",
    "mode": "combined",
    "task_type": "binary",
    "dataset_samples_count": 32769,
    "dataset_raw_features_count": 9,
    "feat_total_count": 61,
    "pca_n_components": 52,
    "optimal_trees": 1000,
    "tuning_completed": 26,
    "tuning_best_idx": 1,
    "tuning_val_score_0": 0.1405217260986522,
    "tuning_val_score_best": 0.12541528340980657,
    "tuning_overall_gain": 0.015106442688845645,
    "tuning_gain_pct": 10.750254148059838,
    "eval_overfitting_ratio": 1.816619251147497,
    "primary_metric": "1-AUROC",
    "tabpfn_primary_score": 0.14683623001078916,
    "eval_primary_value": 0.2278318182303739,
    "eval_primary_delta": 0.08099558821958475,
    "eval_primary_delta_pct": 55.16049289309144,
    "secondary_metric": "Accuracy",
    "tabpfn_secondary_score": 0.9490387549588037,
    "eval_secondary_value": 0.9421727189502593,
    "eval_secondary_delta": -0.006866036008544407,
    "eval_secondary_delta_pct": -0.7234726688102902,
    "feat_share_embedded_pct": 45.63655077780366,
    "feat_share_raw_pct": 54.36344922219633,
    "feat_active_embedded_pct": 100.0,
    "feat_active_raw_pct": 100.0,
    "feat_cr5_pct": 49.03764524204793,
    "feat_cr10_pct": 61.42853896088981,
    "time_tuning_search_secs": 1543.358154296875,
    "time_train_secs": 34.3593544960022,
    "time_infer_secs": 0.07673788070678711,
    "time_train_secs_per_1K": 1.3106753574671828,
    "time_infer_secs_per_1K": 0.011708556714492998,
    "time_total_secs": 1579.5895550251007
}