{
    "dataset": "airfoil_self_noise",
    "algorithm": "catboost",
    "mode": "embed-only",
    "task_type": "regression",
    "dataset_samples_count": 1503,
    "dataset_raw_features_count": 5,
    "feat_total_count": 57,
    "pca_n_components": 57,
    "optimal_trees": 1000,
    "tuning_completed": 26,
    "tuning_best_idx": 11,
    "tuning_val_score_0": 10.269171723492333,
    "tuning_val_score_best": 1.1656907830554286,
    "tuning_overall_gain": 9.103480940436905,
    "tuning_gain_pct": 88.64863871748557,
    "eval_overfitting_ratio": 0.7864355680299402,
    "primary_metric": "RMSE",
    "tabpfn_primary_score": 0.8975385766269695,
    "eval_primary_value": 0.9167406931194618,
    "eval_primary_delta": 0.01920211649249237,
    "eval_primary_delta_pct": 2.1394196297005585,
    "secondary_metric": "R2_Score",
    "tabpfn_secondary_score": 0.9835905950772067,
    "eval_secondary_value": 0.9828809522415762,
    "eval_secondary_delta": -0.000709642835630464,
    "eval_secondary_delta_pct": -0.07214819246769646,
    "feat_share_embedded_pct": 99.99999999999999,
    "feat_share_raw_pct": 0,
    "feat_active_embedded_pct": 100.0,
    "feat_active_raw_pct": 0,
    "feat_cr5_pct": 95.13814677719802,
    "feat_cr10_pct": 97.39497508637413,
    "time_tuning_search_secs": 420.3887391090393,
    "time_train_secs": 0.8622298240661621,
    "time_infer_secs": 0.0016293525695800781,
    "time_train_secs_per_1K": 0.7173293045475558,
    "time_infer_secs_per_1K": 0.005413131460398931,
    "time_total_secs": 422.834308385849
}