{
    "dataset": "bioresponse",
    "algorithm": "lightgbm",
    "mode": "raw-only",
    "task_type": "binary",
    "dataset_samples_count": 3751,
    "dataset_raw_features_count": 1776,
    "feat_total_count": 1776,
    "pca_n_components": 54,
    "optimal_trees": 239,
    "tuning_completed": 26,
    "tuning_best_idx": 13,
    "tuning_val_score_0": 0.12302176459435621,
    "tuning_val_score_best": 0.1172180093002606,
    "tuning_overall_gain": 0.005803755294095603,
    "tuning_gain_pct": 4.71766545800454,
    "eval_overfitting_ratio": 1.066145304377819,
    "primary_metric": "1-AUROC",
    "tabpfn_primary_score": 0.12839980572538723,
    "eval_primary_value": 0.12497143020398838,
    "eval_primary_delta": -0.003428375521398852,
    "eval_primary_delta_pct": -2.6700784335540417,
    "secondary_metric": "Accuracy",
    "tabpfn_secondary_score": 0.7882822902796272,
    "eval_secondary_value": 0.7829560585885486,
    "eval_secondary_delta": -0.005326231691078598,
    "eval_secondary_delta_pct": -0.6756756756756802,
    "feat_share_embedded_pct": 0,
    "feat_share_raw_pct": 99.99999999999996,
    "feat_active_embedded_pct": 0,
    "feat_active_raw_pct": 54.78603603603604,
    "feat_cr5_pct": 19.58149812939898,
    "feat_cr10_pct": 23.947347044677816,
    "time_tuning_search_secs": 788.496707201004,
    "time_train_secs": 3.40960693359375,
    "time_infer_secs": 0.007039785385131836,
    "time_train_secs_per_1K": 1.13653564453125,
    "time_infer_secs_per_1K": 0.009373882004170222,
    "time_total_secs": 794.4210660457611
}