{
    "dataset": "apsfailure",
    "algorithm": "xgboost",
    "mode": "combined",
    "task_type": "binary",
    "dataset_samples_count": 76000,
    "dataset_raw_features_count": 170,
    "feat_total_count": 211,
    "pca_n_components": 41,
    "optimal_trees": 169,
    "tuning_completed": 26,
    "tuning_best_idx": 9,
    "tuning_val_score_0": 0.01008159861616642,
    "tuning_val_score_best": 0.008295979581010693,
    "tuning_overall_gain": 0.0017856190351557277,
    "tuning_gain_pct": 17.711665611169895,
    "eval_overfitting_ratio": 0.6188433727482465,
    "primary_metric": "1-AUROC",
    "tabpfn_primary_score": 0.004460849703060821,
    "eval_primary_value": 0.005133911984163242,
    "eval_primary_delta": 0.0006730622811024212,
    "eval_primary_delta_pct": 15.08820798514234,
    "secondary_metric": "Accuracy",
    "tabpfn_secondary_score": 0.995,
    "eval_secondary_value": 0.9941447368421052,
    "eval_secondary_delta": -0.0008552631578947478,
    "eval_secondary_delta_pct": -0.08595609627082892,
    "feat_share_embedded_pct": 57.00938472205692,
    "feat_share_raw_pct": 42.9906152779431,
    "feat_active_embedded_pct": 100.0,
    "feat_active_raw_pct": 96.47058823529412,
    "feat_cr5_pct": 62.07621101934594,
    "feat_cr10_pct": 76.47562284200087,
    "time_tuning_search_secs": 987.408611536026,
    "time_train_secs": 1.5169711112976074,
    "time_infer_secs": 0.006318330764770508,
    "time_train_secs_per_1K": 0.024950182751605387,
    "time_infer_secs_per_1K": 0.00041567965557700714,
    "time_total_secs": 993.5583164691925
}