{
    "dataset": "bioresponse",
    "algorithm": "xgboost",
    "mode": "combined",
    "task_type": "binary",
    "dataset_samples_count": 3751,
    "dataset_raw_features_count": 1776,
    "feat_total_count": 1830,
    "pca_n_components": 54,
    "optimal_trees": 627,
    "tuning_completed": 26,
    "tuning_best_idx": 17,
    "tuning_val_score_0": 0.13798473930763566,
    "tuning_val_score_best": 0.12443740310504448,
    "tuning_overall_gain": 0.013547336202591187,
    "tuning_gain_pct": 9.817996012144162,
    "eval_overfitting_ratio": 1.036836156727947,
    "primary_metric": "1-AUROC",
    "tabpfn_primary_score": 0.12839980572538723,
    "eval_primary_value": 0.1290211987886406,
    "eval_primary_delta": 0.0006213930632533726,
    "eval_primary_delta_pct": 0.48395171608153814,
    "secondary_metric": "Accuracy",
    "tabpfn_secondary_score": 0.7882822902796272,
    "eval_secondary_value": 0.7922769640479361,
    "eval_secondary_delta": 0.003994673768308976,
    "eval_secondary_delta_pct": 0.5067567567567637,
    "feat_share_embedded_pct": 39.37491790129832,
    "feat_share_raw_pct": 60.62508209870168,
    "feat_active_embedded_pct": 100.0,
    "feat_active_raw_pct": 80.4054054054054,
    "feat_cr5_pct": 23.304485201254355,
    "feat_cr10_pct": 27.828532195122353,
    "time_tuning_search_secs": 3181.6498789787292,
    "time_train_secs": 26.1909339427948,
    "time_infer_secs": 0.00809931755065918,
    "time_train_secs_per_1K": 8.730311314264933,
    "time_infer_secs_per_1K": 0.010784710453607429,
    "time_total_secs": 3210.9281413555145
}