{
    "dataset": "bioresponse",
    "algorithm": "lightgbm",
    "mode": "combined",
    "task_type": "binary",
    "dataset_samples_count": 3751,
    "dataset_raw_features_count": 1776,
    "feat_total_count": 1830,
    "pca_n_components": 54,
    "optimal_trees": 907,
    "tuning_completed": 26,
    "tuning_best_idx": 19,
    "tuning_val_score_0": 0.13008561777154393,
    "tuning_val_score_best": 0.12434073598018769,
    "tuning_overall_gain": 0.005744881791356238,
    "tuning_gain_pct": 4.416231317320094,
    "eval_overfitting_ratio": 1.030461913010489,
    "primary_metric": "1-AUROC",
    "tabpfn_primary_score": 0.12839980572538723,
    "eval_primary_value": 0.12812839266327636,
    "eval_primary_delta": -0.00027141306211087013,
    "eval_primary_delta_pct": -0.21138120932312773,
    "secondary_metric": "Accuracy",
    "tabpfn_secondary_score": 0.7882822902796272,
    "eval_secondary_value": 0.7896138482023968,
    "eval_secondary_delta": 0.0013315579227696217,
    "eval_secondary_delta_pct": 0.16891891891891656,
    "feat_share_embedded_pct": 16.748017537378054,
    "feat_share_raw_pct": 83.25198246262202,
    "feat_active_embedded_pct": 100.0,
    "feat_active_raw_pct": 76.46396396396396,
    "feat_cr5_pct": 19.807671951507317,
    "feat_cr10_pct": 23.061825042133133,
    "time_tuning_search_secs": 870.5935940742493,
    "time_train_secs": 4.17685866355896,
    "time_infer_secs": 0.016763925552368164,
    "time_train_secs_per_1K": 1.39228622118632,
    "time_infer_secs_per_1K": 0.02232213788597625,
    "time_total_secs": 877.3204250335693
}