{
    "dataset": "anneal",
    "algorithm": "catboost",
    "mode": "raw-only",
    "task_type": "multiclass",
    "dataset_samples_count": 890,
    "dataset_raw_features_count": 38,
    "feat_total_count": 38,
    "pca_n_components": 32,
    "optimal_trees": 1000,
    "tuning_completed": 26,
    "tuning_best_idx": 13,
    "tuning_val_score_0": 0.1646982274242307,
    "tuning_val_score_best": 0.007795391531728809,
    "tuning_overall_gain": 0.1569028358925019,
    "tuning_gain_pct": 95.26686373396758,
    "eval_overfitting_ratio": 0.0033929307341504468,
    "primary_metric": "Log_Loss",
    "tabpfn_primary_score": 0.0043537343105701795,
    "eval_primary_value": 2.6449223512738805e-05,
    "eval_primary_delta": -0.00432728508705744,
    "eval_primary_delta_pct": -99.39249339472727,
    "secondary_metric": "Accuracy",
    "tabpfn_secondary_score": 1.0,
    "eval_secondary_value": 1.0,
    "eval_secondary_delta": 0.0,
    "eval_secondary_delta_pct": 0.0,
    "feat_share_embedded_pct": 0,
    "feat_share_raw_pct": 100.00000000000003,
    "feat_active_embedded_pct": 0,
    "feat_active_raw_pct": 76.31578947368422,
    "feat_cr5_pct": 68.9304991486836,
    "feat_cr10_pct": 89.77156014817784,
    "time_tuning_search_secs": 272.48515009880066,
    "time_train_secs": 2.0550899505615234,
    "time_infer_secs": 0.002288818359375,
    "time_train_secs_per_1K": 2.886362290114499,
    "time_infer_secs_per_1K": 0.012858530108848316,
    "time_total_secs": 276.2280020713806
}