{
    "dataset": "coil2000_insurance_policies",
    "algorithm": "xgboost",
    "mode": "raw-only",
    "task_type": "binary",
    "dataset_samples_count": 9822,
    "dataset_raw_features_count": 85,
    "feat_total_count": 85,
    "pca_n_components": 57,
    "optimal_trees": 1000,
    "tuning_completed": 26,
    "tuning_best_idx": 7,
    "tuning_val_score_0": 0.25229636149617973,
    "tuning_val_score_best": 0.23922717206594935,
    "tuning_overall_gain": 0.013069189430230388,
    "tuning_gain_pct": 5.180094295742858,
    "eval_overfitting_ratio": 1.0928425654154548,
    "primary_metric": "1-AUROC",
    "tabpfn_primary_score": 0.22762885262885268,
    "eval_primary_value": 0.2614376364376365,
    "eval_primary_delta": 0.03380878380878383,
    "eval_primary_delta_pct": 14.852591584208714,
    "secondary_metric": "Accuracy",
    "tabpfn_secondary_score": 0.9404580152671755,
    "eval_secondary_value": 0.9404580152671755,
    "eval_secondary_delta": 0.0,
    "eval_secondary_delta_pct": 0.0,
    "feat_share_embedded_pct": 0,
    "feat_share_raw_pct": 100.00000000000001,
    "feat_active_embedded_pct": 0,
    "feat_active_raw_pct": 89.41176470588236,
    "feat_cr5_pct": 61.07316857183228,
    "feat_cr10_pct": 71.9120822829734,
    "time_tuning_search_secs": 169.1606273651123,
    "time_train_secs": 0.6262905597686768,
    "time_infer_secs": 0.005793094635009766,
    "time_train_secs_per_1K": 0.07971115690068432,
    "time_infer_secs_per_1K": 0.0029481397633637483,
    "time_total_secs": 171.40419340133667
}