{
    "dataset": "apsfailure",
    "algorithm": "catboost",
    "mode": "combined",
    "task_type": "binary",
    "dataset_samples_count": 76000,
    "dataset_raw_features_count": 170,
    "feat_total_count": 211,
    "pca_n_components": 41,
    "optimal_trees": 1000,
    "tuning_completed": 26,
    "tuning_best_idx": 17,
    "tuning_val_score_0": 0.009524847639565182,
    "tuning_val_score_best": 0.006716108629819306,
    "tuning_overall_gain": 0.0028087390097458753,
    "tuning_gain_pct": 29.488545287366897,
    "eval_overfitting_ratio": 0.46707055783843326,
    "primary_metric": "1-AUROC",
    "tabpfn_primary_score": 0.004460849703060821,
    "eval_primary_value": 0.003136896604233219,
    "eval_primary_delta": -0.0013239530988276016,
    "eval_primary_delta_pct": -29.679392648426788,
    "secondary_metric": "Accuracy",
    "tabpfn_secondary_score": 0.995,
    "eval_secondary_value": 0.9946052631578948,
    "eval_secondary_delta": -0.00039473684210522553,
    "eval_secondary_delta_pct": -0.03967204443268599,
    "feat_share_embedded_pct": 51.356375720837754,
    "feat_share_raw_pct": 48.64362427916223,
    "feat_active_embedded_pct": 100.0,
    "feat_active_raw_pct": 96.47058823529412,
    "feat_cr5_pct": 20.13917038897144,
    "feat_cr10_pct": 29.301690897048424,
    "time_tuning_search_secs": 1689.5263032913208,
    "time_train_secs": 10.466661214828491,
    "time_infer_secs": 0.009636163711547852,
    "time_train_secs_per_1K": 0.1721490331386265,
    "time_infer_secs_per_1K": 0.0006339581389176219,
    "time_total_secs": 1704.2904818058014
}