{
    "dataset": "apsfailure",
    "algorithm": "lightgbm",
    "mode": "combined",
    "task_type": "binary",
    "dataset_samples_count": 76000,
    "dataset_raw_features_count": 170,
    "feat_total_count": 211,
    "pca_n_components": 41,
    "optimal_trees": 225,
    "tuning_completed": 26,
    "tuning_best_idx": 23,
    "tuning_val_score_0": 0.009639094338236509,
    "tuning_val_score_best": 0.007576498382641628,
    "tuning_overall_gain": 0.0020625959555948814,
    "tuning_gain_pct": 21.398233933793385,
    "eval_overfitting_ratio": 0.6573025588484666,
    "primary_metric": "1-AUROC",
    "tabpfn_primary_score": 0.004460849703060821,
    "eval_primary_value": 0.00498005177402161,
    "eval_primary_delta": 0.0005192020709607892,
    "eval_primary_delta_pct": 11.639084603198752,
    "secondary_metric": "Accuracy",
    "tabpfn_secondary_score": 0.995,
    "eval_secondary_value": 0.9942105263157894,
    "eval_secondary_delta": -0.0007894736842105621,
    "eval_secondary_delta_pct": -0.07934408886538312,
    "feat_share_embedded_pct": 32.33142624697844,
    "feat_share_raw_pct": 67.66857375302146,
    "feat_active_embedded_pct": 100.0,
    "feat_active_raw_pct": 100.0,
    "feat_cr5_pct": 36.02326311483088,
    "feat_cr10_pct": 52.83003299054893,
    "time_tuning_search_secs": 389.4758651256561,
    "time_train_secs": 1.8385515213012695,
    "time_infer_secs": 0.024422407150268555,
    "time_train_secs_per_1K": 0.030239334231928778,
    "time_infer_secs_per_1K": 0.0016067373125176682,
    "time_total_secs": 395.3627016544342
}