{
    "dataset": "blood-transfusion-service-center",
    "algorithm": "xgboost",
    "mode": "combined",
    "task_type": "binary",
    "dataset_samples_count": 748,
    "dataset_raw_features_count": 4,
    "feat_total_count": 26,
    "pca_n_components": 22,
    "optimal_trees": 11,
    "tuning_completed": 26,
    "tuning_best_idx": 15,
    "tuning_val_score_0": 0.2810493349386538,
    "tuning_val_score_best": 0.2524939800481596,
    "tuning_overall_gain": 0.02855535489049421,
    "tuning_gain_pct": 10.16026417451838,
    "eval_overfitting_ratio": 0.8685286103542236,
    "primary_metric": "1-AUROC",
    "tabpfn_primary_score": 0.21479044834307992,
    "eval_primary_value": 0.2192982456140351,
    "eval_primary_delta": 0.004507797270955183,
    "eval_primary_delta_pct": 2.098695405558715,
    "secondary_metric": "Accuracy",
    "tabpfn_secondary_score": 0.7933333333333333,
    "eval_secondary_value": 0.76,
    "eval_secondary_delta": -0.033333333333333326,
    "eval_secondary_delta_pct": -4.201680672268907,
    "feat_share_embedded_pct": 66.48821009854467,
    "feat_share_raw_pct": 33.51178990145533,
    "feat_active_embedded_pct": 90.9090909090909,
    "feat_active_raw_pct": 100.0,
    "feat_cr5_pct": 71.94395662726902,
    "feat_cr10_pct": 87.67722618030875,
    "time_tuning_search_secs": 36.66121315956116,
    "time_train_secs": 0.006334066390991211,
    "time_infer_secs": 0.0004627704620361328,
    "time_train_secs_per_1K": 0.01059208426587159,
    "time_infer_secs_per_1K": 0.0030851364135742188,
    "time_total_secs": 38.19737935066223
}