{
    "dataset": "amazon_employee_access",
    "algorithm": "lightgbm",
    "mode": "combined",
    "task_type": "binary",
    "dataset_samples_count": 32769,
    "dataset_raw_features_count": 9,
    "feat_total_count": 61,
    "pca_n_components": 52,
    "optimal_trees": 195,
    "tuning_completed": 26,
    "tuning_best_idx": 19,
    "tuning_val_score_0": 0.1379615582611834,
    "tuning_val_score_best": 0.11946251395426333,
    "tuning_overall_gain": 0.018499044306920065,
    "tuning_gain_pct": 13.408839781222536,
    "eval_overfitting_ratio": 1.2042301514740155,
    "primary_metric": "1-AUROC",
    "tabpfn_primary_score": 0.14683623001078916,
    "eval_primary_value": 0.14386036127460922,
    "eval_primary_delta": -0.002975868736179943,
    "eval_primary_delta_pct": -2.0266583635123863,
    "secondary_metric": "Accuracy",
    "tabpfn_secondary_score": 0.9490387549588037,
    "eval_secondary_value": 0.9514800122062862,
    "eval_secondary_delta": 0.0024412572474824534,
    "eval_secondary_delta_pct": 0.2572347266881029,
    "feat_share_embedded_pct": 13.429927719440403,
    "feat_share_raw_pct": 86.57007228055959,
    "feat_active_embedded_pct": 100.0,
    "feat_active_raw_pct": 88.88888888888889,
    "feat_cr5_pct": 82.85790431586628,
    "feat_cr10_pct": 98.0155956227351,
    "time_tuning_search_secs": 408.251225233078,
    "time_train_secs": 2.206303119659424,
    "time_infer_secs": 0.03463268280029297,
    "time_train_secs_per_1K": 0.08416185846497898,
    "time_infer_secs_per_1K": 0.005284205492873508,
    "time_total_secs": 412.28201961517334
}