{
    "dataset": "anneal",
    "algorithm": "catboost",
    "mode": "combined",
    "task_type": "multiclass",
    "dataset_samples_count": 890,
    "dataset_raw_features_count": 38,
    "feat_total_count": 70,
    "pca_n_components": 32,
    "optimal_trees": 1000,
    "tuning_completed": 26,
    "tuning_best_idx": 14,
    "tuning_val_score_0": 0.1198058522915838,
    "tuning_val_score_best": 0.008760269374071638,
    "tuning_overall_gain": 0.11104558291751217,
    "tuning_gain_pct": 92.68794536618222,
    "eval_overfitting_ratio": 0.44324556847638685,
    "primary_metric": "Log_Loss",
    "tabpfn_primary_score": 0.0043537343105701795,
    "eval_primary_value": 0.0038829505787166645,
    "eval_primary_delta": -0.0004707837318535151,
    "eval_primary_delta_pct": -10.81333168885677,
    "secondary_metric": "Accuracy",
    "tabpfn_secondary_score": 1.0,
    "eval_secondary_value": 1.0,
    "eval_secondary_delta": 0.0,
    "eval_secondary_delta_pct": 0.0,
    "feat_share_embedded_pct": 76.6701636063047,
    "feat_share_raw_pct": 23.32983639369528,
    "feat_active_embedded_pct": 100.0,
    "feat_active_raw_pct": 78.94736842105263,
    "feat_cr5_pct": 80.13700758377603,
    "feat_cr10_pct": 90.62969596075256,
    "time_tuning_search_secs": 844.9193246364594,
    "time_train_secs": 6.752301216125488,
    "time_infer_secs": 0.006485939025878906,
    "time_train_secs_per_1K": 9.483569123771753,
    "time_infer_secs_per_1K": 0.03643785969594891,
    "time_total_secs": 853.1671893596649
}