{
    "dataset": "bank_customer_churn",
    "algorithm": "catboost",
    "mode": "raw-only",
    "task_type": "binary",
    "dataset_samples_count": 10000,
    "dataset_raw_features_count": 10,
    "feat_total_count": 10,
    "pca_n_components": 20,
    "optimal_trees": 940,
    "tuning_completed": 26,
    "tuning_best_idx": 16,
    "tuning_val_score_0": 0.1319290288162701,
    "tuning_val_score_best": 0.12786798539807187,
    "tuning_overall_gain": 0.00406104341819824,
    "tuning_gain_pct": 3.0782030722395595,
    "eval_overfitting_ratio": 0.9765951976151471,
    "primary_metric": "1-AUROC",
    "tabpfn_primary_score": 0.12259254632135974,
    "eval_primary_value": 0.12487526046848074,
    "eval_primary_delta": 0.002282714147121001,
    "eval_primary_delta_pct": 1.8620333907880298,
    "secondary_metric": "Accuracy",
    "tabpfn_secondary_score": 0.869,
    "eval_secondary_value": 0.8745,
    "eval_secondary_delta": 0.00550000000000006,
    "eval_secondary_delta_pct": 0.6329113924050702,
    "feat_share_embedded_pct": 0,
    "feat_share_raw_pct": 100.0,
    "feat_active_embedded_pct": 0,
    "feat_active_raw_pct": 100.0,
    "feat_cr5_pct": 83.89802710498964,
    "feat_cr10_pct": 100.0,
    "time_tuning_search_secs": 222.29829144477844,
    "time_train_secs": 1.0664069652557373,
    "time_infer_secs": 0.002476215362548828,
    "time_train_secs_per_1K": 0.13330087065696716,
    "time_infer_secs_per_1K": 0.001238107681274414,
    "time_total_secs": 225.107515335083
}