{
    "dataset": "bank-marketing",
    "algorithm": "xgboost",
    "mode": "combined",
    "task_type": "binary",
    "dataset_samples_count": 45211,
    "dataset_raw_features_count": 13,
    "feat_total_count": 41,
    "pca_n_components": 28,
    "optimal_trees": 548,
    "tuning_completed": 26,
    "tuning_best_idx": 11,
    "tuning_val_score_0": 0.24872355093544019,
    "tuning_val_score_best": 0.24084336009709872,
    "tuning_overall_gain": 0.007880190838341461,
    "tuning_gain_pct": 3.1682527885696192,
    "eval_overfitting_ratio": 0.9386909686002706,
    "primary_metric": "1-AUROC",
    "tabpfn_primary_score": 0.22318205330647145,
    "eval_primary_value": 0.22607748697048935,
    "eval_primary_delta": 0.002895433664017899,
    "eval_primary_delta_pct": 1.2973416191497789,
    "secondary_metric": "Accuracy",
    "tabpfn_secondary_score": 0.8961627778392126,
    "eval_secondary_value": 0.8951675328983745,
    "eval_secondary_delta": -0.0009952449408381359,
    "eval_secondary_delta_pct": -0.11105626850936899,
    "feat_share_embedded_pct": 60.38246095257712,
    "feat_share_raw_pct": 39.617539047422845,
    "feat_active_embedded_pct": 100.0,
    "feat_active_raw_pct": 100.0,
    "feat_cr5_pct": 57.90933243386514,
    "feat_cr10_pct": 73.03204345020085,
    "time_tuning_search_secs": 288.52563524246216,
    "time_train_secs": 0.952019453048706,
    "time_infer_secs": 0.013765573501586914,
    "time_train_secs_per_1K": 0.026322148115701893,
    "time_infer_secs_per_1K": 0.0015222352650212225,
    "time_total_secs": 291.442964553833
}