{
    "dataset": "amazon_employee_access",
    "algorithm": "xgboost",
    "mode": "raw-only",
    "task_type": "binary",
    "dataset_samples_count": 32769,
    "dataset_raw_features_count": 9,
    "feat_total_count": 9,
    "pca_n_components": 52,
    "optimal_trees": 180,
    "tuning_completed": 26,
    "tuning_best_idx": 21,
    "tuning_val_score_0": 0.14498484852835802,
    "tuning_val_score_best": 0.1283592438534349,
    "tuning_overall_gain": 0.016625604674923133,
    "tuning_gain_pct": 11.467132492586824,
    "eval_overfitting_ratio": 3.261033106339914,
    "primary_metric": "1-AUROC",
    "tabpfn_primary_score": 0.14683623001078916,
    "eval_primary_value": 0.4185837437108093,
    "eval_primary_delta": 0.27174751370002015,
    "eval_primary_delta_pct": 185.06843554894647,
    "secondary_metric": "Accuracy",
    "tabpfn_secondary_score": 0.9490387549588037,
    "eval_secondary_value": 0.9418675617943241,
    "eval_secondary_delta": -0.007171193164479672,
    "eval_secondary_delta_pct": -0.7556270096462986,
    "feat_share_embedded_pct": 0,
    "feat_share_raw_pct": 100.0,
    "feat_active_embedded_pct": 0,
    "feat_active_raw_pct": 100.0,
    "feat_cr5_pct": 93.30314276307472,
    "feat_cr10_pct": 100.0,
    "time_tuning_search_secs": 649.9467506408691,
    "time_train_secs": 0.7632091045379639,
    "time_infer_secs": 0.00787973403930664,
    "time_train_secs_per_1K": 0.029113450487810943,
    "time_infer_secs_per_1K": 0.0012022786144807202,
    "time_total_secs": 652.5392324924469
}