{
    "dataset": "bioresponse",
    "algorithm": "catboost",
    "mode": "combined",
    "task_type": "binary",
    "dataset_samples_count": 3751,
    "dataset_raw_features_count": 1776,
    "feat_total_count": 1830,
    "pca_n_components": 54,
    "optimal_trees": 894,
    "tuning_completed": 26,
    "tuning_best_idx": 18,
    "tuning_val_score_0": 0.14429838810057993,
    "tuning_val_score_best": 0.12257060441053413,
    "tuning_overall_gain": 0.0217277836900458,
    "tuning_gain_pct": 15.057537354402697,
    "eval_overfitting_ratio": 1.0643985490212426,
    "primary_metric": "1-AUROC",
    "tabpfn_primary_score": 0.12839980572538723,
    "eval_primary_value": 0.13046397348722927,
    "eval_primary_delta": 0.0020641677618420395,
    "eval_primary_delta_pct": 1.6076097235355178,
    "secondary_metric": "Accuracy",
    "tabpfn_secondary_score": 0.7882822902796272,
    "eval_secondary_value": 0.7869507323568575,
    "eval_secondary_delta": -0.0013315579227696217,
    "eval_secondary_delta_pct": -0.16891891891891656,
    "feat_share_embedded_pct": 32.89665318031446,
    "feat_share_raw_pct": 67.10334681968526,
    "feat_active_embedded_pct": 100.0,
    "feat_active_raw_pct": 97.80405405405406,
    "feat_cr5_pct": 20.696181279494102,
    "feat_cr10_pct": 24.447868822486953,
    "time_tuning_search_secs": 6030.851373195648,
    "time_train_secs": 81.15338492393494,
    "time_infer_secs": 0.038702964782714844,
    "time_train_secs_per_1K": 27.051128307978313,
    "time_infer_secs_per_1K": 0.051535239391098324,
    "time_total_secs": 6114.944947481155
}