{
    "dataset": "amazon_employee_access",
    "algorithm": "lightgbm",
    "mode": "embed-only",
    "task_type": "binary",
    "dataset_samples_count": 32769,
    "dataset_raw_features_count": 9,
    "feat_total_count": 52,
    "pca_n_components": 52,
    "optimal_trees": 256,
    "tuning_completed": 26,
    "tuning_best_idx": 23,
    "tuning_val_score_0": 0.16093630283278493,
    "tuning_val_score_best": 0.14574745460655802,
    "tuning_overall_gain": 0.015188848226226903,
    "tuning_gain_pct": 9.437801141740113,
    "eval_overfitting_ratio": 1.0424472020261313,
    "primary_metric": "1-AUROC",
    "tabpfn_primary_score": 0.14683623001078916,
    "eval_primary_value": 0.151934026257037,
    "eval_primary_delta": 0.005097796246247843,
    "eval_primary_delta_pct": 3.4717564226984514,
    "secondary_metric": "Accuracy",
    "tabpfn_secondary_score": 0.9490387549588037,
    "eval_secondary_value": 0.9494964906927067,
    "eval_secondary_delta": 0.0004577357339029531,
    "eval_secondary_delta_pct": 0.04823151125401857,
    "feat_share_embedded_pct": 100.00000000000001,
    "feat_share_raw_pct": 0,
    "feat_active_embedded_pct": 100.0,
    "feat_active_raw_pct": 0,
    "feat_cr5_pct": 26.748017007887416,
    "feat_cr10_pct": 39.08143990329372,
    "time_tuning_search_secs": 236.49166822433472,
    "time_train_secs": 1.5081932544708252,
    "time_infer_secs": 0.021285057067871094,
    "time_train_secs_per_1K": 0.05753169004275511,
    "time_infer_secs_per_1K": 0.0032476437393761204,
    "time_total_secs": 239.8163149356842
}