{
    "dataset": "bank_customer_churn",
    "algorithm": "xgboost",
    "mode": "raw-only",
    "task_type": "binary",
    "dataset_samples_count": 10000,
    "dataset_raw_features_count": 10,
    "feat_total_count": 10,
    "pca_n_components": 20,
    "optimal_trees": 214,
    "tuning_completed": 26,
    "tuning_best_idx": 21,
    "tuning_val_score_0": 0.1409804960383516,
    "tuning_val_score_best": 0.13440318329105982,
    "tuning_overall_gain": 0.006577312747291786,
    "tuning_gain_pct": 4.665406160510691,
    "eval_overfitting_ratio": 0.9666465036557275,
    "primary_metric": "1-AUROC",
    "tabpfn_primary_score": 0.12259254632135974,
    "eval_primary_value": 0.12992036720850286,
    "eval_primary_delta": 0.007327820887143122,
    "eval_primary_delta_pct": 5.977378810563436,
    "secondary_metric": "Accuracy",
    "tabpfn_secondary_score": 0.869,
    "eval_secondary_value": 0.8695,
    "eval_secondary_delta": 0.000500000000000056,
    "eval_secondary_delta_pct": 0.057537399309557646,
    "feat_share_embedded_pct": 0,
    "feat_share_raw_pct": 99.99999999999999,
    "feat_active_embedded_pct": 0,
    "feat_active_raw_pct": 100.0,
    "feat_cr5_pct": 86.5122735058923,
    "feat_cr10_pct": 99.99999999999999,
    "time_tuning_search_secs": 137.9364321231842,
    "time_train_secs": 0.2251131534576416,
    "time_infer_secs": 0.0019314289093017578,
    "time_train_secs_per_1K": 0.0281391441822052,
    "time_infer_secs_per_1K": 0.0009657144546508789,
    "time_total_secs": 139.99104261398315
}