{
    "dataset": "bank_customer_churn",
    "algorithm": "xgboost",
    "mode": "combined",
    "task_type": "binary",
    "dataset_samples_count": 10000,
    "dataset_raw_features_count": 10,
    "feat_total_count": 30,
    "pca_n_components": 20,
    "optimal_trees": 308,
    "tuning_completed": 26,
    "tuning_best_idx": 8,
    "tuning_val_score_0": 0.1427259819969059,
    "tuning_val_score_best": 0.1318783374071162,
    "tuning_overall_gain": 0.010847644589789707,
    "tuning_gain_pct": 7.600329272931448,
    "eval_overfitting_ratio": 0.9621482891865644,
    "primary_metric": "1-AUROC",
    "tabpfn_primary_score": 0.12259254632135974,
    "eval_primary_value": 0.12688651671702533,
    "eval_primary_delta": 0.004293970395665592,
    "eval_primary_delta_pct": 3.5026357837527335,
    "secondary_metric": "Accuracy",
    "tabpfn_secondary_score": 0.869,
    "eval_secondary_value": 0.8685,
    "eval_secondary_delta": -0.0004999999999999449,
    "eval_secondary_delta_pct": -0.05753739930954488,
    "feat_share_embedded_pct": 65.26005534648137,
    "feat_share_raw_pct": 34.73994465351865,
    "feat_active_embedded_pct": 100.0,
    "feat_active_raw_pct": 100.0,
    "feat_cr5_pct": 61.013340153600865,
    "feat_cr10_pct": 80.24596736946305,
    "time_tuning_search_secs": 196.15010046958923,
    "time_train_secs": 0.31798553466796875,
    "time_infer_secs": 0.0015611648559570312,
    "time_train_secs_per_1K": 0.039748191833496094,
    "time_infer_secs_per_1K": 0.0007805824279785156,
    "time_total_secs": 198.14359736442566
}