{
    "dataset": "coil2000_insurance_policies",
    "algorithm": "lightgbm",
    "mode": "combined",
    "task_type": "binary",
    "dataset_samples_count": 9822,
    "dataset_raw_features_count": 85,
    "feat_total_count": 142,
    "pca_n_components": 57,
    "optimal_trees": 517,
    "tuning_completed": 26,
    "tuning_best_idx": 23,
    "tuning_val_score_0": 0.2501816298734001,
    "tuning_val_score_best": 0.22358708041422837,
    "tuning_overall_gain": 0.026594549459171724,
    "tuning_gain_pct": 10.630096811116555,
    "eval_overfitting_ratio": 1.087125059358528,
    "primary_metric": "1-AUROC",
    "tabpfn_primary_score": 0.22762885262885268,
    "eval_primary_value": 0.243067118067118,
    "eval_primary_delta": 0.01543826543826532,
    "eval_primary_delta_pct": 6.782209399191283,
    "secondary_metric": "Accuracy",
    "tabpfn_secondary_score": 0.9404580152671755,
    "eval_secondary_value": 0.9404580152671755,
    "eval_secondary_delta": 0.0,
    "eval_secondary_delta_pct": 0.0,
    "feat_share_embedded_pct": 53.03413962566258,
    "feat_share_raw_pct": 46.96586037433747,
    "feat_active_embedded_pct": 100.0,
    "feat_active_raw_pct": 94.11764705882352,
    "feat_cr5_pct": 27.004470619389185,
    "feat_cr10_pct": 35.44141173272189,
    "time_tuning_search_secs": 158.82778477668762,
    "time_train_secs": 1.4127628803253174,
    "time_infer_secs": 0.019893884658813477,
    "time_train_secs_per_1K": 0.17980945403147733,
    "time_infer_secs_per_1K": 0.010124114330184975,
    "time_total_secs": 162.2214057445526
}