{
    "dataset": "anneal",
    "algorithm": "catboost",
    "mode": "embed-only",
    "task_type": "multiclass",
    "dataset_samples_count": 890,
    "dataset_raw_features_count": 38,
    "feat_total_count": 32,
    "pca_n_components": 32,
    "optimal_trees": 1000,
    "tuning_completed": 26,
    "tuning_best_idx": 25,
    "tuning_val_score_0": 0.1353255124820407,
    "tuning_val_score_best": 0.010975867889562596,
    "tuning_overall_gain": 0.1243496445924781,
    "tuning_gain_pct": 91.88928407640856,
    "eval_overfitting_ratio": 0.28977792673213243,
    "primary_metric": "Log_Loss",
    "tabpfn_primary_score": 0.0043537343105701795,
    "eval_primary_value": 0.003180564241123235,
    "eval_primary_delta": -0.0011731700694469446,
    "eval_primary_delta_pct": -26.946294508571018,
    "secondary_metric": "Accuracy",
    "tabpfn_secondary_score": 1.0,
    "eval_secondary_value": 1.0,
    "eval_secondary_delta": 0.0,
    "eval_secondary_delta_pct": 0.0,
    "feat_share_embedded_pct": 100.00000000000003,
    "feat_share_raw_pct": 0,
    "feat_active_embedded_pct": 100.0,
    "feat_active_raw_pct": 0,
    "feat_cr5_pct": 81.54744640557023,
    "feat_cr10_pct": 87.33208059001048,
    "time_tuning_search_secs": 953.7773885726929,
    "time_train_secs": 5.569669961929321,
    "time_infer_secs": 0.0046575069427490234,
    "time_train_secs_per_1K": 7.822570171249047,
    "time_infer_secs_per_1K": 0.02616576934128665,
    "time_total_secs": 960.7810261249542
}