feature_name,raw_gain,percentage_share
frequency,162303.65807559327,37.60411420211086
suction-side-displacement-thickness,147413.14616344398,34.15413336303723
chord-length,53067.70167277073,12.295249150927836
attack-angle,52462.159142365024,12.154951077935507
free-stream-velocity,16364.773000875171,3.791552205988571
