{
    "dataset": "mic",
    "algorithm": "lightgbm",
    "mode": "embed-only",
    "task_type": "multiclass",
    "pca_n_components": 20,
    "optimal_trees": 71,
    "primary_metric": "Log_Loss",
    "primary_value": 0.46015015884051563,
    "primary_delta": 0.006008758854394114,
    "secondary_metric": "Accuracy",
    "secondary_value": 0.888235294117647,
    "secondary_delta": -0.002941176470588336,
    "macro_embedding_share": 100.0,
    "macro_raw_share": 0,
    "active_embedded": 100.0,
    "active_raw": 0,
    "cr5": 64.73265241156358,
    "cr10": 81.53175262412094,
    "optuna_search_duration_secs": 244.87715864181519,
    "train_duration_secs": 0.21402478218078613,
    "total_duration_secs": 248.13356590270996,
    "timestamp": "20260618_223005"
}