{
    "dataset": "mic",
    "algorithm": "catboost",
    "mode": "combined",
    "task_type": "multiclass",
    "pca_n_components": 20,
    "optimal_trees": 1000,
    "primary_metric": "Log_Loss",
    "primary_value": 0.44206337466248996,
    "primary_delta": -0.012078025323631558,
    "secondary_metric": "Accuracy",
    "secondary_value": 0.8911764705882353,
    "secondary_delta": 0.0,
    "macro_embedding_share": 39.62751840365832,
    "macro_raw_share": 60.3724815963417,
    "active_embedded": 100.0,
    "active_raw": 99.09909909909909,
    "cr5": 28.811841825249978,
    "cr10": 38.999368049932535,
    "optuna_search_duration_secs": 1410.6566512584686,
    "train_duration_secs": 10.251831293106079,
    "total_duration_secs": 1423.8463108539581,
    "timestamp": "20260618_231245"
}