{
    "dataset": "wine_quality",
    "algorithm": "xgboost",
    "mode": "embed-only",
    "task_type": "regression",
    "pca_n_components": 25,
    "optimal_trees": 327,
    "primary_metric": "RMSE",
    "primary_value": 0.5703953340561078,
    "primary_delta": 0.0037591319337741957,
    "secondary_metric": "MSE",
    "secondary_value": 0.3253508371129788,
    "secondary_delta": 0.0042742515573567785,
    "macro_embedding_share": 100.00000000000001,
    "macro_raw_share": 0,
    "active_embedded": 100.0,
    "active_raw": 0,
    "cr5": 94.51417379933119,
    "cr10": 98.26130395999667,
    "optuna_search_duration_secs": 249.77861261367798,
    "train_duration_secs": 0.2756500244140625,
    "total_duration_secs": 252.88598346710205,
    "timestamp": "20260619_003554"
}