{
    "dataset": "churn",
    "algorithm": "lightgbm",
    "mode": "combined",
    "task_type": "binary",
    "pca_n_components": 19,
    "optimal_trees": 385,
    "primary_metric": "ROC_AUC",
    "primary_value": 0.9264690098167918,
    "primary_delta": 0.012260669259158363,
    "secondary_metric": "Accuracy",
    "secondary_value": 0.972,
    "secondary_delta": -0.0020000000000000018,
    "macro_embedding_share": 82.2662090543282,
    "macro_raw_share": 17.733790945671817,
    "active_embedded": 100.0,
    "active_raw": 100.0,
    "cr5": 66.00643576774263,
    "cr10": 80.56755564796902,
    "optuna_search_duration_secs": 245.35419368743896,
    "train_duration_secs": 0.4880063533782959,
    "total_duration_secs": 248.40931463241577,
    "timestamp": "20260618_213235"
}