{
    "dataset": "churn",
    "algorithm": "catboost",
    "mode": "embed-only",
    "task_type": "binary",
    "pca_n_components": 19,
    "optimal_trees": 636,
    "primary_metric": "ROC_AUC",
    "primary_value": 0.9284918138359795,
    "primary_delta": 0.014283473278346004,
    "secondary_metric": "Accuracy",
    "secondary_value": 0.972,
    "secondary_delta": -0.0020000000000000018,
    "macro_embedding_share": 99.99999999999999,
    "macro_raw_share": 0,
    "active_embedded": 100.0,
    "active_raw": 0,
    "cr5": 63.956411925640815,
    "cr10": 81.25605399553162,
    "optuna_search_duration_secs": 557.1552593708038,
    "train_duration_secs": 3.6209113597869873,
    "total_duration_secs": 563.5400078296661,
    "timestamp": "20260618_221141"
}