{
    "dataset": "mic",
    "algorithm": "xgboost",
    "mode": "combined",
    "task_type": "multiclass",
    "pca_n_components": 20,
    "optimal_trees": 871,
    "primary_metric": "Log_Loss",
    "primary_value": 0.4398190677165985,
    "primary_delta": -0.014322332269523008,
    "secondary_metric": "Accuracy",
    "secondary_value": 0.888235294117647,
    "secondary_delta": -0.002941176470588336,
    "macro_embedding_share": 47.99934317554916,
    "macro_raw_share": 52.00065682445085,
    "active_embedded": 100.0,
    "active_raw": 96.3963963963964,
    "cr5": 40.407673657751026,
    "cr10": 52.46941469676367,
    "optuna_search_duration_secs": 1282.366883277893,
    "train_duration_secs": 6.458463907241821,
    "total_duration_secs": 1291.6653244495392,
    "timestamp": "20260618_223415"
}