{
    "dataset": "wine_quality",
    "algorithm": "xgboost",
    "mode": "raw-only",
    "task_type": "regression",
    "pca_n_components": 25,
    "optimal_trees": 1000,
    "primary_metric": "RMSE",
    "primary_value": 0.5898372995379743,
    "primary_delta": 0.023201097415640692,
    "secondary_metric": "MSE",
    "secondary_value": 0.3479080399262499,
    "secondary_delta": 0.026831454370627894,
    "macro_embedding_share": 0,
    "macro_raw_share": 100.0,
    "active_embedded": 0,
    "active_raw": 100.0,
    "cr5": 58.687257791145726,
    "cr10": 93.60847742559436,
    "optuna_search_duration_secs": 585.3175733089447,
    "train_duration_secs": 2.0472846031188965,
    "total_duration_secs": 590.0688593387604,
    "timestamp": "20260619_002602"
}