{
    "dataset": "wine_quality",
    "algorithm": "catboost",
    "mode": "combined",
    "task_type": "regression",
    "pca_n_components": 25,
    "optimal_trees": 1000,
    "primary_metric": "RMSE",
    "primary_value": 0.5713003275083004,
    "primary_delta": 0.004664125385966833,
    "secondary_metric": "MSE",
    "secondary_value": 0.32638406421109134,
    "secondary_delta": 0.005307478655469322,
    "macro_embedding_share": 86.80161894936514,
    "macro_raw_share": 13.198381050634882,
    "active_embedded": 100.0,
    "active_raw": 100.0,
    "cr5": 61.64375215906082,
    "cr10": 71.1839519984535,
    "optuna_search_duration_secs": 2143.8496198654175,
    "train_duration_secs": 20.43945288658142,
    "total_duration_secs": 2166.836303472519,
    "timestamp": "20260619_004009"
}