{
    "dataset": "wine_quality",
    "algorithm": "lightgbm",
    "mode": "embed-only",
    "task_type": "regression",
    "pca_n_components": 25,
    "optimal_trees": 71,
    "primary_metric": "RMSE",
    "primary_value": 0.5697994935578625,
    "primary_delta": 0.0031632914355289588,
    "secondary_metric": "MSE",
    "secondary_value": 0.32467146285879656,
    "secondary_delta": 0.0035948773031745374,
    "macro_embedding_share": 99.99999999999999,
    "macro_raw_share": 0,
    "active_embedded": 100.0,
    "active_raw": 0,
    "cr5": 88.04915123080777,
    "cr10": 97.15788177938565,
    "optuna_search_duration_secs": 163.29073023796082,
    "train_duration_secs": 0.13350653648376465,
    "total_duration_secs": 166.0312056541443,
    "timestamp": "20260619_001707"
}