{
    "dataset": "mic",
    "algorithm": "catboost",
    "mode": "raw-only",
    "task_type": "multiclass",
    "pca_n_components": 20,
    "optimal_trees": 1000,
    "primary_metric": "Log_Loss",
    "primary_value": 0.4403654721376422,
    "primary_delta": -0.013775927848479308,
    "secondary_metric": "Accuracy",
    "secondary_value": 0.8911764705882353,
    "secondary_delta": 0.0,
    "macro_embedding_share": 0,
    "macro_raw_share": 99.99999999999994,
    "active_embedded": 0,
    "active_raw": 100.0,
    "cr5": 30.059665526417174,
    "cr10": 46.925081875149516,
    "optuna_search_duration_secs": 1123.6963334083557,
    "train_duration_secs": 10.03839111328125,
    "total_duration_secs": 1136.255294084549,
    "timestamp": "20260618_233631"
}