{
    "dataset": "wine_quality",
    "algorithm": "xgboost",
    "mode": "combined",
    "task_type": "regression",
    "pca_n_components": 25,
    "optimal_trees": 451,
    "primary_metric": "RMSE",
    "primary_value": 0.5700743555550993,
    "primary_delta": 0.003438153432765767,
    "secondary_metric": "MSE",
    "secondary_value": 0.3249847708615618,
    "secondary_delta": 0.003908185305939782,
    "macro_embedding_share": 95.53534596540233,
    "macro_raw_share": 4.464654034597657,
    "active_embedded": 100.0,
    "active_raw": 91.66666666666666,
    "cr5": 89.00541230497589,
    "cr10": 95.83418069245174,
    "optuna_search_duration_secs": 362.77884101867676,
    "train_duration_secs": 0.5242691040039062,
    "total_duration_secs": 366.0466763973236,
    "timestamp": "20260619_001955"
}