{
    "dataset": "mic",
    "algorithm": "catboost",
    "mode": "embed-only",
    "task_type": "multiclass",
    "pca_n_components": 20,
    "optimal_trees": 725,
    "primary_metric": "Log_Loss",
    "primary_value": 0.452767081678008,
    "primary_delta": -0.0013743183081135202,
    "secondary_metric": "Accuracy",
    "secondary_value": 0.8823529411764706,
    "secondary_delta": -0.008823529411764786,
    "macro_embedding_share": 99.99999999999999,
    "macro_raw_share": 0,
    "active_embedded": 100.0,
    "active_raw": 0,
    "cr5": 61.27706383526,
    "cr10": 78.88335125456828,
    "optuna_search_duration_secs": 727.852808713913,
    "train_duration_secs": 4.329531908035278,
    "total_duration_secs": 734.7432494163513,
    "timestamp": "20260618_235528"
}