{
    "dataset": "wine_quality",
    "algorithm": "lightgbm",
    "mode": "raw-only",
    "task_type": "regression",
    "pca_n_components": 25,
    "optimal_trees": 378,
    "primary_metric": "RMSE",
    "primary_value": 0.5918888245373344,
    "primary_delta": 0.025252622415000814,
    "secondary_metric": "MSE",
    "secondary_value": 0.35033238061218747,
    "secondary_delta": 0.029255795056565448,
    "macro_embedding_share": 0,
    "macro_raw_share": 100.0,
    "active_embedded": 0,
    "active_raw": 100.0,
    "cr5": 58.183950747452386,
    "cr10": 93.96099388434163,
    "optuna_search_duration_secs": 373.9559314250946,
    "train_duration_secs": 1.6778035163879395,
    "total_duration_secs": 378.59846210479736,
    "timestamp": "20260619_001047"
}