{
    "dataset": "churn",
    "algorithm": "lightgbm",
    "mode": "raw-only",
    "task_type": "binary",
    "pca_n_components": 19,
    "optimal_trees": 355,
    "primary_metric": "ROC_AUC",
    "primary_value": 0.8985955960666782,
    "primary_delta": -0.015612744490955288,
    "secondary_metric": "Accuracy",
    "secondary_value": 0.946,
    "secondary_delta": -0.028000000000000025,
    "macro_embedding_share": 0,
    "macro_raw_share": 100.0,
    "active_embedded": 0,
    "active_raw": 100.0,
    "cr5": 67.0863862414248,
    "cr10": 88.70250678510482,
    "optuna_search_duration_secs": 168.5846095085144,
    "train_duration_secs": 0.40613842010498047,
    "total_duration_secs": 171.77821326255798,
    "timestamp": "20260618_213645"
}