{
    "dataset": "churn",
    "algorithm": "lightgbm",
    "mode": "embed-only",
    "task_type": "binary",
    "pca_n_components": 19,
    "optimal_trees": 679,
    "primary_metric": "ROC_AUC",
    "primary_value": 0.9279468952022392,
    "primary_delta": 0.013738554644605716,
    "secondary_metric": "Accuracy",
    "secondary_value": 0.972,
    "secondary_delta": -0.0020000000000000018,
    "macro_embedding_share": 100.00000000000004,
    "macro_raw_share": 0,
    "active_embedded": 100.0,
    "active_raw": 0,
    "cr5": 79.50415202252802,
    "cr10": 91.75169490029771,
    "optuna_search_duration_secs": 185.10595560073853,
    "train_duration_secs": 0.3493916988372803,
    "total_duration_secs": 188.3734474182129,
    "timestamp": "20260618_213938"
}