{
    "dataset": "wine_quality",
    "algorithm": "lightgbm",
    "mode": "combined",
    "task_type": "regression",
    "pca_n_components": 25,
    "optimal_trees": 301,
    "primary_metric": "RMSE",
    "primary_value": 0.5701424201937298,
    "primary_delta": 0.003506218071396283,
    "secondary_metric": "MSE",
    "secondary_value": 0.3250623793043636,
    "secondary_delta": 0.003985793748741584,
    "macro_embedding_share": 95.36661130651865,
    "macro_raw_share": 4.633388693481354,
    "active_embedded": 96.0,
    "active_raw": 91.66666666666666,
    "cr5": 90.87340053201123,
    "cr10": 98.19388388174801,
    "optuna_search_duration_secs": 177.11899042129517,
    "train_duration_secs": 0.23108410835266113,
    "total_duration_secs": 179.89854311943054,
    "timestamp": "20260619_000745"
}