{
    "dataset": "mic",
    "algorithm": "xgboost",
    "mode": "embed-only",
    "task_type": "multiclass",
    "pca_n_components": 20,
    "optimal_trees": 113,
    "primary_metric": "Log_Loss",
    "primary_value": 0.45794302225112915,
    "primary_delta": 0.0038016222650076315,
    "secondary_metric": "Accuracy",
    "secondary_value": 0.8852941176470588,
    "secondary_delta": -0.005882352941176561,
    "macro_embedding_share": 100.00000000000004,
    "macro_raw_share": 0,
    "active_embedded": 100.0,
    "active_raw": 0,
    "cr5": 80.17013322033495,
    "cr10": 90.33873574809427,
    "optuna_search_duration_secs": 349.56028509140015,
    "train_duration_secs": 0.37905311584472656,
    "total_duration_secs": 352.7804009914398,
    "timestamp": "20260618_230651"
}