{
    "dataset": "churn",
    "algorithm": "catboost",
    "mode": "combined",
    "task_type": "binary",
    "pca_n_components": 19,
    "optimal_trees": 431,
    "primary_metric": "ROC_AUC",
    "primary_value": 0.9320668103270338,
    "primary_delta": 0.01785846976940031,
    "secondary_metric": "Accuracy",
    "secondary_value": 0.971,
    "secondary_delta": -0.0030000000000000027,
    "macro_embedding_share": 78.60844286821704,
    "macro_raw_share": 21.391557131782957,
    "active_embedded": 100.0,
    "active_raw": 100.0,
    "cr5": 51.35986008902528,
    "cr10": 64.36256489253552,
    "optuna_search_duration_secs": 507.8110363483429,
    "train_duration_secs": 4.006909132003784,
    "total_duration_secs": 514.8295238018036,
    "timestamp": "20260618_215735"
}