{
    "dataset": "churn",
    "algorithm": "catboost",
    "mode": "raw-only",
    "task_type": "binary",
    "pca_n_components": 19,
    "optimal_trees": 1000,
    "primary_metric": "ROC_AUC",
    "primary_value": 0.928805554867527,
    "primary_delta": 0.01459721430989358,
    "secondary_metric": "Accuracy",
    "secondary_value": 0.963,
    "secondary_delta": -0.01100000000000001,
    "macro_embedding_share": 0,
    "macro_raw_share": 99.99999999999999,
    "active_embedded": 0,
    "active_raw": 100.0,
    "cr5": 63.646159859165294,
    "cr10": 86.74796916899653,
    "optuna_search_duration_secs": 323.0066452026367,
    "train_duration_secs": 1.6532351970672607,
    "total_duration_secs": 327.2124967575073,
    "timestamp": "20260618_220612"
}