{
    "dataset": "wine_quality",
    "algorithm": "catboost",
    "mode": "raw-only",
    "task_type": "regression",
    "pca_n_components": 25,
    "optimal_trees": 1000,
    "primary_metric": "RMSE",
    "primary_value": 0.5861037868366408,
    "primary_delta": 0.019467584714307207,
    "secondary_metric": "MSE",
    "secondary_value": 0.3435176489442504,
    "secondary_delta": 0.02244106338862839,
    "macro_embedding_share": 0,
    "macro_raw_share": 100.00000000000001,
    "active_embedded": 0,
    "active_raw": 100.0,
    "cr5": 62.04535702282209,
    "cr10": 93.51833299443135,
    "optuna_search_duration_secs": 1222.0586767196655,
    "train_duration_secs": 8.751404762268066,
    "total_duration_secs": 1233.482102394104,
    "timestamp": "20260619_011617"
}