{
    "dataset": "mic",
    "algorithm": "lightgbm",
    "mode": "combined",
    "task_type": "multiclass",
    "pca_n_components": 20,
    "optimal_trees": 121,
    "primary_metric": "Log_Loss",
    "primary_value": 0.4330074129608366,
    "primary_delta": -0.021133987025284906,
    "secondary_metric": "Accuracy",
    "secondary_value": 0.8852941176470588,
    "secondary_delta": -0.005882352941176561,
    "macro_embedding_share": 32.211976371032875,
    "macro_raw_share": 67.78802362896707,
    "active_embedded": 100.0,
    "active_raw": 89.1891891891892,
    "cr5": 38.172743500904296,
    "cr10": 47.57289559212563,
    "optuna_search_duration_secs": 254.3593351840973,
    "train_duration_secs": 0.5162887573242188,
    "total_duration_secs": 257.6552608013153,
    "timestamp": "20260618_222106"
}