{
    "dataset": "mic",
    "algorithm": "xgboost",
    "mode": "raw-only",
    "task_type": "multiclass",
    "pca_n_components": 20,
    "optimal_trees": 530,
    "primary_metric": "Log_Loss",
    "primary_value": 0.4550918936729431,
    "primary_delta": 0.0009504936868215963,
    "secondary_metric": "Accuracy",
    "secondary_value": 0.8911764705882353,
    "secondary_delta": 0.0,
    "macro_embedding_share": 0,
    "macro_raw_share": 99.99999999999997,
    "active_embedded": 0,
    "active_raw": 93.69369369369369,
    "cr5": 37.5326766523361,
    "cr10": 54.183936356236934,
    "optuna_search_duration_secs": 656.3147649765015,
    "train_duration_secs": 1.69110107421875,
    "total_duration_secs": 660.8689653873444,
    "timestamp": "20260618_225548"
}