{
    "dataset": "mic",
    "algorithm": "lightgbm",
    "mode": "raw-only",
    "task_type": "multiclass",
    "pca_n_components": 20,
    "optimal_trees": 101,
    "primary_metric": "Log_Loss",
    "primary_value": 0.44801348598015717,
    "primary_delta": -0.006127914005964352,
    "secondary_metric": "Accuracy",
    "secondary_value": 0.888235294117647,
    "secondary_delta": -0.002941176470588336,
    "macro_embedding_share": 0,
    "macro_raw_share": 100.00000000000001,
    "active_embedded": 0,
    "active_raw": 95.4954954954955,
    "cr5": 37.25282696658178,
    "cr10": 50.68349728676771,
    "optuna_search_duration_secs": 274.46597933769226,
    "train_duration_secs": 0.48136377334594727,
    "total_duration_secs": 277.685213804245,
    "timestamp": "20260618_222525"
}