{
    "dataset": "wine_quality",
    "algorithm": "catboost",
    "mode": "embed-only",
    "task_type": "regression",
    "pca_n_components": 25,
    "optimal_trees": 948,
    "primary_metric": "RMSE",
    "primary_value": 0.574628937124844,
    "primary_delta": 0.00799273500251041,
    "secondary_metric": "MSE",
    "secondary_value": 0.33019841538122785,
    "secondary_delta": 0.009121829825605832,
    "macro_embedding_share": 99.99999999999999,
    "macro_raw_share": 0,
    "active_embedded": 100.0,
    "active_raw": 0,
    "cr5": 71.00924393184668,
    "cr10": 81.3624229074448,
    "optuna_search_duration_secs": 815.4583549499512,
    "train_duration_secs": 6.334826469421387,
    "total_duration_secs": 824.4146518707275,
    "timestamp": "20260619_013652"
}