{
    "dataset": "churn",
    "algorithm": "xgboost",
    "mode": "embed-only",
    "task_type": "binary",
    "pca_n_components": 19,
    "optimal_trees": 240,
    "primary_metric": "ROC_AUC",
    "primary_value": 0.9324878838167422,
    "primary_delta": 0.018279543259108744,
    "secondary_metric": "Accuracy",
    "secondary_value": 0.972,
    "secondary_delta": -0.0020000000000000018,
    "macro_embedding_share": 100.0,
    "macro_raw_share": 0,
    "active_embedded": 100.0,
    "active_raw": 0,
    "cr5": 78.1517754018648,
    "cr10": 91.67100577941851,
    "optuna_search_duration_secs": 303.60054636001587,
    "train_duration_secs": 0.2897148132324219,
    "total_duration_secs": 306.7373251914978,
    "timestamp": "20260618_215227"
}