{
    "dataset": "churn",
    "algorithm": "xgboost",
    "mode": "combined",
    "task_type": "binary",
    "pca_n_components": 19,
    "optimal_trees": 627,
    "primary_metric": "ROC_AUC",
    "primary_value": 0.9267910071912747,
    "primary_delta": 0.01258266663364127,
    "secondary_metric": "Accuracy",
    "secondary_value": 0.974,
    "secondary_delta": 0.0,
    "macro_embedding_share": 89.83485207494056,
    "macro_raw_share": 10.165147925059436,
    "active_embedded": 100.0,
    "active_raw": 100.0,
    "cr5": 73.64225916731255,
    "cr10": 84.452918960505,
    "optuna_search_duration_secs": 408.17847061157227,
    "train_duration_secs": 0.7302308082580566,
    "total_duration_secs": 411.890474319458,
    "timestamp": "20260618_214248"
}