{
    "dataset": "churn",
    "algorithm": "xgboost",
    "mode": "raw-only",
    "task_type": "binary",
    "pca_n_components": 19,
    "optimal_trees": 33,
    "primary_metric": "ROC_AUC",
    "primary_value": 0.9057744862490609,
    "primary_delta": -0.008433854308572575,
    "secondary_metric": "Accuracy",
    "secondary_value": 0.945,
    "secondary_delta": -0.029000000000000026,
    "macro_embedding_share": 0,
    "macro_raw_share": 100.00000000000001,
    "active_embedded": 0,
    "active_raw": 100.0,
    "cr5": 70.42687269019565,
    "cr10": 92.85865035071309,
    "optuna_search_duration_secs": 160.12101793289185,
    "train_duration_secs": 0.10467672348022461,
    "total_duration_secs": 162.953622341156,
    "timestamp": "20260618_214942"
}