{
    "dataset": "website_phishing",
    "algorithm": "xgboost",
    "mode": "raw-only",
    "task_type": "multiclass",
    "dataset_samples_count": 1353,
    "dataset_raw_features_count": 9,
    "feat_total_count": 9,
    "pca_n_components": 27,
    "optimal_trees": 23,
    "tuning_completed": 26,
    "tuning_best_idx": 0,
    "tuning_val_score_0": 0.24263663678366693,
    "tuning_val_score_best": 0.24263663678366693,
    "tuning_overall_gain": 0.0,
    "tuning_gain_pct": 0.0,
    "eval_overfitting_ratio": 1.258146355908154,
    "primary_metric": "Log_Loss",
    "tabpfn_primary_score": 0.26726963543778837,
    "eval_primary_value": 0.3052724003791809,
    "eval_primary_delta": 0.03800276494139254,
    "eval_primary_delta_pct": 14.218886062063845,
    "secondary_metric": "Accuracy",
    "tabpfn_secondary_score": 0.8856088560885609,
    "eval_secondary_value": 0.8745387453874539,
    "eval_secondary_delta": -0.011070110701106972,
    "eval_secondary_delta_pct": -1.2499999999999956,
    "feat_share_embedded_pct": 0,
    "feat_share_raw_pct": 100.0,
    "feat_active_embedded_pct": 0,
    "feat_active_raw_pct": 100.0,
    "feat_cr5_pct": 89.1072614596163,
    "feat_cr10_pct": 100.0,
    "time_tuning_search_secs": 271.9586670398712,
    "time_train_secs": 0.03014826774597168,
    "time_infer_secs": 0.0008397102355957031,
    "time_train_secs_per_1K": 0.02786346372086107,
    "time_infer_secs_per_1K": 0.003098561754965694,
    "time_total_secs": 274.5158500671387
}