{
    "dataset": "website_phishing",
    "algorithm": "catboost",
    "mode": "combined",
    "task_type": "multiclass",
    "dataset_samples_count": 1353,
    "dataset_raw_features_count": 9,
    "feat_total_count": 36,
    "pca_n_components": 27,
    "optimal_trees": 1000,
    "tuning_completed": 26,
    "tuning_best_idx": 24,
    "tuning_val_score_0": 0.3440453156180625,
    "tuning_val_score_best": 0.2144439745896215,
    "tuning_overall_gain": 0.129601341028441,
    "tuning_gain_pct": 37.669846135128395,
    "eval_overfitting_ratio": 1.4351745551147936,
    "primary_metric": "Log_Loss",
    "tabpfn_primary_score": 0.26726963543778837,
    "eval_primary_value": 0.30776453582870816,
    "eval_primary_delta": 0.0404949003909198,
    "eval_primary_delta_pct": 15.151328479417067,
    "secondary_metric": "Accuracy",
    "tabpfn_secondary_score": 0.8856088560885609,
    "eval_secondary_value": 0.8966789667896679,
    "eval_secondary_delta": 0.011070110701106972,
    "eval_secondary_delta_pct": 1.2499999999999956,
    "feat_share_embedded_pct": 71.93671158744742,
    "feat_share_raw_pct": 28.063288412552563,
    "feat_active_embedded_pct": 100.0,
    "feat_active_raw_pct": 100.0,
    "feat_cr5_pct": 37.99562570665493,
    "feat_cr10_pct": 57.97605214244782,
    "time_tuning_search_secs": 268.46130537986755,
    "time_train_secs": 1.718614101409912,
    "time_infer_secs": 0.002049684524536133,
    "time_train_secs_per_1K": 1.5883679310627652,
    "time_infer_secs_per_1K": 0.007563411529653626,
    "time_total_secs": 271.9041302204132
}