{
    "dataset": "website_phishing",
    "algorithm": "xgboost",
    "mode": "combined",
    "task_type": "multiclass",
    "dataset_samples_count": 1353,
    "dataset_raw_features_count": 9,
    "feat_total_count": 36,
    "pca_n_components": 27,
    "optimal_trees": 873,
    "tuning_completed": 26,
    "tuning_best_idx": 21,
    "tuning_val_score_0": 0.26227495898420033,
    "tuning_val_score_best": 0.23073630197540734,
    "tuning_overall_gain": 0.03153865700879299,
    "tuning_gain_pct": 12.02503553177294,
    "eval_overfitting_ratio": 1.3332497131801273,
    "primary_metric": "Log_Loss",
    "tabpfn_primary_score": 0.26726963543778837,
    "eval_primary_value": 0.3076291084289551,
    "eval_primary_delta": 0.04035947299116671,
    "eval_primary_delta_pct": 15.100657777699958,
    "secondary_metric": "Accuracy",
    "tabpfn_secondary_score": 0.8856088560885609,
    "eval_secondary_value": 0.8929889298892989,
    "eval_secondary_delta": 0.0073800738007380184,
    "eval_secondary_delta_pct": 0.8333333333333346,
    "feat_share_embedded_pct": 63.995607502578224,
    "feat_share_raw_pct": 36.00439249742177,
    "feat_active_embedded_pct": 100.0,
    "feat_active_raw_pct": 100.0,
    "feat_cr5_pct": 54.60046208389293,
    "feat_cr10_pct": 73.8770081051251,
    "time_tuning_search_secs": 350.6181857585907,
    "time_train_secs": 1.3341972827911377,
    "time_infer_secs": 0.004256248474121094,
    "time_train_secs_per_1K": 1.2330843648716614,
    "time_infer_secs_per_1K": 0.0157057139266461,
    "time_total_secs": 353.8664858341217
}