{
    "dataset": "website_phishing",
    "algorithm": "catboost",
    "mode": "raw-only",
    "task_type": "multiclass",
    "dataset_samples_count": 1353,
    "dataset_raw_features_count": 9,
    "feat_total_count": 9,
    "pca_n_components": 27,
    "optimal_trees": 746,
    "tuning_completed": 26,
    "tuning_best_idx": 16,
    "tuning_val_score_0": 0.46081175618231396,
    "tuning_val_score_best": 0.21550675751143253,
    "tuning_overall_gain": 0.24530499867088143,
    "tuning_gain_pct": 53.23323361000144,
    "eval_overfitting_ratio": 1.5499341439190022,
    "primary_metric": "Log_Loss",
    "tabpfn_primary_score": 0.26726963543778837,
    "eval_primary_value": 0.33402128171224216,
    "eval_primary_delta": 0.06675164627445379,
    "eval_primary_delta_pct": 24.975394666556273,
    "secondary_metric": "Accuracy",
    "tabpfn_secondary_score": 0.8856088560885609,
    "eval_secondary_value": 0.8782287822878229,
    "eval_secondary_delta": -0.0073800738007380184,
    "eval_secondary_delta_pct": -0.8333333333333346,
    "feat_share_embedded_pct": 0,
    "feat_share_raw_pct": 100.0,
    "feat_active_embedded_pct": 0,
    "feat_active_raw_pct": 100.0,
    "feat_cr5_pct": 80.12102666622866,
    "feat_cr10_pct": 100.0,
    "time_tuning_search_secs": 103.28250980377197,
    "time_train_secs": 0.6103265285491943,
    "time_infer_secs": 0.0014781951904296875,
    "time_train_secs_per_1K": 0.5640725772173699,
    "time_infer_secs_per_1K": 0.005454594798633533,
    "time_total_secs": 105.4043881893158
}