{
    "dataset": "website_phishing",
    "algorithm": "lightgbm",
    "mode": "combined",
    "task_type": "multiclass",
    "dataset_samples_count": 1353,
    "dataset_raw_features_count": 9,
    "feat_total_count": 36,
    "pca_n_components": 27,
    "optimal_trees": 539,
    "tuning_completed": 26,
    "tuning_best_idx": 22,
    "tuning_val_score_0": 0.24403713147208148,
    "tuning_val_score_best": 0.21701921541657565,
    "tuning_overall_gain": 0.027017916055505825,
    "tuning_gain_pct": 11.071231616487326,
    "eval_overfitting_ratio": 1.355881729003689,
    "primary_metric": "Log_Loss",
    "tabpfn_primary_score": 0.26726963543778837,
    "eval_primary_value": 0.29425238902605066,
    "eval_primary_delta": 0.026982753588262298,
    "eval_primary_delta_pct": 10.095704865262558,
    "secondary_metric": "Accuracy",
    "tabpfn_secondary_score": 0.8856088560885609,
    "eval_secondary_value": 0.8929889298892989,
    "eval_secondary_delta": 0.0073800738007380184,
    "eval_secondary_delta_pct": 0.8333333333333346,
    "feat_share_embedded_pct": 57.744545249156914,
    "feat_share_raw_pct": 42.25545475084309,
    "feat_active_embedded_pct": 100.0,
    "feat_active_raw_pct": 100.0,
    "feat_cr5_pct": 45.74730721925655,
    "feat_cr10_pct": 64.46777396817217,
    "time_tuning_search_secs": 153.64684867858887,
    "time_train_secs": 1.2677347660064697,
    "time_infer_secs": 0.008996009826660156,
    "time_train_secs_per_1K": 1.1716587486196577,
    "time_infer_secs_per_1K": 0.03319560821645814,
    "time_total_secs": 156.47093081474304
}