feature_name,raw_gain,percentage_share
frequency,40.31453737953603,40.31453737953603
suction-side-displacement-thickness,32.48315668655724,32.48315668655724
chord-length,16.16084113937943,16.16084113937943
attack-angle,5.787277400148365,5.787277400148365
free-stream-velocity,5.25418739437895,5.25418739437895
