{
    "dataset": "churn",
    "algorithm": "lightgbm",
    "mode": "embed-only",
    "task_type": "binary",
    "dataset_samples_count": 5000,
    "dataset_raw_features_count": 19,
    "feat_total_count": 20,
    "pca_n_components": 20,
    "optimal_trees": 791,
    "tuning_completed": 21,
    "tuning_best_idx": 18,
    "tuning_val_score_0": 0.05257053365348485,
    "tuning_val_score_best": 0.04545385665759061,
    "tuning_overall_gain": 0.007116676995894244,
    "tuning_gain_pct": 13.537387774686374,
    "eval_overfitting_ratio": 1.7043496737143329,
    "primary_metric": "1-AUROC",
    "tabpfn_primary_score": 0.08595678630107573,
    "eval_primary_value": 0.07746926576342261,
    "eval_primary_delta": -0.008487520537653115,
    "eval_primary_delta_pct": -9.874171549322913,
    "secondary_metric": "Accuracy",
    "tabpfn_secondary_score": 0.973,
    "eval_secondary_value": 0.973,
    "eval_secondary_delta": 0.0,
    "eval_secondary_delta_pct": 0.0,
    "feat_share_embedded_pct": 99.99999999999999,
    "feat_share_raw_pct": 0,
    "feat_active_embedded_pct": 100.0,
    "feat_active_raw_pct": 0,
    "feat_cr5_pct": 77.38207387621775,
    "feat_cr10_pct": 87.86417177648791,
    "time_tuning_search_secs": 161.0784707069397,
    "time_train_secs": 0.3997170925140381,
    "time_infer_secs": 0.009488821029663086,
    "time_train_secs_per_1K": 0.09992927312850952,
    "time_infer_secs_per_1K": 0.009488821029663086,
    "time_total_secs": 168.56719756126404
}