{
    "dataset": "churn",
    "algorithm": "lightgbm",
    "mode": "combined",
    "task_type": "binary",
    "dataset_samples_count": 5000,
    "dataset_raw_features_count": 19,
    "feat_total_count": 39,
    "pca_n_components": 20,
    "optimal_trees": 476,
    "tuning_completed": 21,
    "tuning_best_idx": 15,
    "tuning_val_score_0": 0.05771567770585129,
    "tuning_val_score_best": 0.050283096911822756,
    "tuning_overall_gain": 0.0074325807940285316,
    "tuning_gain_pct": 12.8779234507282,
    "eval_overfitting_ratio": 1.4250673633431399,
    "primary_metric": "1-AUROC",
    "tabpfn_primary_score": 0.08595678630107573,
    "eval_primary_value": 0.07165680033685884,
    "eval_primary_delta": -0.014299985964216888,
    "eval_primary_delta_pct": -16.63625012006519,
    "secondary_metric": "Accuracy",
    "tabpfn_secondary_score": 0.973,
    "eval_secondary_value": 0.972,
    "eval_secondary_delta": -0.0010000000000000009,
    "eval_secondary_delta_pct": -0.1027749229188079,
    "feat_share_embedded_pct": 84.4768779941617,
    "feat_share_raw_pct": 15.523122005838312,
    "feat_active_embedded_pct": 100.0,
    "feat_active_raw_pct": 100.0,
    "feat_cr5_pct": 61.947305937617834,
    "feat_cr10_pct": 73.97286399845103,
    "time_tuning_search_secs": 200.74686288833618,
    "time_train_secs": 0.5056338310241699,
    "time_infer_secs": 0.009233474731445312,
    "time_train_secs_per_1K": 0.12640845775604248,
    "time_infer_secs_per_1K": 0.009233474731445312,
    "time_total_secs": 208.11201000213623
}