{
    "dataset": "credit_card_clients_default",
    "algorithm": "xgboost",
    "mode": "embed-only",
    "task_type": "binary",
    "dataset_samples_count": 30000,
    "dataset_raw_features_count": 23,
    "feat_total_count": 23,
    "pca_n_components": 23,
    "optimal_trees": 397,
    "tuning_completed": 26,
    "tuning_best_idx": 23,
    "tuning_val_score_0": 0.22441611483143853,
    "tuning_val_score_best": 0.21361768945458914,
    "tuning_overall_gain": 0.010798425376849385,
    "tuning_gain_pct": 4.811786972143335,
    "eval_overfitting_ratio": 1.0443073008216688,
    "primary_metric": "1-AUROC",
    "tabpfn_primary_score": 0.2132596933658718,
    "eval_primary_value": 0.22308251268208346,
    "eval_primary_delta": 0.00982281931621165,
    "eval_primary_delta_pct": 4.606036499996022,
    "secondary_metric": "Accuracy",
    "tabpfn_secondary_score": 0.8218333333333333,
    "eval_secondary_value": 0.8193333333333334,
    "eval_secondary_delta": -0.0024999999999999467,
    "eval_secondary_delta_pct": -0.30419793145405966,
    "feat_share_embedded_pct": 99.99999999999997,
    "feat_share_raw_pct": 0,
    "feat_active_embedded_pct": 100.0,
    "feat_active_raw_pct": 0,
    "feat_cr5_pct": 56.145041197401646,
    "feat_cr10_pct": 75.94032493030605,
    "time_tuning_search_secs": 270.20237851142883,
    "time_train_secs": 0.5887010097503662,
    "time_infer_secs": 0.006226778030395508,
    "time_train_secs_per_1K": 0.02452920873959859,
    "time_infer_secs_per_1K": 0.0010377963383992512,
    "time_total_secs": 273.0343041419983
}