{
    "dataset": "in_vehicle_coupon_recommendation",
    "algorithm": "xgboost",
    "mode": "combined",
    "task_type": "binary",
    "dataset_samples_count": 12684,
    "dataset_raw_features_count": 24,
    "feat_total_count": 82,
    "pca_n_components": 58,
    "optimal_trees": 760,
    "tuning_completed": 26,
    "tuning_best_idx": 1,
    "tuning_val_score_0": 0.18826296422199618,
    "tuning_val_score_best": 0.17029266674574473,
    "tuning_overall_gain": 0.01797029747625145,
    "tuning_gain_pct": 9.54531739713883,
    "eval_overfitting_ratio": 0.8113323700126819,
    "primary_metric": "1-AUROC",
    "tabpfn_primary_score": 0.12970348133933718,
    "eval_primary_value": 0.13816395290660488,
    "eval_primary_delta": 0.008460471567267702,
    "eval_primary_delta_pct": 6.522933293619902,
    "secondary_metric": "Accuracy",
    "tabpfn_secondary_score": 0.7942451714623571,
    "eval_secondary_value": 0.7871501773748522,
    "eval_secondary_delta": -0.007094994087504913,
    "eval_secondary_delta_pct": -0.893300248138956,
    "feat_share_embedded_pct": 78.56230258730182,
    "feat_share_raw_pct": 21.437697412698178,
    "feat_active_embedded_pct": 100.0,
    "feat_active_raw_pct": 100.0,
    "feat_cr5_pct": 20.9822950312903,
    "feat_cr10_pct": 30.569127284031357,
    "time_tuning_search_secs": 1973.1465382575989,
    "time_train_secs": 21.52383303642273,
    "time_infer_secs": 0.04397916793823242,
    "time_train_secs_per_1K": 2.12120163954102,
    "time_infer_secs_per_1K": 0.017335107583063628,
    "time_total_secs": 1996.5201206207275
}