{
    "dataset": "seismic-bumps",
    "algorithm": "catboost",
    "mode": "raw-only",
    "task_type": "binary",
    "dataset_samples_count": 2584,
    "dataset_raw_features_count": 15,
    "feat_total_count": 15,
    "pca_n_components": 25,
    "optimal_trees": 100,
    "tuning_completed": 26,
    "tuning_best_idx": 0,
    "tuning_val_score_0": 0.21948848381298958,
    "tuning_val_score_best": 0.21948848381298958,
    "tuning_overall_gain": 0.0,
    "tuning_gain_pct": 0.0,
    "eval_overfitting_ratio": 1.0480130407298056,
    "primary_metric": "1-AUROC",
    "tabpfn_primary_score": 0.22415052977712813,
    "eval_primary_value": 0.23002679332602594,
    "eval_primary_delta": 0.005876263548897809,
    "eval_primary_delta_pct": 2.621570225482202,
    "secondary_metric": "Accuracy",
    "tabpfn_secondary_score": 0.9342359767891683,
    "eval_secondary_value": 0.9342359767891683,
    "eval_secondary_delta": 0.0,
    "eval_secondary_delta_pct": 0.0,
    "feat_share_embedded_pct": 0,
    "feat_share_raw_pct": 99.99999999999999,
    "feat_active_embedded_pct": 0,
    "feat_active_raw_pct": 93.33333333333333,
    "feat_cr5_pct": 58.43509886295884,
    "feat_cr10_pct": 91.70578186646979,
    "time_tuning_search_secs": 70.64799237251282,
    "time_train_secs": 0.09723234176635742,
    "time_infer_secs": 0.0011234283447265625,
    "time_train_secs_per_1K": 0.04704032015788941,
    "time_infer_secs_per_1K": 0.002172975521714821,
    "time_total_secs": 72.49300932884216
}