{
    "dataset": "churn",
    "algorithm": "lightgbm",
    "mode": "embed-only",
    "task_type": "binary",
    "dataset_samples_count": 5000,
    "dataset_raw_features_count": 19,
    "feat_total_count": 20,
    "pca_n_components": 20,
    "optimal_trees": 837,
    "tuning_completed": 26,
    "tuning_best_idx": 17,
    "tuning_val_score_0": 0.05205482638335579,
    "tuning_val_score_best": 0.045922628659690545,
    "tuning_overall_gain": 0.006132197723665245,
    "tuning_gain_pct": 11.78026736369248,
    "eval_overfitting_ratio": 1.7007955870350981,
    "primary_metric": "1-AUROC",
    "tabpfn_primary_score": 0.08595678630107573,
    "eval_primary_value": 0.07810500416945321,
    "eval_primary_delta": -0.00785178213162252,
    "eval_primary_delta_pct": -9.134569205647765,
    "secondary_metric": "Accuracy",
    "tabpfn_secondary_score": 0.973,
    "eval_secondary_value": 0.971,
    "eval_secondary_delta": -0.0020000000000000018,
    "eval_secondary_delta_pct": -0.2055498458376158,
    "feat_share_embedded_pct": 100.00000000000004,
    "feat_share_raw_pct": 0,
    "feat_active_embedded_pct": 100.0,
    "feat_active_raw_pct": 0,
    "feat_cr5_pct": 68.00224688899195,
    "feat_cr10_pct": 82.51460145568794,
    "time_tuning_search_secs": 90.60055208206177,
    "time_train_secs": 0.5906174182891846,
    "time_infer_secs": 0.009241342544555664,
    "time_train_secs_per_1K": 0.14765435457229614,
    "time_infer_secs_per_1K": 0.009241342544555664,
    "time_total_secs": 93.02868485450745
}