{
    "dataset": "concrete_compressive_strength",
    "algorithm": "xgboost",
    "mode": "raw-only",
    "task_type": "regression",
    "dataset_samples_count": 1030,
    "dataset_raw_features_count": 8,
    "feat_total_count": 8,
    "pca_n_components": 78,
    "optimal_trees": 1000,
    "tuning_completed": 26,
    "tuning_best_idx": 25,
    "tuning_val_score_0": 4.856155544734869,
    "tuning_val_score_best": 4.248949414959288,
    "tuning_overall_gain": 0.6072061297755811,
    "tuning_gain_pct": 12.503844330808656,
    "eval_overfitting_ratio": 0.8068016649174499,
    "primary_metric": "RMSE",
    "tabpfn_primary_score": 3.1551885755220592,
    "eval_primary_value": 3.4280594621391782,
    "eval_primary_delta": 0.272870886617119,
    "eval_primary_delta_pct": 8.648322598973966,
    "secondary_metric": "R2_Score",
    "tabpfn_secondary_score": 0.9639894919084167,
    "eval_secondary_value": 0.9574915469545661,
    "eval_secondary_delta": -0.006497944953850587,
    "eval_secondary_delta_pct": -0.6740680275452547,
    "feat_share_embedded_pct": 0,
    "feat_share_raw_pct": 100.0,
    "feat_active_embedded_pct": 0,
    "feat_active_raw_pct": 100.0,
    "feat_cr5_pct": 87.42041578674792,
    "feat_cr10_pct": 100.0,
    "time_tuning_search_secs": 154.79518723487854,
    "time_train_secs": 0.46637511253356934,
    "time_infer_secs": 0.002115011215209961,
    "time_train_secs_per_1K": 0.5659892142397687,
    "time_infer_secs_per_1K": 0.010267044734028938,
    "time_total_secs": 157.9968659877777
}