{
    "dataset": "online_shoppers_intention",
    "algorithm": "xgboost",
    "mode": "embed-only",
    "task_type": "binary",
    "dataset_samples_count": 12330,
    "dataset_raw_features_count": 17,
    "feat_total_count": 21,
    "pca_n_components": 21,
    "optimal_trees": 540,
    "tuning_completed": 26,
    "tuning_best_idx": 14,
    "tuning_val_score_0": 0.07036760701889566,
    "tuning_val_score_best": 0.06493601407937843,
    "tuning_overall_gain": 0.005431592939517227,
    "tuning_gain_pct": 7.718882550686558,
    "eval_overfitting_ratio": 0.9997914378183739,
    "primary_metric": "1-AUROC",
    "tabpfn_primary_score": 0.06073574780677515,
    "eval_primary_value": 0.06492247088261593,
    "eval_primary_delta": 0.004186723075840781,
    "eval_primary_delta_pct": 6.8933424334552225,
    "secondary_metric": "Accuracy",
    "tabpfn_secondary_score": 0.9014598540145985,
    "eval_secondary_value": 0.8982157339821574,
    "eval_secondary_delta": -0.0032441200324411223,
    "eval_secondary_delta_pct": -0.3598740440845618,
    "feat_share_embedded_pct": 99.99999999999999,
    "feat_share_raw_pct": 0,
    "feat_active_embedded_pct": 100.0,
    "feat_active_raw_pct": 0,
    "feat_cr5_pct": 65.73909177995002,
    "feat_cr10_pct": 85.4603447276407,
    "time_tuning_search_secs": 221.1724283695221,
    "time_train_secs": 0.8446896076202393,
    "time_infer_secs": 0.004242420196533203,
    "time_train_secs_per_1K": 0.0856335774148661,
    "time_infer_secs_per_1K": 0.0017203650432008122,
    "time_total_secs": 224.43049383163452
}