{
    "dataset": "online_shoppers_intention",
    "algorithm": "xgboost",
    "mode": "combined",
    "task_type": "binary",
    "dataset_samples_count": 12330,
    "dataset_raw_features_count": 17,
    "feat_total_count": 38,
    "pca_n_components": 21,
    "optimal_trees": 69,
    "tuning_completed": 26,
    "tuning_best_idx": 25,
    "tuning_val_score_0": 0.06858929009870929,
    "tuning_val_score_best": 0.06302140953201718,
    "tuning_overall_gain": 0.005567880566692107,
    "tuning_gain_pct": 8.11771132006057,
    "eval_overfitting_ratio": 1.0095556410401878,
    "primary_metric": "1-AUROC",
    "tabpfn_primary_score": 0.06073574780677515,
    "eval_primary_value": 0.0636236194993518,
    "eval_primary_delta": 0.002887871692576649,
    "eval_primary_delta_pct": 4.754813757729847,
    "secondary_metric": "Accuracy",
    "tabpfn_secondary_score": 0.9014598540145985,
    "eval_secondary_value": 0.884022708840227,
    "eval_secondary_delta": -0.01743714517437145,
    "eval_secondary_delta_pct": -1.9343229869545657,
    "feat_share_embedded_pct": 36.88356344648782,
    "feat_share_raw_pct": 63.11643655351218,
    "feat_active_embedded_pct": 100.0,
    "feat_active_raw_pct": 100.0,
    "feat_cr5_pct": 80.16442520681771,
    "feat_cr10_pct": 88.40710013313047,
    "time_tuning_search_secs": 173.69018745422363,
    "time_train_secs": 0.15724802017211914,
    "time_infer_secs": 0.0014100074768066406,
    "time_train_secs_per_1K": 0.015941607884440302,
    "time_infer_secs_per_1K": 0.0005717791876750367,
    "time_total_secs": 176.77710342407227
}