{
    "dataset": "superconductivity",
    "algorithm": "lightgbm",
    "mode": "combined",
    "task_type": "regression",
    "dataset_samples_count": 21263,
    "dataset_raw_features_count": 81,
    "feat_total_count": 151,
    "pca_n_components": 70,
    "optimal_trees": 999,
    "tuning_completed": 26,
    "tuning_best_idx": 24,
    "tuning_val_score_0": 9.012949282225614,
    "tuning_val_score_best": 8.878460648940209,
    "tuning_overall_gain": 0.1344886332854056,
    "tuning_gain_pct": 1.492171198063101,
    "eval_overfitting_ratio": 1.0057046462734058,
    "primary_metric": "RMSE",
    "tabpfn_primary_score": 8.967884575443701,
    "eval_primary_value": 8.929109126394765,
    "eval_primary_delta": -0.03877544904893604,
    "eval_primary_delta_pct": -0.43238122349514696,
    "secondary_metric": "R2_Score",
    "tabpfn_secondary_score": 0.9315355911199428,
    "eval_secondary_value": 0.9321263656512512,
    "eval_secondary_delta": 0.0005907745313084023,
    "eval_secondary_delta_pct": 0.06341942669073342,
    "feat_share_embedded_pct": 75.75592271482853,
    "feat_share_raw_pct": 24.244077285171503,
    "feat_active_embedded_pct": 100.0,
    "feat_active_raw_pct": 100.0,
    "feat_cr5_pct": 86.01983949206094,
    "feat_cr10_pct": 92.09322121822397,
    "time_tuning_search_secs": 795.3902025222778,
    "time_train_secs": 7.683721542358398,
    "time_infer_secs": 0.05622458457946777,
    "time_train_secs_per_1K": 0.45171790372477355,
    "time_infer_secs_per_1K": 0.013219982266510175,
    "time_total_secs": 805.1916761398315
}