{
    "dataset": "heloc",
    "algorithm": "lightgbm",
    "mode": "raw-only",
    "task_type": "binary",
    "dataset_samples_count": 10459,
    "dataset_raw_features_count": 23,
    "feat_total_count": 23,
    "pca_n_components": 21,
    "optimal_trees": 348,
    "tuning_completed": 26,
    "tuning_best_idx": 18,
    "tuning_val_score_0": 0.20675506099405183,
    "tuning_val_score_best": 0.20081087349195137,
    "tuning_overall_gain": 0.005944187502100462,
    "tuning_gain_pct": 2.874990084170888,
    "eval_overfitting_ratio": 0.9715896646333204,
    "primary_metric": "1-AUROC",
    "tabpfn_primary_score": 0.1908063186813188,
    "eval_primary_value": 0.19510576923076917,
    "eval_primary_delta": 0.0042994505494503565,
    "eval_primary_delta_pct": 2.253306168875476,
    "secondary_metric": "Accuracy",
    "tabpfn_secondary_score": 0.73565965583174,
    "eval_secondary_value": 0.7304015296367112,
    "eval_secondary_delta": -0.005258126195028745,
    "eval_secondary_delta_pct": -0.7147498375568638,
    "feat_share_embedded_pct": 0,
    "feat_share_raw_pct": 100.00000000000001,
    "feat_active_embedded_pct": 0,
    "feat_active_raw_pct": 100.0,
    "feat_cr5_pct": 64.69065112611663,
    "feat_cr10_pct": 85.29097526555344,
    "time_tuning_search_secs": 112.79448580741882,
    "time_train_secs": 0.2480177879333496,
    "time_infer_secs": 0.004743814468383789,
    "time_train_secs_per_1K": 0.02964237933947049,
    "time_infer_secs_per_1K": 0.0022675977382331687,
    "time_total_secs": 114.93431639671326
}