{
    "dataset": "churn",
    "algorithm": "xgboost",
    "mode": "combined",
    "task_type": "binary",
    "dataset_samples_count": 5000,
    "dataset_raw_features_count": 19,
    "feat_total_count": 39,
    "pca_n_components": 20,
    "optimal_trees": 409,
    "tuning_completed": 26,
    "tuning_best_idx": 2,
    "tuning_val_score_0": 0.05670497206691105,
    "tuning_val_score_best": 0.05205024067536346,
    "tuning_overall_gain": 0.004654731391547595,
    "tuning_gain_pct": 8.208682981194452,
    "eval_overfitting_ratio": 1.5698875734675666,
    "primary_metric": "1-AUROC",
    "tabpfn_primary_score": 0.08595678630107573,
    "eval_primary_value": 0.08171302603224917,
    "eval_primary_delta": -0.0042437602688265574,
    "eval_primary_delta_pct": -4.9370857746614565,
    "secondary_metric": "Accuracy",
    "tabpfn_secondary_score": 0.973,
    "eval_secondary_value": 0.972,
    "eval_secondary_delta": -0.0010000000000000009,
    "eval_secondary_delta_pct": -0.1027749229188079,
    "feat_share_embedded_pct": 90.51116623360164,
    "feat_share_raw_pct": 9.488833766398367,
    "feat_active_embedded_pct": 100.0,
    "feat_active_raw_pct": 100.0,
    "feat_cr5_pct": 74.409754932288,
    "feat_cr10_pct": 81.15456602143263,
    "time_tuning_search_secs": 191.60330438613892,
    "time_train_secs": 0.36594629287719727,
    "time_infer_secs": 0.0013098716735839844,
    "time_train_secs_per_1K": 0.09148657321929932,
    "time_infer_secs_per_1K": 0.0013098716735839844,
    "time_total_secs": 193.87500286102295
}