{
    "dataset": "mic",
    "algorithm": "catboost",
    "mode": "raw-only",
    "task_type": "multiclass",
    "dataset_samples_count": 1699,
    "dataset_raw_features_count": 111,
    "feat_total_count": 111,
    "pca_n_components": 30,
    "optimal_trees": 687,
    "tuning_completed": 26,
    "tuning_best_idx": 20,
    "tuning_val_score_0": 0.5182655883699627,
    "tuning_val_score_best": 0.45312499538609574,
    "tuning_overall_gain": 0.06514059298386699,
    "tuning_gain_pct": 12.568959708234868,
    "eval_overfitting_ratio": 0.9755996808396266,
    "primary_metric": "Log_Loss",
    "tabpfn_primary_score": 0.45523432170328487,
    "eval_primary_value": 0.44206860087913225,
    "eval_primary_delta": -0.013165720824152627,
    "eval_primary_delta_pct": -2.892075618308466,
    "secondary_metric": "Accuracy",
    "tabpfn_secondary_score": 0.888235294117647,
    "eval_secondary_value": 0.8970588235294118,
    "eval_secondary_delta": 0.008823529411764786,
    "eval_secondary_delta_pct": 0.9933774834437177,
    "feat_share_embedded_pct": 0,
    "feat_share_raw_pct": 100.00000000000003,
    "feat_active_embedded_pct": 0,
    "feat_active_raw_pct": 100.0,
    "feat_cr5_pct": 32.56216801561531,
    "feat_cr10_pct": 47.73878276918668,
    "time_tuning_search_secs": 664.7023456096649,
    "time_train_secs": 2.580868721008301,
    "time_infer_secs": 0.010043144226074219,
    "time_train_secs_per_1K": 1.8990939816102288,
    "time_infer_secs_per_1K": 0.02953865948845358,
    "time_total_secs": 669.9571607112885
}