{
    "dataset": "hiva_agnostic",
    "algorithm": "xgboost",
    "mode": "embed-only",
    "task_type": "multiclass",
    "dataset_samples_count": 3845,
    "dataset_raw_features_count": 1617,
    "feat_total_count": 49,
    "pca_n_components": 49,
    "optimal_trees": 485,
    "tuning_completed": 26,
    "tuning_best_idx": 15,
    "tuning_val_score_0": 0.17884971293185561,
    "tuning_val_score_best": 0.17548886685981416,
    "tuning_overall_gain": 0.003360846072041457,
    "tuning_gain_pct": 1.8791453544697547,
    "eval_overfitting_ratio": 0.9811413629859999,
    "primary_metric": "Log_Loss",
    "tabpfn_primary_score": 0.17995572619000175,
    "eval_primary_value": 0.17217938601970673,
    "eval_primary_delta": -0.007776340170295021,
    "eval_primary_delta_pct": -4.321251862852404,
    "secondary_metric": "Accuracy",
    "tabpfn_secondary_score": 0.9648894668400521,
    "eval_secondary_value": 0.9648894668400521,
    "eval_secondary_delta": 0.0,
    "eval_secondary_delta_pct": 0.0,
    "feat_share_embedded_pct": 100.00000000000001,
    "feat_share_raw_pct": 0,
    "feat_active_embedded_pct": 100.0,
    "feat_active_raw_pct": 0,
    "feat_cr5_pct": 17.580115984690526,
    "feat_cr10_pct": 30.77711619945204,
    "time_tuning_search_secs": 472.1742515563965,
    "time_train_secs": 2.7834675312042236,
    "time_infer_secs": 0.004454612731933594,
    "time_train_secs_per_1K": 0.9048984171665226,
    "time_infer_secs_per_1K": 0.005792734371825219,
    "time_total_secs": 478.25696659088135
}