{
    "dataset": "credit_card_clients_default",
    "algorithm": "lightgbm",
    "mode": "embed-only",
    "task_type": "binary",
    "dataset_samples_count": 30000,
    "dataset_raw_features_count": 23,
    "feat_total_count": 23,
    "pca_n_components": 23,
    "optimal_trees": 845,
    "tuning_completed": 26,
    "tuning_best_idx": 25,
    "tuning_val_score_0": 0.21918793284676308,
    "tuning_val_score_best": 0.21342897210986922,
    "tuning_overall_gain": 0.005758960736893859,
    "tuning_gain_pct": 2.627407751009732,
    "eval_overfitting_ratio": 1.0329094661944864,
    "primary_metric": "1-AUROC",
    "tabpfn_primary_score": 0.2132596933658718,
    "eval_primary_value": 0.22045280565244296,
    "eval_primary_delta": 0.007193112286571157,
    "eval_primary_delta_pct": 3.3729356790504887,
    "secondary_metric": "Accuracy",
    "tabpfn_secondary_score": 0.8218333333333333,
    "eval_secondary_value": 0.8191666666666667,
    "eval_secondary_delta": -0.002666666666666595,
    "eval_secondary_delta_pct": -0.32447779355099515,
    "feat_share_embedded_pct": 99.99999999999999,
    "feat_share_raw_pct": 0,
    "feat_active_embedded_pct": 100.0,
    "feat_active_raw_pct": 0,
    "feat_cr5_pct": 50.28615102345707,
    "feat_cr10_pct": 73.17457456552933,
    "time_tuning_search_secs": 208.60331892967224,
    "time_train_secs": 1.5903353691101074,
    "time_infer_secs": 0.05304431915283203,
    "time_train_secs_per_1K": 0.06626397371292114,
    "time_infer_secs_per_1K": 0.008840719858805338,
    "time_total_secs": 212.22185349464417
}