{
    "dataset": "mic",
    "algorithm": "xgboost",
    "mode": "raw-only",
    "task_type": "multiclass",
    "dataset_samples_count": 1699,
    "dataset_raw_features_count": 111,
    "feat_total_count": 111,
    "pca_n_components": 30,
    "optimal_trees": 617,
    "tuning_completed": 26,
    "tuning_best_idx": 10,
    "tuning_val_score_0": 0.4801403465396811,
    "tuning_val_score_best": 0.43413980642924543,
    "tuning_overall_gain": 0.04600054011043564,
    "tuning_gain_pct": 9.580644584850345,
    "eval_overfitting_ratio": 1.0385952662931097,
    "primary_metric": "Log_Loss",
    "tabpfn_primary_score": 0.45523432170328487,
    "eval_primary_value": 0.4508955478668213,
    "eval_primary_delta": -0.004338773836463583,
    "eval_primary_delta_pct": -0.9530858350551902,
    "secondary_metric": "Accuracy",
    "tabpfn_secondary_score": 0.888235294117647,
    "eval_secondary_value": 0.8852941176470588,
    "eval_secondary_delta": -0.002941176470588225,
    "eval_secondary_delta_pct": -0.33112582781456834,
    "feat_share_embedded_pct": 0,
    "feat_share_raw_pct": 100.00000000000007,
    "feat_active_embedded_pct": 0,
    "feat_active_raw_pct": 67.56756756756756,
    "feat_cr5_pct": 56.241377869539434,
    "feat_cr10_pct": 70.11111019906477,
    "time_tuning_search_secs": 471.68622875213623,
    "time_train_secs": 1.1238014698028564,
    "time_infer_secs": 0.004153013229370117,
    "time_train_secs_per_1K": 0.8269326488615574,
    "time_infer_secs_per_1K": 0.01221474479226505,
    "time_total_secs": 474.8171660900116
}