{
    "dataset": "in_vehicle_coupon_recommendation",
    "algorithm": "catboost",
    "mode": "combined",
    "task_type": "binary",
    "dataset_samples_count": 12684,
    "dataset_raw_features_count": 24,
    "feat_total_count": 82,
    "pca_n_components": 58,
    "optimal_trees": 1000,
    "tuning_completed": 26,
    "tuning_best_idx": 21,
    "tuning_val_score_0": 0.21558307610763372,
    "tuning_val_score_best": 0.16821080012390666,
    "tuning_overall_gain": 0.047372275983727063,
    "tuning_gain_pct": 21.97402358247992,
    "eval_overfitting_ratio": 0.8513358440103684,
    "primary_metric": "1-AUROC",
    "tabpfn_primary_score": 0.12970348133933718,
    "eval_primary_value": 0.14320388349514546,
    "eval_primary_delta": 0.013500402155808278,
    "eval_primary_delta_pct": 10.408665994467645,
    "secondary_metric": "Accuracy",
    "tabpfn_secondary_score": 0.7942451714623571,
    "eval_secondary_value": 0.7851793456838786,
    "eval_secondary_delta": -0.009065825778478476,
    "eval_secondary_delta_pct": -1.1414392059553298,
    "feat_share_embedded_pct": 84.58121535740919,
    "feat_share_raw_pct": 15.418784642590794,
    "feat_active_embedded_pct": 100.0,
    "feat_active_raw_pct": 100.0,
    "feat_cr5_pct": 15.761822619550312,
    "feat_cr10_pct": 24.77098019608097,
    "time_tuning_search_secs": 2693.067090034485,
    "time_train_secs": 31.06952953338623,
    "time_infer_secs": 0.04085803031921387,
    "time_train_secs_per_1K": 3.0619424000577737,
    "time_infer_secs_per_1K": 0.0161048601967733,
    "time_total_secs": 2726.4713826179504
}