{
    "dataset": "concrete_compressive_strength",
    "algorithm": "lightgbm",
    "mode": "combined",
    "task_type": "regression",
    "dataset_samples_count": 1030,
    "dataset_raw_features_count": 8,
    "feat_total_count": 86,
    "pca_n_components": 78,
    "optimal_trees": 533,
    "tuning_completed": 26,
    "tuning_best_idx": 19,
    "tuning_val_score_0": 4.456484824223525,
    "tuning_val_score_best": 4.267952873155512,
    "tuning_overall_gain": 0.18853195106801302,
    "tuning_gain_pct": 4.230508091113311,
    "eval_overfitting_ratio": 0.8561490087227381,
    "primary_metric": "RMSE",
    "tabpfn_primary_score": 3.1551885755220592,
    "eval_primary_value": 3.6540036216274534,
    "eval_primary_delta": 0.4988150461053942,
    "eval_primary_delta_pct": 15.80935763951478,
    "secondary_metric": "R2_Score",
    "tabpfn_secondary_score": 0.9639894919084167,
    "eval_secondary_value": 0.9517034004092843,
    "eval_secondary_delta": -0.012286091499132401,
    "eval_secondary_delta_pct": -1.27450471216336,
    "feat_share_embedded_pct": 75.7132995529925,
    "feat_share_raw_pct": 24.286700447007526,
    "feat_active_embedded_pct": 100.0,
    "feat_active_raw_pct": 100.0,
    "feat_cr5_pct": 74.81369369609037,
    "feat_cr10_pct": 86.12173572038985,
    "time_tuning_search_secs": 85.28304934501648,
    "time_train_secs": 0.3423893451690674,
    "time_infer_secs": 0.001707315444946289,
    "time_train_secs_per_1K": 0.4155210499624604,
    "time_infer_secs_per_1K": 0.008287939053137326,
    "time_total_secs": 87.84405970573425
}