{
    "dataset": "superconductivity",
    "algorithm": "catboost",
    "mode": "embed-only",
    "task_type": "regression",
    "dataset_samples_count": 21263,
    "dataset_raw_features_count": 81,
    "feat_total_count": 70,
    "pca_n_components": 70,
    "optimal_trees": 1000,
    "tuning_completed": 26,
    "tuning_best_idx": 13,
    "tuning_val_score_0": 9.393485711752266,
    "tuning_val_score_best": 8.797728437289404,
    "tuning_overall_gain": 0.5957572744628621,
    "tuning_gain_pct": 6.342238576224216,
    "eval_overfitting_ratio": 0.9971979135985901,
    "primary_metric": "RMSE",
    "tabpfn_primary_score": 8.967884575443701,
    "eval_primary_value": 8.773076442071979,
    "eval_primary_delta": -0.19480813337172265,
    "eval_primary_delta_pct": -2.1722863595407524,
    "secondary_metric": "R2_Score",
    "tabpfn_secondary_score": 0.9315355911199428,
    "eval_secondary_value": 0.9344777699732728,
    "eval_secondary_delta": 0.0029421788533300353,
    "eval_secondary_delta_pct": 0.3158418080186059,
    "feat_share_embedded_pct": 100.00000000000006,
    "feat_share_raw_pct": 0,
    "feat_active_embedded_pct": 100.0,
    "feat_active_raw_pct": 0,
    "feat_cr5_pct": 93.79145909270657,
    "feat_cr10_pct": 95.89370342874543,
    "time_tuning_search_secs": 2553.944120645523,
    "time_train_secs": 28.800771236419678,
    "time_infer_secs": 0.03233695030212402,
    "time_train_secs_per_1K": 1.6931670332992166,
    "time_infer_secs_per_1K": 0.007603327134287332,
    "time_total_secs": 2585.632705450058
}