{
    "dataset": "churn",
    "algorithm": "catboost",
    "mode": "embed-only",
    "task_type": "binary",
    "dataset_samples_count": 5000,
    "dataset_raw_features_count": 19,
    "feat_total_count": 20,
    "pca_n_components": 20,
    "optimal_trees": 581,
    "tuning_completed": 26,
    "tuning_best_idx": 9,
    "tuning_val_score_0": 0.05807582661906274,
    "tuning_val_score_best": 0.05226382417669673,
    "tuning_overall_gain": 0.0058120024423660155,
    "tuning_gain_pct": 10.007610361689265,
    "eval_overfitting_ratio": 1.4291938202718255,
    "primary_metric": "1-AUROC",
    "tabpfn_primary_score": 0.08595678630107573,
    "eval_primary_value": 0.07469513453710819,
    "eval_primary_delta": -0.01126165176396754,
    "eval_primary_delta_pct": -13.101527230813426,
    "secondary_metric": "Accuracy",
    "tabpfn_secondary_score": 0.973,
    "eval_secondary_value": 0.972,
    "eval_secondary_delta": -0.0010000000000000009,
    "eval_secondary_delta_pct": -0.1027749229188079,
    "feat_share_embedded_pct": 100.00000000000001,
    "feat_share_raw_pct": 0,
    "feat_active_embedded_pct": 100.0,
    "feat_active_raw_pct": 0,
    "feat_cr5_pct": 61.69941094061007,
    "feat_cr10_pct": 77.1911159854733,
    "time_tuning_search_secs": 163.75469708442688,
    "time_train_secs": 3.091813802719116,
    "time_infer_secs": 0.004340648651123047,
    "time_train_secs_per_1K": 0.772953450679779,
    "time_infer_secs_per_1K": 0.004340648651123047,
    "time_total_secs": 168.80375480651855
}