{
    "dataset": "seismic-bumps",
    "algorithm": "lightgbm",
    "mode": "combined",
    "task_type": "binary",
    "dataset_samples_count": 2584,
    "dataset_raw_features_count": 15,
    "feat_total_count": 40,
    "pca_n_components": 25,
    "optimal_trees": 112,
    "tuning_completed": 26,
    "tuning_best_idx": 16,
    "tuning_val_score_0": 0.21399577800325575,
    "tuning_val_score_best": 0.2009586232215872,
    "tuning_overall_gain": 0.013037154781668558,
    "tuning_gain_pct": 6.092248596357919,
    "eval_overfitting_ratio": 1.120709177916477,
    "primary_metric": "1-AUROC",
    "tabpfn_primary_score": 0.22415052977712813,
    "eval_primary_value": 0.22521617342589206,
    "eval_primary_delta": 0.0010656436487639365,
    "eval_primary_delta_pct": 0.475414289595256,
    "secondary_metric": "Accuracy",
    "tabpfn_secondary_score": 0.9342359767891683,
    "eval_secondary_value": 0.9342359767891683,
    "eval_secondary_delta": 0.0,
    "eval_secondary_delta_pct": 0.0,
    "feat_share_embedded_pct": 47.752119716987764,
    "feat_share_raw_pct": 52.24788028301224,
    "feat_active_embedded_pct": 100.0,
    "feat_active_raw_pct": 93.33333333333333,
    "feat_cr5_pct": 36.574170225152166,
    "feat_cr10_pct": 55.15572348781581,
    "time_tuning_search_secs": 32.81670308113098,
    "time_train_secs": 0.09084033966064453,
    "time_infer_secs": 0.0028238296508789062,
    "time_train_secs_per_1K": 0.04394791468826537,
    "time_infer_secs_per_1K": 0.005461952903053977,
    "time_total_secs": 34.883087158203125
}