{
    "dataset": "in_vehicle_coupon_recommendation",
    "algorithm": "xgboost",
    "mode": "embed-only",
    "task_type": "binary",
    "dataset_samples_count": 12684,
    "dataset_raw_features_count": 24,
    "feat_total_count": 58,
    "pca_n_components": 58,
    "optimal_trees": 1000,
    "tuning_completed": 26,
    "tuning_best_idx": 1,
    "tuning_val_score_0": 0.20403011462730325,
    "tuning_val_score_best": 0.1855343571254875,
    "tuning_overall_gain": 0.018495757501815757,
    "tuning_gain_pct": 9.065209582223439,
    "eval_overfitting_ratio": 0.8430233409354506,
    "primary_metric": "1-AUROC",
    "tabpfn_primary_score": 0.12970348133933718,
    "eval_primary_value": 0.1564097936022395,
    "eval_primary_delta": 0.02670631226290232,
    "eval_primary_delta_pct": 20.590281762007482,
    "secondary_metric": "Accuracy",
    "tabpfn_secondary_score": 0.7942451714623571,
    "eval_secondary_value": 0.7654710287741426,
    "eval_secondary_delta": -0.028774142688214432,
    "eval_secondary_delta_pct": -3.622828784119108,
    "feat_share_embedded_pct": 100.0,
    "feat_share_raw_pct": 0,
    "feat_active_embedded_pct": 100.0,
    "feat_active_raw_pct": 0,
    "feat_cr5_pct": 17.534840676369416,
    "feat_cr10_pct": 29.18568718529044,
    "time_tuning_search_secs": 1827.8663971424103,
    "time_train_secs": 24.046144247055054,
    "time_infer_secs": 0.024907350540161133,
    "time_train_secs_per_1K": 2.369778678136893,
    "time_infer_secs_per_1K": 0.00981763915654755,
    "time_total_secs": 1853.9223775863647
}