{
    "dataset": "heloc",
    "algorithm": "xgboost",
    "mode": "raw-only",
    "task_type": "binary",
    "dataset_samples_count": 10459,
    "dataset_raw_features_count": 23,
    "feat_total_count": 23,
    "pca_n_components": 21,
    "optimal_trees": 117,
    "tuning_completed": 26,
    "tuning_best_idx": 13,
    "tuning_val_score_0": 0.2122006351446718,
    "tuning_val_score_best": 0.2010328548744833,
    "tuning_overall_gain": 0.011167780270188499,
    "tuning_gain_pct": 5.262840171319305,
    "eval_overfitting_ratio": 0.9913205669164425,
    "primary_metric": "1-AUROC",
    "tabpfn_primary_score": 0.1908063186813188,
    "eval_primary_value": 0.1992880036630037,
    "eval_primary_delta": 0.00848168498168489,
    "eval_primary_delta_pct": 4.4451803484825065,
    "secondary_metric": "Accuracy",
    "tabpfn_secondary_score": 0.73565965583174,
    "eval_secondary_value": 0.7318355640535373,
    "eval_secondary_delta": -0.003824091778202643,
    "eval_secondary_delta_pct": -0.5198180636777082,
    "feat_share_embedded_pct": 0,
    "feat_share_raw_pct": 100.0,
    "feat_active_embedded_pct": 0,
    "feat_active_raw_pct": 100.0,
    "feat_cr5_pct": 61.89111333499445,
    "feat_cr10_pct": 81.26769044755842,
    "time_tuning_search_secs": 136.66141390800476,
    "time_train_secs": 0.2585794925689697,
    "time_infer_secs": 0.0011911392211914062,
    "time_train_secs_per_1K": 0.030904684184172308,
    "time_infer_secs_per_1K": 0.0005693782128065995,
    "time_total_secs": 138.8021879196167
}