{
    "dataset": "credit_card_clients_default",
    "algorithm": "xgboost",
    "mode": "combined",
    "task_type": "binary",
    "dataset_samples_count": 30000,
    "dataset_raw_features_count": 23,
    "feat_total_count": 46,
    "pca_n_components": 23,
    "optimal_trees": 739,
    "tuning_completed": 26,
    "tuning_best_idx": 19,
    "tuning_val_score_0": 0.2201786389444973,
    "tuning_val_score_best": 0.21008276504260226,
    "tuning_overall_gain": 0.010095873901895036,
    "tuning_gain_pct": 4.585310341772077,
    "eval_overfitting_ratio": 1.037344694631682,
    "primary_metric": "1-AUROC",
    "tabpfn_primary_score": 0.2132596933658718,
    "eval_primary_value": 0.21792824175049763,
    "eval_primary_delta": 0.004668548384625826,
    "eval_primary_delta_pct": 2.1891377179354694,
    "secondary_metric": "Accuracy",
    "tabpfn_secondary_score": 0.8218333333333333,
    "eval_secondary_value": 0.8205,
    "eval_secondary_delta": -0.0013333333333332975,
    "eval_secondary_delta_pct": -0.16223889677549758,
    "feat_share_embedded_pct": 35.69359085563528,
    "feat_share_raw_pct": 64.30640914436471,
    "feat_active_embedded_pct": 100.0,
    "feat_active_raw_pct": 100.0,
    "feat_cr5_pct": 61.88663846285892,
    "feat_cr10_pct": 72.92333233734574,
    "time_tuning_search_secs": 350.48058223724365,
    "time_train_secs": 1.0587904453277588,
    "time_infer_secs": 0.007493734359741211,
    "time_train_secs_per_1K": 0.04411626855532328,
    "time_infer_secs_per_1K": 0.0012489557266235352,
    "time_total_secs": 353.65608501434326
}