{
    "dataset": "hazelnut-spread-contaminant-detection",
    "algorithm": "xgboost",
    "mode": "combined",
    "task_type": "binary",
    "dataset_samples_count": 2400,
    "dataset_raw_features_count": 30,
    "feat_total_count": 78,
    "pca_n_components": 48,
    "optimal_trees": 1000,
    "tuning_completed": 26,
    "tuning_best_idx": 22,
    "tuning_val_score_0": 0.015885416666666652,
    "tuning_val_score_best": 0.01317708333333334,
    "tuning_overall_gain": 0.0027083333333333126,
    "tuning_gain_pct": 17.049180327868736,
    "eval_overfitting_ratio": 0.7312252964426795,
    "primary_metric": "1-AUROC",
    "tabpfn_primary_score": 0.002899305555555509,
    "eval_primary_value": 0.009635416666666563,
    "eval_primary_delta": 0.006736111111111054,
    "eval_primary_delta_pct": 232.3353293413191,
    "secondary_metric": "Accuracy",
    "tabpfn_secondary_score": 0.9729166666666667,
    "eval_secondary_value": 0.9645833333333333,
    "eval_secondary_delta": -0.008333333333333304,
    "eval_secondary_delta_pct": -0.8565310492505323,
    "feat_share_embedded_pct": 69.0796709871426,
    "feat_share_raw_pct": 30.9203290128574,
    "feat_active_embedded_pct": 100.0,
    "feat_active_raw_pct": 100.0,
    "feat_cr5_pct": 52.85117499499274,
    "feat_cr10_pct": 61.969529457058776,
    "time_tuning_search_secs": 487.8114244937897,
    "time_train_secs": 4.073375463485718,
    "time_infer_secs": 0.0038895606994628906,
    "time_train_secs_per_1K": 2.1215497205654783,
    "time_infer_secs_per_1K": 0.008103251457214355,
    "time_total_secs": 494.0734210014343
}