{
    "dataset": "qsar_fish_toxicity",
    "algorithm": "catboost",
    "mode": "raw-only",
    "task_type": "regression",
    "dataset_samples_count": 907,
    "dataset_raw_features_count": 6,
    "feat_total_count": 6,
    "pca_n_components": 75,
    "optimal_trees": 923,
    "tuning_completed": 26,
    "tuning_best_idx": 15,
    "tuning_val_score_0": 0.9964177181680827,
    "tuning_val_score_best": 0.8553256357467649,
    "tuning_overall_gain": 0.14109208242131777,
    "tuning_gain_pct": 14.15993311326459,
    "eval_overfitting_ratio": 1.0836124946535322,
    "primary_metric": "RMSE",
    "tabpfn_primary_score": 0.8427904535011612,
    "eval_primary_value": 0.9268415458926703,
    "eval_primary_delta": 0.0840510923915091,
    "eval_primary_delta_pct": 9.972952593653613,
    "secondary_metric": "R2_Score",
    "tabpfn_secondary_score": 0.7164271114808677,
    "eval_secondary_value": 0.6570455221919107,
    "eval_secondary_delta": -0.05938158928895698,
    "eval_secondary_delta_pct": -8.288573720530227,
    "feat_share_embedded_pct": 0,
    "feat_share_raw_pct": 99.99999999999999,
    "feat_active_embedded_pct": 0,
    "feat_active_raw_pct": 100.0,
    "feat_cr5_pct": 96.39031101570075,
    "feat_cr10_pct": 99.99999999999999,
    "time_tuning_search_secs": 162.89319038391113,
    "time_train_secs": 1.0956623554229736,
    "time_infer_secs": 0.0027327537536621094,
    "time_train_secs_per_1K": 1.511258421273067,
    "time_infer_secs_per_1K": 0.015015130514626975,
    "time_total_secs": 165.76485300064087
}