{
    "dataset": "superconductivity",
    "algorithm": "lightgbm",
    "mode": "embed-only",
    "task_type": "regression",
    "dataset_samples_count": 21263,
    "dataset_raw_features_count": 81,
    "feat_total_count": 70,
    "pca_n_components": 70,
    "optimal_trees": 1000,
    "tuning_completed": 26,
    "tuning_best_idx": 16,
    "tuning_val_score_0": 8.956336948499025,
    "tuning_val_score_best": 8.893773145031233,
    "tuning_overall_gain": 0.06256380346779267,
    "tuning_gain_pct": 0.6985423150954321,
    "eval_overfitting_ratio": 1.0002427936658973,
    "primary_metric": "RMSE",
    "tabpfn_primary_score": 8.967884575443701,
    "eval_primary_value": 8.895932496816775,
    "eval_primary_delta": -0.07195207862692676,
    "eval_primary_delta_pct": -0.8023305610327485,
    "secondary_metric": "R2_Score",
    "tabpfn_secondary_score": 0.9315355911199428,
    "eval_secondary_value": 0.9326298055826607,
    "eval_secondary_delta": 0.0010942144627179573,
    "eval_secondary_delta_pct": 0.11746351649349576,
    "feat_share_embedded_pct": 100.00000000000003,
    "feat_share_raw_pct": 0,
    "feat_active_embedded_pct": 100.0,
    "feat_active_raw_pct": 0,
    "feat_cr5_pct": 86.33191454883473,
    "feat_cr10_pct": 93.41729343844639,
    "time_tuning_search_secs": 680.3773474693298,
    "time_train_secs": 9.26968765258789,
    "time_infer_secs": 0.08054590225219727,
    "time_train_secs_per_1K": 0.5449551823978771,
    "time_infer_secs_per_1K": 0.01893860857093752,
    "time_total_secs": 692.3340678215027
}