{
    "dataset": "qsar_fish_toxicity",
    "algorithm": "xgboost",
    "mode": "embed-only",
    "task_type": "regression",
    "dataset_samples_count": 907,
    "dataset_raw_features_count": 6,
    "feat_total_count": 75,
    "pca_n_components": 75,
    "optimal_trees": 712,
    "tuning_completed": 26,
    "tuning_best_idx": 11,
    "tuning_val_score_0": 0.9483956456555934,
    "tuning_val_score_best": 0.8783947029721526,
    "tuning_overall_gain": 0.07000094268344081,
    "tuning_gain_pct": 7.380985246410695,
    "eval_overfitting_ratio": 1.0275612257348177,
    "primary_metric": "RMSE",
    "tabpfn_primary_score": 0.8427904535011612,
    "eval_primary_value": 0.9026043376650362,
    "eval_primary_delta": 0.05981388416387501,
    "eval_primary_delta_pct": 7.097124073415076,
    "secondary_metric": "R2_Score",
    "tabpfn_secondary_score": 0.7164271114808677,
    "eval_secondary_value": 0.6747477389011899,
    "eval_secondary_delta": -0.0416793725796778,
    "eval_secondary_delta_pct": -5.817671038931761,
    "feat_share_embedded_pct": 100.00000000000003,
    "feat_share_raw_pct": 0,
    "feat_active_embedded_pct": 100.0,
    "feat_active_raw_pct": 0,
    "feat_cr5_pct": 82.63718918369904,
    "feat_cr10_pct": 86.47884856321167,
    "time_tuning_search_secs": 225.56763339042664,
    "time_train_secs": 0.7525901794433594,
    "time_infer_secs": 0.0010995864868164062,
    "time_train_secs_per_1K": 1.038055419921875,
    "time_infer_secs_per_1K": 0.006041683993496738,
    "time_total_secs": 228.31900119781494
}