{
    "dataset": "credit_card_clients_default",
    "algorithm": "catboost",
    "mode": "combined",
    "task_type": "binary",
    "dataset_samples_count": 30000,
    "dataset_raw_features_count": 23,
    "feat_total_count": 46,
    "pca_n_components": 23,
    "optimal_trees": 1000,
    "tuning_completed": 26,
    "tuning_best_idx": 20,
    "tuning_val_score_0": 0.2127903589846445,
    "tuning_val_score_best": 0.20852338302929552,
    "tuning_overall_gain": 0.004266975955348973,
    "tuning_gain_pct": 2.0052487225969147,
    "eval_overfitting_ratio": 1.0423289292100086,
    "primary_metric": "1-AUROC",
    "tabpfn_primary_score": 0.2132596933658718,
    "eval_primary_value": 0.21734995454817407,
    "eval_primary_delta": 0.004090261182302268,
    "eval_primary_delta_pct": 1.9179719888675586,
    "secondary_metric": "Accuracy",
    "tabpfn_secondary_score": 0.8218333333333333,
    "eval_secondary_value": 0.8221666666666667,
    "eval_secondary_delta": 0.00033333333333340764,
    "eval_secondary_delta_pct": 0.040559724193884525,
    "feat_share_embedded_pct": 32.10697528756694,
    "feat_share_raw_pct": 67.89302471243305,
    "feat_active_embedded_pct": 100.0,
    "feat_active_raw_pct": 100.0,
    "feat_cr5_pct": 57.37335152685238,
    "feat_cr10_pct": 67.79400600345987,
    "time_tuning_search_secs": 781.4233794212341,
    "time_train_secs": 5.446152448654175,
    "time_infer_secs": 0.01191258430480957,
    "time_train_secs_per_1K": 0.22692301869392395,
    "time_infer_secs_per_1K": 0.0019854307174682617,
    "time_total_secs": 788.9454510211945
}