{
    "dataset": "churn",
    "algorithm": "lightgbm",
    "mode": "raw-only",
    "task_type": "binary",
    "dataset_samples_count": 5000,
    "dataset_raw_features_count": 19,
    "feat_total_count": 19,
    "pca_n_components": 20,
    "optimal_trees": 366,
    "tuning_completed": 26,
    "tuning_best_idx": 20,
    "tuning_val_score_0": 0.07522192037136355,
    "tuning_val_score_best": 0.07362036505911385,
    "tuning_overall_gain": 0.0016015553122497028,
    "tuning_gain_pct": 2.129107186233713,
    "eval_overfitting_ratio": 1.1956049384469092,
    "primary_metric": "1-AUROC",
    "tabpfn_primary_score": 0.08595678630107573,
    "eval_primary_value": 0.0880208720349408,
    "eval_primary_delta": 0.002064085733865073,
    "eval_primary_delta_pct": 2.401306310633023,
    "secondary_metric": "Accuracy",
    "tabpfn_secondary_score": 0.973,
    "eval_secondary_value": 0.949,
    "eval_secondary_delta": -0.02400000000000002,
    "eval_secondary_delta_pct": -2.46659815005139,
    "feat_share_embedded_pct": 0,
    "feat_share_raw_pct": 100.00000000000004,
    "feat_active_embedded_pct": 0,
    "feat_active_raw_pct": 100.0,
    "feat_cr5_pct": 70.7648841119171,
    "feat_cr10_pct": 93.3365192105938,
    "time_tuning_search_secs": 61.075958013534546,
    "time_train_secs": 0.11006927490234375,
    "time_infer_secs": 0.003485441207885742,
    "time_train_secs_per_1K": 0.027517318725585938,
    "time_infer_secs_per_1K": 0.003485441207885742,
    "time_total_secs": 63.20122265815735
}