{
    "dataset": "customer_satisfaction_in_airline",
    "algorithm": "catboost",
    "mode": "embed-only",
    "task_type": "binary",
    "dataset_samples_count": 129880,
    "dataset_raw_features_count": 21,
    "feat_total_count": 33,
    "pca_n_components": 33,
    "optimal_trees": 1000,
    "tuning_completed": 26,
    "tuning_best_idx": 13,
    "tuning_val_score_0": 0.01654581297093516,
    "tuning_val_score_best": 0.005916585291822818,
    "tuning_overall_gain": 0.01062922767911234,
    "tuning_gain_pct": 64.24119321174452,
    "eval_overfitting_ratio": 1.0572506835557756,
    "primary_metric": "1-AUROC",
    "tabpfn_primary_score": 0.004773229238590471,
    "eval_primary_value": 0.006255313844095722,
    "eval_primary_delta": 0.0014820846055052517,
    "eval_primary_delta_pct": 31.04993561848937,
    "secondary_metric": "Accuracy",
    "tabpfn_secondary_score": 0.9618109023714198,
    "eval_secondary_value": 0.9590006159531875,
    "eval_secondary_delta": -0.002810286418232222,
    "eval_secondary_delta_pct": -0.29218699967979583,
    "feat_share_embedded_pct": 100.00000000000004,
    "feat_share_raw_pct": 0,
    "feat_active_embedded_pct": 100.0,
    "feat_active_raw_pct": 0,
    "feat_cr5_pct": 58.11151698966878,
    "feat_cr10_pct": 73.781214986151,
    "time_tuning_search_secs": 5116.542063713074,
    "time_train_secs": 33.02562737464905,
    "time_infer_secs": 0.09129476547241211,
    "time_train_secs_per_1K": 0.3178475070704597,
    "time_infer_secs_per_1K": 0.003514581362504316,
    "time_total_secs": 5152.875517845154
}