{
    "dataset": "concrete_compressive_strength",
    "algorithm": "catboost",
    "mode": "embed-only",
    "task_type": "regression",
    "dataset_samples_count": 1030,
    "dataset_raw_features_count": 8,
    "feat_total_count": 78,
    "pca_n_components": 78,
    "optimal_trees": 1000,
    "tuning_completed": 26,
    "tuning_best_idx": 15,
    "tuning_val_score_0": 6.586214399180902,
    "tuning_val_score_best": 4.23250490194127,
    "tuning_overall_gain": 2.353709497239632,
    "tuning_gain_pct": 35.736909772210765,
    "eval_overfitting_ratio": 0.8254644904576556,
    "primary_metric": "RMSE",
    "tabpfn_primary_score": 3.1551885755220592,
    "eval_primary_value": 3.49378250224048,
    "eval_primary_delta": 0.3385939267184206,
    "eval_primary_delta_pct": 10.731337243841175,
    "secondary_metric": "R2_Score",
    "tabpfn_secondary_score": 0.9639894919084167,
    "eval_secondary_value": 0.9558459710059488,
    "eval_secondary_delta": -0.008143520902467838,
    "eval_secondary_delta_pct": -0.8447727875483427,
    "feat_share_embedded_pct": 100.00000000000004,
    "feat_share_raw_pct": 0,
    "feat_active_embedded_pct": 100.0,
    "feat_active_raw_pct": 0,
    "feat_cr5_pct": 87.16742519833933,
    "feat_cr10_pct": 89.82039453194565,
    "time_tuning_search_secs": 578.2022292613983,
    "time_train_secs": 1.8412582874298096,
    "time_infer_secs": 0.002019643783569336,
    "time_train_secs_per_1K": 2.234536756589575,
    "time_infer_secs_per_1K": 0.00980409603674435,
    "time_total_secs": 581.7264804840088
}