{
    "dataset": "hiva_agnostic",
    "algorithm": "lightgbm",
    "mode": "embed-only",
    "task_type": "multiclass",
    "dataset_samples_count": 3845,
    "dataset_raw_features_count": 1617,
    "feat_total_count": 49,
    "pca_n_components": 49,
    "optimal_trees": 32,
    "tuning_completed": 26,
    "tuning_best_idx": 22,
    "tuning_val_score_0": 0.17394758207523592,
    "tuning_val_score_best": 0.17174993621172108,
    "tuning_overall_gain": 0.002197645863514841,
    "tuning_gain_pct": 1.2633954650570043,
    "eval_overfitting_ratio": 1.0027180371673294,
    "primary_metric": "Log_Loss",
    "tabpfn_primary_score": 0.17995572619000175,
    "eval_primary_value": 0.172216758921831,
    "eval_primary_delta": -0.007738967268170749,
    "eval_primary_delta_pct": -4.300484031277645,
    "secondary_metric": "Accuracy",
    "tabpfn_secondary_score": 0.9648894668400521,
    "eval_secondary_value": 0.9648894668400521,
    "eval_secondary_delta": 0.0,
    "eval_secondary_delta_pct": 0.0,
    "feat_share_embedded_pct": 100.0,
    "feat_share_raw_pct": 0,
    "feat_active_embedded_pct": 63.26530612244898,
    "feat_active_raw_pct": 0,
    "feat_cr5_pct": 69.0957151401582,
    "feat_cr10_pct": 82.96993650930192,
    "time_tuning_search_secs": 41.29557466506958,
    "time_train_secs": 0.0176389217376709,
    "time_infer_secs": 0.0007088184356689453,
    "time_train_secs_per_1K": 0.005734369875705754,
    "time_infer_secs_per_1K": 0.0009217404885161838,
    "time_total_secs": 44.9820032119751
}