{
    "dataset": "qsar_fish_toxicity",
    "algorithm": "lightgbm",
    "mode": "embed-only",
    "task_type": "regression",
    "dataset_samples_count": 907,
    "dataset_raw_features_count": 6,
    "feat_total_count": 75,
    "pca_n_components": 75,
    "optimal_trees": 115,
    "tuning_completed": 26,
    "tuning_best_idx": 20,
    "tuning_val_score_0": 0.903166769933522,
    "tuning_val_score_best": 0.8657936387179157,
    "tuning_overall_gain": 0.03737313121560626,
    "tuning_gain_pct": 4.1380099954692895,
    "eval_overfitting_ratio": 1.0324182734404816,
    "primary_metric": "RMSE",
    "tabpfn_primary_score": 0.8427904535011612,
    "eval_primary_value": 0.8938611736409027,
    "eval_primary_delta": 0.051070720139741455,
    "eval_primary_delta_pct": 6.059717445490866,
    "secondary_metric": "R2_Score",
    "tabpfn_secondary_score": 0.7164271114808677,
    "eval_secondary_value": 0.6810183952644248,
    "eval_secondary_delta": -0.035408716216442926,
    "eval_secondary_delta_pct": -4.9424031627240455,
    "feat_share_embedded_pct": 99.99999999999999,
    "feat_share_raw_pct": 0,
    "feat_active_embedded_pct": 100.0,
    "feat_active_raw_pct": 0,
    "feat_cr5_pct": 83.07649719107333,
    "feat_cr10_pct": 86.95685230050113,
    "time_tuning_search_secs": 47.5068085193634,
    "time_train_secs": 0.04777836799621582,
    "time_infer_secs": 0.0007395744323730469,
    "time_train_secs_per_1K": 0.06590119723615975,
    "time_infer_secs_per_1K": 0.0040635957822694885,
    "time_total_secs": 49.16088390350342
}