{
    "dataset": "concrete_compressive_strength",
    "algorithm": "catboost",
    "mode": "combined",
    "task_type": "regression",
    "dataset_samples_count": 1030,
    "dataset_raw_features_count": 8,
    "feat_total_count": 86,
    "pca_n_components": 78,
    "optimal_trees": 1000,
    "tuning_completed": 26,
    "tuning_best_idx": 3,
    "tuning_val_score_0": 6.545059596070842,
    "tuning_val_score_best": 4.268404848812879,
    "tuning_overall_gain": 2.276654747257963,
    "tuning_gain_pct": 34.78432417368199,
    "eval_overfitting_ratio": 0.8098104192846924,
    "primary_metric": "RMSE",
    "tabpfn_primary_score": 3.1551885755220592,
    "eval_primary_value": 3.4565987202939716,
    "eval_primary_delta": 0.3014101447719124,
    "eval_primary_delta_pct": 9.552840901816491,
    "secondary_metric": "R2_Score",
    "tabpfn_secondary_score": 0.9639894919084167,
    "eval_secondary_value": 0.9567808185536547,
    "eval_secondary_delta": -0.007208673354761941,
    "eval_secondary_delta_pct": -0.7477958437587199,
    "feat_share_embedded_pct": 97.12970473380193,
    "feat_share_raw_pct": 2.8702952661980796,
    "feat_active_embedded_pct": 100.0,
    "feat_active_raw_pct": 100.0,
    "feat_cr5_pct": 91.44429654488857,
    "feat_cr10_pct": 94.50249689759205,
    "time_tuning_search_secs": 842.1345899105072,
    "time_train_secs": 2.2599520683288574,
    "time_infer_secs": 0.005543231964111328,
    "time_train_secs_per_1K": 2.742660277098128,
    "time_infer_secs_per_1K": 0.026908893029666644,
    "time_total_secs": 846.2270793914795
}