{
    "dataset": "concrete_compressive_strength",
    "algorithm": "catboost",
    "mode": "raw-only",
    "task_type": "regression",
    "dataset_samples_count": 1030,
    "dataset_raw_features_count": 8,
    "feat_total_count": 8,
    "pca_n_components": 78,
    "optimal_trees": 1000,
    "tuning_completed": 26,
    "tuning_best_idx": 21,
    "tuning_val_score_0": 7.877868967620407,
    "tuning_val_score_best": 4.296238618362026,
    "tuning_overall_gain": 3.581630349258381,
    "tuning_gain_pct": 45.46445699947012,
    "eval_overfitting_ratio": 0.8207182156929095,
    "primary_metric": "RMSE",
    "tabpfn_primary_score": 3.1551885755220592,
    "eval_primary_value": 3.526001293053053,
    "eval_primary_delta": 0.37081271753099365,
    "eval_primary_delta_pct": 11.752474017171503,
    "secondary_metric": "R2_Score",
    "tabpfn_secondary_score": 0.9639894919084167,
    "eval_secondary_value": 0.9550278612322604,
    "eval_secondary_delta": -0.008961630676156296,
    "eval_secondary_delta_pct": -0.9296398717391509,
    "feat_share_embedded_pct": 0,
    "feat_share_raw_pct": 100.00000000000003,
    "feat_active_embedded_pct": 0,
    "feat_active_raw_pct": 100.0,
    "feat_cr5_pct": 89.08784067236671,
    "feat_cr10_pct": 100.00000000000003,
    "time_tuning_search_secs": 147.67363691329956,
    "time_train_secs": 0.3096916675567627,
    "time_infer_secs": 0.000904083251953125,
    "time_train_secs_per_1K": 0.37583940237471203,
    "time_infer_secs_per_1K": 0.004388753650257889,
    "time_total_secs": 150.17568850517273
}