{
    "dataset": "mic",
    "algorithm": "xgboost",
    "mode": "combined",
    "task_type": "multiclass",
    "dataset_samples_count": 1699,
    "dataset_raw_features_count": 111,
    "feat_total_count": 141,
    "pca_n_components": 30,
    "optimal_trees": 279,
    "tuning_completed": 26,
    "tuning_best_idx": 14,
    "tuning_val_score_0": 0.48362111593309753,
    "tuning_val_score_best": 0.4465448170041453,
    "tuning_overall_gain": 0.037076298928952256,
    "tuning_gain_pct": 7.666393734156402,
    "eval_overfitting_ratio": 1.0018599256228262,
    "primary_metric": "Log_Loss",
    "tabpfn_primary_score": 0.45523432170328487,
    "eval_primary_value": 0.4473753571510315,
    "eval_primary_delta": -0.007858964552253378,
    "eval_primary_delta_pct": -1.7263558957612464,
    "secondary_metric": "Accuracy",
    "tabpfn_secondary_score": 0.888235294117647,
    "eval_secondary_value": 0.8852941176470588,
    "eval_secondary_delta": -0.002941176470588225,
    "eval_secondary_delta_pct": -0.33112582781456834,
    "feat_share_embedded_pct": 54.218031688768164,
    "feat_share_raw_pct": 45.78196831123181,
    "feat_active_embedded_pct": 100.0,
    "feat_active_raw_pct": 90.990990990991,
    "feat_cr5_pct": 41.77236690265988,
    "feat_cr10_pct": 51.356725094888205,
    "time_tuning_search_secs": 625.1353268623352,
    "time_train_secs": 2.084503173828125,
    "time_infer_secs": 0.005413532257080078,
    "time_train_secs_per_1K": 1.5338507533687453,
    "time_infer_secs_per_1K": 0.015922153697294345,
    "time_total_secs": 629.5748589038849
}