{
    "dataset": "hazelnut-spread-contaminant-detection",
    "algorithm": "lightgbm",
    "mode": "combined",
    "task_type": "binary",
    "dataset_samples_count": 2400,
    "dataset_raw_features_count": 30,
    "feat_total_count": 78,
    "pca_n_components": 48,
    "optimal_trees": 912,
    "tuning_completed": 26,
    "tuning_best_idx": 7,
    "tuning_val_score_0": 0.015399305555555465,
    "tuning_val_score_best": 0.013168402777777866,
    "tuning_overall_gain": 0.002230902777777599,
    "tuning_gain_pct": 14.487034949266118,
    "eval_overfitting_ratio": 0.6526038233355229,
    "primary_metric": "1-AUROC",
    "tabpfn_primary_score": 0.002899305555555509,
    "eval_primary_value": 0.008593749999999956,
    "eval_primary_delta": 0.005694444444444446,
    "eval_primary_delta_pct": 196.40718562874574,
    "secondary_metric": "Accuracy",
    "tabpfn_secondary_score": 0.9729166666666667,
    "eval_secondary_value": 0.9625,
    "eval_secondary_delta": -0.01041666666666663,
    "eval_secondary_delta_pct": -1.0706638115631655,
    "feat_share_embedded_pct": 60.31873712341816,
    "feat_share_raw_pct": 39.681262876581854,
    "feat_active_embedded_pct": 100.0,
    "feat_active_raw_pct": 100.0,
    "feat_cr5_pct": 41.49660398298698,
    "feat_cr10_pct": 54.727505525130795,
    "time_tuning_search_secs": 121.5818407535553,
    "time_train_secs": 0.7861828804016113,
    "time_infer_secs": 0.0053484439849853516,
    "time_train_secs_per_1K": 0.4094702502091726,
    "time_infer_secs_per_1K": 0.01114259163538615,
    "time_total_secs": 124.13220834732056
}