{
    "dataset": "in_vehicle_coupon_recommendation",
    "algorithm": "lightgbm",
    "mode": "embed-only",
    "task_type": "binary",
    "dataset_samples_count": 12684,
    "dataset_raw_features_count": 24,
    "feat_total_count": 58,
    "pca_n_components": 58,
    "optimal_trees": 613,
    "tuning_completed": 26,
    "tuning_best_idx": 12,
    "tuning_val_score_0": 0.20355489165862295,
    "tuning_val_score_best": 0.1869599947994688,
    "tuning_overall_gain": 0.016594896859154162,
    "tuning_gain_pct": 8.1525414220873,
    "eval_overfitting_ratio": 0.8370048631760727,
    "primary_metric": "1-AUROC",
    "tabpfn_primary_score": 0.12970348133933718,
    "eval_primary_value": 0.15648642486652864,
    "eval_primary_delta": 0.02678294352719146,
    "eval_primary_delta_pct": 20.64936364901455,
    "secondary_metric": "Accuracy",
    "tabpfn_secondary_score": 0.7942451714623571,
    "eval_secondary_value": 0.7682301931415058,
    "eval_secondary_delta": -0.026014978320851312,
    "eval_secondary_delta_pct": -3.2754342431761683,
    "feat_share_embedded_pct": 99.99999999999999,
    "feat_share_raw_pct": 0,
    "feat_active_embedded_pct": 100.0,
    "feat_active_raw_pct": 0,
    "feat_cr5_pct": 17.56961534804232,
    "feat_cr10_pct": 28.673718646644772,
    "time_tuning_search_secs": 523.6247534751892,
    "time_train_secs": 6.1871421337127686,
    "time_infer_secs": 0.035040855407714844,
    "time_train_secs_per_1K": 0.6097508755014062,
    "time_infer_secs_per_1K": 0.013811925663269548,
    "time_total_secs": 532.5451011657715
}