{
    "dataset": "customer_satisfaction_in_airline",
    "algorithm": "lightgbm",
    "mode": "combined",
    "task_type": "binary",
    "dataset_samples_count": 129880,
    "dataset_raw_features_count": 21,
    "feat_total_count": 54,
    "pca_n_components": 33,
    "optimal_trees": 920,
    "tuning_completed": 26,
    "tuning_best_idx": 20,
    "tuning_val_score_0": 0.005394628629270759,
    "tuning_val_score_best": 0.005025410515335671,
    "tuning_overall_gain": 0.0003692181139350881,
    "tuning_gain_pct": 6.844180374748032,
    "eval_overfitting_ratio": 1.0213982032221685,
    "primary_metric": "1-AUROC",
    "tabpfn_primary_score": 0.004773229238590471,
    "eval_primary_value": 0.005132945270817646,
    "eval_primary_delta": 0.0003597160322271753,
    "eval_primary_delta_pct": 7.536114740078963,
    "secondary_metric": "Accuracy",
    "tabpfn_secondary_score": 0.9618109023714198,
    "eval_secondary_value": 0.9614259316291962,
    "eval_secondary_delta": -0.0003849707422235449,
    "eval_secondary_delta_pct": -0.04002561639448768,
    "feat_share_embedded_pct": 54.02612233444881,
    "feat_share_raw_pct": 45.97387766555119,
    "feat_active_embedded_pct": 100.0,
    "feat_active_raw_pct": 100.0,
    "feat_cr5_pct": 41.18847387181334,
    "feat_cr10_pct": 58.98146305052254,
    "time_tuning_search_secs": 1229.1770856380463,
    "time_train_secs": 10.348402261734009,
    "time_infer_secs": 0.5575301647186279,
    "time_train_secs_per_1K": 0.09959580248820074,
    "time_infer_secs_per_1K": 0.021463280132377114,
    "time_total_secs": 1243.1504845619202
}