{
    "dataset": "heloc",
    "algorithm": "lightgbm",
    "mode": "embed-only",
    "task_type": "binary",
    "dataset_samples_count": 10459,
    "dataset_raw_features_count": 23,
    "feat_total_count": 21,
    "pca_n_components": 21,
    "optimal_trees": 837,
    "tuning_completed": 26,
    "tuning_best_idx": 25,
    "tuning_val_score_0": 0.2395676248445744,
    "tuning_val_score_best": 0.22636624197667776,
    "tuning_overall_gain": 0.013201382867896627,
    "tuning_gain_pct": 5.510503715375298,
    "eval_overfitting_ratio": 0.9503101257045877,
    "primary_metric": "1-AUROC",
    "tabpfn_primary_score": 0.1908063186813188,
    "eval_primary_value": 0.21511813186813178,
    "eval_primary_delta": 0.02431181318681297,
    "eval_primary_delta_pct": 12.741618492948398,
    "secondary_metric": "Accuracy",
    "tabpfn_secondary_score": 0.73565965583174,
    "eval_secondary_value": 0.7093690248565966,
    "eval_secondary_delta": -0.026290630975143392,
    "eval_secondary_delta_pct": -3.5737491877842738,
    "feat_share_embedded_pct": 100.00000000000001,
    "feat_share_raw_pct": 0,
    "feat_active_embedded_pct": 100.0,
    "feat_active_raw_pct": 0,
    "feat_cr5_pct": 30.430552136224765,
    "feat_cr10_pct": 57.13449863890976,
    "time_tuning_search_secs": 255.65087294578552,
    "time_train_secs": 2.3141672611236572,
    "time_infer_secs": 0.02595806121826172,
    "time_train_secs_per_1K": 0.2765826773184722,
    "time_infer_secs_per_1K": 0.01240825106035455,
    "time_total_secs": 260.30887389183044
}