{
    "dataset": "superconductivity",
    "algorithm": "xgboost",
    "mode": "raw-only",
    "task_type": "regression",
    "dataset_samples_count": 21263,
    "dataset_raw_features_count": 81,
    "feat_total_count": 81,
    "pca_n_components": 70,
    "optimal_trees": 854,
    "tuning_completed": 26,
    "tuning_best_idx": 21,
    "tuning_val_score_0": 9.769849940355858,
    "tuning_val_score_best": 9.213866860555267,
    "tuning_overall_gain": 0.5559830798005905,
    "tuning_gain_pct": 5.6908047021686325,
    "eval_overfitting_ratio": 1.0159883034131791,
    "primary_metric": "RMSE",
    "tabpfn_primary_score": 8.967884575443701,
    "eval_primary_value": 9.361180959530461,
    "eval_primary_delta": 0.39329638408676004,
    "eval_primary_delta_pct": 4.385609346084843,
    "secondary_metric": "R2_Score",
    "tabpfn_secondary_score": 0.9315355911199428,
    "eval_secondary_value": 0.9253987465952442,
    "eval_secondary_delta": -0.006136844524698537,
    "eval_secondary_delta_pct": -0.6587879822520242,
    "feat_share_embedded_pct": 0,
    "feat_share_raw_pct": 100.00000000000003,
    "feat_active_embedded_pct": 0,
    "feat_active_raw_pct": 100.0,
    "feat_cr5_pct": 55.77646003574698,
    "feat_cr10_pct": 68.13359417178576,
    "time_tuning_search_secs": 1775.5860676765442,
    "time_train_secs": 17.377556562423706,
    "time_infer_secs": 0.022588014602661133,
    "time_train_secs_per_1K": 1.0216082635169725,
    "time_infer_secs_per_1K": 0.005311077969118535,
    "time_total_secs": 1795.2520344257355
}