{
    "dataset": "credit_card_clients_default",
    "algorithm": "lightgbm",
    "mode": "raw-only",
    "task_type": "binary",
    "dataset_samples_count": 30000,
    "dataset_raw_features_count": 23,
    "feat_total_count": 23,
    "pca_n_components": 23,
    "optimal_trees": 235,
    "tuning_completed": 26,
    "tuning_best_idx": 25,
    "tuning_val_score_0": 0.2176819951224349,
    "tuning_val_score_best": 0.21376887064716021,
    "tuning_overall_gain": 0.0039131244752746985,
    "tuning_gain_pct": 1.7976335034387054,
    "eval_overfitting_ratio": 1.0229810264991859,
    "primary_metric": "1-AUROC",
    "tabpfn_primary_score": 0.2132596933658718,
    "eval_primary_value": 0.21868149872820364,
    "eval_primary_delta": 0.005421805362331833,
    "eval_primary_delta_pct": 2.542348850249023,
    "secondary_metric": "Accuracy",
    "tabpfn_secondary_score": 0.8218333333333333,
    "eval_secondary_value": 0.8225,
    "eval_secondary_delta": 0.0006666666666667043,
    "eval_secondary_delta_pct": 0.08111944838775555,
    "feat_share_embedded_pct": 0,
    "feat_share_raw_pct": 100.00000000000003,
    "feat_active_embedded_pct": 0,
    "feat_active_raw_pct": 100.0,
    "feat_cr5_pct": 69.98889021161727,
    "feat_cr10_pct": 85.01560155807874,
    "time_tuning_search_secs": 196.03676509857178,
    "time_train_secs": 0.42127394676208496,
    "time_infer_secs": 0.009808778762817383,
    "time_train_secs_per_1K": 0.017553081115086872,
    "time_infer_secs_per_1K": 0.0016347964604695637,
    "time_total_secs": 198.48358631134033
}