{
    "dataset": "hazelnut-spread-contaminant-detection",
    "algorithm": "lightgbm",
    "mode": "embed-only",
    "task_type": "binary",
    "dataset_samples_count": 2400,
    "dataset_raw_features_count": 30,
    "feat_total_count": 48,
    "pca_n_components": 48,
    "optimal_trees": 947,
    "tuning_completed": 26,
    "tuning_best_idx": 7,
    "tuning_val_score_0": 0.016449652777777768,
    "tuning_val_score_best": 0.013342013888888893,
    "tuning_overall_gain": 0.003107638888888875,
    "tuning_gain_pct": 18.89182058047486,
    "eval_overfitting_ratio": 0.6428106701366303,
    "primary_metric": "1-AUROC",
    "tabpfn_primary_score": 0.002899305555555509,
    "eval_primary_value": 0.008576388888888897,
    "eval_primary_delta": 0.005677083333333388,
    "eval_primary_delta_pct": 195.80838323353794,
    "secondary_metric": "Accuracy",
    "tabpfn_secondary_score": 0.9729166666666667,
    "eval_secondary_value": 0.9541666666666667,
    "eval_secondary_delta": -0.018749999999999933,
    "eval_secondary_delta_pct": -1.9271948608136975,
    "feat_share_embedded_pct": 100.00000000000001,
    "feat_share_raw_pct": 0,
    "feat_active_embedded_pct": 100.0,
    "feat_active_raw_pct": 0,
    "feat_cr5_pct": 52.969757406993075,
    "feat_cr10_pct": 66.48264192374059,
    "time_tuning_search_secs": 114.76196718215942,
    "time_train_secs": 0.7840979099273682,
    "time_infer_secs": 0.005077838897705078,
    "time_train_secs_per_1K": 0.40838432808717096,
    "time_infer_secs_per_1K": 0.01057883103688558,
    "time_total_secs": 117.24592876434326
}