{
    "dataset": "hiva_agnostic",
    "algorithm": "catboost",
    "mode": "combined",
    "task_type": "multiclass",
    "dataset_samples_count": 3845,
    "dataset_raw_features_count": 1617,
    "feat_total_count": 1666,
    "pca_n_components": 49,
    "optimal_trees": 505,
    "tuning_completed": 26,
    "tuning_best_idx": 5,
    "tuning_val_score_0": 0.18822122862127036,
    "tuning_val_score_best": 0.1744731869181423,
    "tuning_overall_gain": 0.013748041703128072,
    "tuning_gain_pct": 7.304192945627412,
    "eval_overfitting_ratio": 1.0329087208686307,
    "primary_metric": "Log_Loss",
    "tabpfn_primary_score": 0.17995572619000175,
    "eval_primary_value": 0.18021487632549185,
    "eval_primary_delta": 0.0002591501354901049,
    "eval_primary_delta_pct": 0.14400771844097238,
    "secondary_metric": "Accuracy",
    "tabpfn_secondary_score": 0.9648894668400521,
    "eval_secondary_value": 0.9648894668400521,
    "eval_secondary_delta": 0.0,
    "eval_secondary_delta_pct": 0.0,
    "feat_share_embedded_pct": 37.71194838185925,
    "feat_share_raw_pct": 62.288051618140734,
    "feat_active_embedded_pct": 100.0,
    "feat_active_raw_pct": 98.57761286332715,
    "feat_cr5_pct": 10.939129085478331,
    "feat_cr10_pct": 16.2895759239459,
    "time_tuning_search_secs": 3292.692277431488,
    "time_train_secs": 14.64385724067688,
    "time_infer_secs": 0.14732122421264648,
    "time_train_secs_per_1K": 4.760681807762315,
    "time_infer_secs_per_1K": 0.19157506399563912,
    "time_total_secs": 3310.882982492447
}