{
    "dataset": "customer_satisfaction_in_airline",
    "algorithm": "catboost",
    "mode": "raw-only",
    "task_type": "binary",
    "dataset_samples_count": 129880,
    "dataset_raw_features_count": 21,
    "feat_total_count": 21,
    "pca_n_components": 33,
    "optimal_trees": 1000,
    "tuning_completed": 26,
    "tuning_best_idx": 15,
    "tuning_val_score_0": 0.023549407271054923,
    "tuning_val_score_best": 0.005372732544507208,
    "tuning_overall_gain": 0.018176674726547715,
    "tuning_gain_pct": 77.18527484506606,
    "eval_overfitting_ratio": 1.0161510764216528,
    "primary_metric": "1-AUROC",
    "tabpfn_primary_score": 0.004773229238590471,
    "eval_primary_value": 0.005459507958426646,
    "eval_primary_delta": 0.0006862787198361753,
    "eval_primary_delta_pct": 14.377661024276147,
    "secondary_metric": "Accuracy",
    "tabpfn_secondary_score": 0.9618109023714198,
    "eval_secondary_value": 0.9605789959963043,
    "eval_secondary_delta": -0.001231906375115499,
    "eval_secondary_delta_pct": -0.12808197246237674,
    "feat_share_embedded_pct": 0,
    "feat_share_raw_pct": 100.00000000000001,
    "feat_active_embedded_pct": 0,
    "feat_active_raw_pct": 100.0,
    "feat_cr5_pct": 63.84929918081825,
    "feat_cr10_pct": 79.9512078097631,
    "time_tuning_search_secs": 3797.15230512619,
    "time_train_secs": 32.0435733795166,
    "time_infer_secs": 0.13392090797424316,
    "time_train_secs_per_1K": 0.3083959556852152,
    "time_infer_secs_per_1K": 0.005155563134210162,
    "time_total_secs": 3832.5681948661804
}