{
    "dataset": "mic",
    "algorithm": "xgboost",
    "mode": "embed-only",
    "task_type": "multiclass",
    "dataset_samples_count": 1699,
    "dataset_raw_features_count": 111,
    "feat_total_count": 30,
    "pca_n_components": 30,
    "optimal_trees": 206,
    "tuning_completed": 26,
    "tuning_best_idx": 21,
    "tuning_val_score_0": 0.5011908608867768,
    "tuning_val_score_best": 0.46903150887483425,
    "tuning_overall_gain": 0.03215935201194253,
    "tuning_gain_pct": 6.416587875333904,
    "eval_overfitting_ratio": 1.0048053575399678,
    "primary_metric": "Log_Loss",
    "tabpfn_primary_score": 0.45523432170328487,
    "eval_primary_value": 0.4712853729724884,
    "eval_primary_delta": 0.01605105126920353,
    "eval_primary_delta_pct": 3.5258877689950134,
    "secondary_metric": "Accuracy",
    "tabpfn_secondary_score": 0.888235294117647,
    "eval_secondary_value": 0.888235294117647,
    "eval_secondary_delta": 0.0,
    "eval_secondary_delta_pct": 0.0,
    "feat_share_embedded_pct": 100.00000000000001,
    "feat_share_raw_pct": 0,
    "feat_active_embedded_pct": 100.0,
    "feat_active_raw_pct": 0,
    "feat_cr5_pct": 63.913074398165136,
    "feat_cr10_pct": 76.23391318701279,
    "time_tuning_search_secs": 431.36958956718445,
    "time_train_secs": 1.537809133529663,
    "time_infer_secs": 0.0025310516357421875,
    "time_train_secs_per_1K": 1.1315740496907014,
    "time_infer_secs_per_1K": 0.007444269516888786,
    "time_total_secs": 434.98693466186523
}