{
    "dataset": "qsar_fish_toxicity",
    "algorithm": "catboost",
    "mode": "combined",
    "task_type": "regression",
    "dataset_samples_count": 907,
    "dataset_raw_features_count": 6,
    "feat_total_count": 81,
    "pca_n_components": 75,
    "optimal_trees": 793,
    "tuning_completed": 26,
    "tuning_best_idx": 18,
    "tuning_val_score_0": 1.024855211372497,
    "tuning_val_score_best": 0.8521504854688609,
    "tuning_overall_gain": 0.17270472590363606,
    "tuning_gain_pct": 16.85162196446736,
    "eval_overfitting_ratio": 1.0523223674227968,
    "primary_metric": "RMSE",
    "tabpfn_primary_score": 0.8427904535011612,
    "eval_primary_value": 0.8967370162690773,
    "eval_primary_delta": 0.053946562767916095,
    "eval_primary_delta_pct": 6.4009461122641635,
    "secondary_metric": "R2_Score",
    "tabpfn_secondary_score": 0.7164271114808677,
    "eval_secondary_value": 0.6789625579244207,
    "eval_secondary_delta": -0.037464553556446956,
    "eval_secondary_delta_pct": -5.229360106013723,
    "feat_share_embedded_pct": 92.07181870862114,
    "feat_share_raw_pct": 7.928181291378855,
    "feat_active_embedded_pct": 100.0,
    "feat_active_raw_pct": 100.0,
    "feat_cr5_pct": 55.493589550460094,
    "feat_cr10_pct": 61.57239290876426,
    "time_tuning_search_secs": 487.4647626876831,
    "time_train_secs": 1.3700475692749023,
    "time_infer_secs": 0.0020494461059570312,
    "time_train_secs_per_1K": 1.889720785206762,
    "time_infer_secs_per_1K": 0.011260692889873799,
    "time_total_secs": 490.6194202899933
}