{
    "dataset": "credit_card_clients_default",
    "algorithm": "catboost",
    "mode": "embed-only",
    "task_type": "binary",
    "dataset_samples_count": 30000,
    "dataset_raw_features_count": 23,
    "feat_total_count": 23,
    "pca_n_components": 23,
    "optimal_trees": 1000,
    "tuning_completed": 26,
    "tuning_best_idx": 5,
    "tuning_val_score_0": 0.21855285080801168,
    "tuning_val_score_best": 0.21234012311243622,
    "tuning_overall_gain": 0.0062127276955754596,
    "tuning_gain_pct": 2.8426660519898896,
    "eval_overfitting_ratio": 1.0529888382453974,
    "primary_metric": "1-AUROC",
    "tabpfn_primary_score": 0.2132596933658718,
    "eval_primary_value": 0.22359177954904885,
    "eval_primary_delta": 0.010332086183177047,
    "eval_primary_delta_pct": 4.844837775064766,
    "secondary_metric": "Accuracy",
    "tabpfn_secondary_score": 0.8218333333333333,
    "eval_secondary_value": 0.8206666666666667,
    "eval_secondary_delta": -0.0011666666666666492,
    "eval_secondary_delta_pct": -0.14195903467856208,
    "feat_share_embedded_pct": 100.00000000000003,
    "feat_share_raw_pct": 0,
    "feat_active_embedded_pct": 100.0,
    "feat_active_raw_pct": 0,
    "feat_cr5_pct": 49.99242300289736,
    "feat_cr10_pct": 69.57029872721706,
    "time_tuning_search_secs": 790.7096457481384,
    "time_train_secs": 8.445496559143066,
    "time_infer_secs": 0.018988847732543945,
    "time_train_secs_per_1K": 0.35189568996429443,
    "time_infer_secs_per_1K": 0.0031648079554239907,
    "time_total_secs": 801.2042844295502
}