{
    "dataset": "heloc",
    "algorithm": "catboost",
    "mode": "raw-only",
    "task_type": "binary",
    "dataset_samples_count": 10459,
    "dataset_raw_features_count": 23,
    "feat_total_count": 23,
    "pca_n_components": 21,
    "optimal_trees": 1000,
    "tuning_completed": 26,
    "tuning_best_idx": 15,
    "tuning_val_score_0": 0.2049690018315018,
    "tuning_val_score_best": 0.20116548417179148,
    "tuning_overall_gain": 0.0038035176597103204,
    "tuning_gain_pct": 1.8556550628260684,
    "eval_overfitting_ratio": 0.9881678123295622,
    "primary_metric": "1-AUROC",
    "tabpfn_primary_score": 0.1908063186813188,
    "eval_primary_value": 0.19878525641025635,
    "eval_primary_delta": 0.00797893772893754,
    "eval_primary_delta_pct": 4.181694707010104,
    "secondary_metric": "Accuracy",
    "tabpfn_secondary_score": 0.73565965583174,
    "eval_secondary_value": 0.7241873804971319,
    "eval_secondary_delta": -0.01147227533460804,
    "eval_secondary_delta_pct": -1.5594541910331394,
    "feat_share_embedded_pct": 0,
    "feat_share_raw_pct": 100.00000000000003,
    "feat_active_embedded_pct": 0,
    "feat_active_raw_pct": 100.0,
    "feat_cr5_pct": 60.962149586103756,
    "feat_cr10_pct": 78.9721175466066,
    "time_tuning_search_secs": 556.278603553772,
    "time_train_secs": 6.465419769287109,
    "time_infer_secs": 0.015905141830444336,
    "time_train_secs_per_1K": 0.7727285489765876,
    "time_infer_secs_per_1K": 0.007602840263118707,
    "time_total_secs": 564.6135096549988
}