{
    "dataset": "qsar_fish_toxicity",
    "algorithm": "catboost",
    "mode": "embed-only",
    "task_type": "regression",
    "dataset_samples_count": 907,
    "dataset_raw_features_count": 6,
    "feat_total_count": 75,
    "pca_n_components": 75,
    "optimal_trees": 891,
    "tuning_completed": 26,
    "tuning_best_idx": 24,
    "tuning_val_score_0": 1.021720977707986,
    "tuning_val_score_best": 0.8652516610364761,
    "tuning_overall_gain": 0.15646931667150998,
    "tuning_gain_pct": 15.314290308741205,
    "eval_overfitting_ratio": 1.0280228540727172,
    "primary_metric": "RMSE",
    "tabpfn_primary_score": 0.8427904535011612,
    "eval_primary_value": 0.8894984820698774,
    "eval_primary_delta": 0.04670802856871614,
    "eval_primary_delta_pct": 5.542069013083783,
    "secondary_metric": "R2_Score",
    "tabpfn_secondary_score": 0.7164271114808677,
    "eval_secondary_value": 0.6841245203433508,
    "eval_secondary_delta": -0.03230259113751688,
    "eval_secondary_delta_pct": -4.508845438686267,
    "feat_share_embedded_pct": 99.99999999999997,
    "feat_share_raw_pct": 0,
    "feat_active_embedded_pct": 100.0,
    "feat_active_raw_pct": 0,
    "feat_cr5_pct": 57.70630457922093,
    "feat_cr10_pct": 63.40911925974059,
    "time_tuning_search_secs": 535.3084464073181,
    "time_train_secs": 1.5912189483642578,
    "time_infer_secs": 0.0019063949584960938,
    "time_train_secs_per_1K": 2.1947847563644935,
    "time_infer_secs_per_1K": 0.010474697574154361,
    "time_total_secs": 538.9924564361572
}