{
    "dataset": "online_shoppers_intention",
    "algorithm": "lightgbm",
    "mode": "combined",
    "task_type": "binary",
    "dataset_samples_count": 12330,
    "dataset_raw_features_count": 17,
    "feat_total_count": 38,
    "pca_n_components": 21,
    "optimal_trees": 391,
    "tuning_completed": 26,
    "tuning_best_idx": 23,
    "tuning_val_score_0": 0.06706369596118988,
    "tuning_val_score_best": 0.06280931607658125,
    "tuning_overall_gain": 0.004254379884608639,
    "tuning_gain_pct": 6.343789771250709,
    "eval_overfitting_ratio": 0.9860856286685272,
    "primary_metric": "1-AUROC",
    "tabpfn_primary_score": 0.06073574780677515,
    "eval_primary_value": 0.06193536392961585,
    "eval_primary_delta": 0.0011996161228406965,
    "eval_primary_delta_pct": 1.975140121197088,
    "secondary_metric": "Accuracy",
    "tabpfn_secondary_score": 0.9014598540145985,
    "eval_secondary_value": 0.8994322789943228,
    "eval_secondary_delta": -0.0020275750202757292,
    "eval_secondary_delta_pct": -0.2249212775528542,
    "feat_share_embedded_pct": 43.10035083809195,
    "feat_share_raw_pct": 56.899649161908044,
    "feat_active_embedded_pct": 100.0,
    "feat_active_raw_pct": 100.0,
    "feat_cr5_pct": 75.53208190832822,
    "feat_cr10_pct": 87.1467379180933,
    "time_tuning_search_secs": 119.20065379142761,
    "time_train_secs": 0.4488224983215332,
    "time_infer_secs": 0.008891105651855469,
    "time_train_secs_per_1K": 0.04550106430672477,
    "time_infer_secs_per_1K": 0.0036054767444669376,
    "time_total_secs": 121.67657160758972
}