{
    "dataset": "churn",
    "algorithm": "lightgbm",
    "mode": "combined",
    "task_type": "binary",
    "dataset_samples_count": 5000,
    "dataset_raw_features_count": 19,
    "feat_total_count": 39,
    "pca_n_components": 20,
    "optimal_trees": 772,
    "tuning_completed": 26,
    "tuning_best_idx": 23,
    "tuning_val_score_0": 0.057755353610250415,
    "tuning_val_score_best": 0.04819355649809309,
    "tuning_overall_gain": 0.009561797112157322,
    "tuning_gain_pct": 16.555689671096214,
    "eval_overfitting_ratio": 1.5776520268982666,
    "primary_metric": "1-AUROC",
    "tabpfn_primary_score": 0.08595678630107573,
    "eval_primary_value": 0.07603266209265269,
    "eval_primary_delta": -0.009924124208423035,
    "eval_primary_delta_pct": -11.5454807415233,
    "secondary_metric": "Accuracy",
    "tabpfn_secondary_score": 0.973,
    "eval_secondary_value": 0.973,
    "eval_secondary_delta": 0.0,
    "eval_secondary_delta_pct": 0.0,
    "feat_share_embedded_pct": 84.42989193076033,
    "feat_share_raw_pct": 15.570108069239653,
    "feat_active_embedded_pct": 100.0,
    "feat_active_raw_pct": 100.0,
    "feat_cr5_pct": 63.67361823538876,
    "feat_cr10_pct": 75.45869748318277,
    "time_tuning_search_secs": 101.41752290725708,
    "time_train_secs": 1.0257058143615723,
    "time_infer_secs": 0.011355876922607422,
    "time_train_secs_per_1K": 0.25642645359039307,
    "time_infer_secs_per_1K": 0.011355876922607422,
    "time_total_secs": 104.47216534614563
}