{
    "dataset": "mic",
    "algorithm": "lightgbm",
    "mode": "raw-only",
    "task_type": "multiclass",
    "dataset_samples_count": 1699,
    "dataset_raw_features_count": 111,
    "feat_total_count": 111,
    "pca_n_components": 30,
    "optimal_trees": 151,
    "tuning_completed": 26,
    "tuning_best_idx": 13,
    "tuning_val_score_0": 0.5052441853452988,
    "tuning_val_score_best": 0.4454619547565437,
    "tuning_overall_gain": 0.05978223058875509,
    "tuning_gain_pct": 11.832344106622058,
    "eval_overfitting_ratio": 1.0048851069113158,
    "primary_metric": "Log_Loss",
    "tabpfn_primary_score": 0.45523432170328487,
    "eval_primary_value": 0.44763808403045313,
    "eval_primary_delta": -0.0075962376728317405,
    "eval_primary_delta_pct": -1.6686434459532815,
    "secondary_metric": "Accuracy",
    "tabpfn_secondary_score": 0.888235294117647,
    "eval_secondary_value": 0.888235294117647,
    "eval_secondary_delta": 0.0,
    "eval_secondary_delta_pct": 0.0,
    "feat_share_embedded_pct": 0,
    "feat_share_raw_pct": 100.00000000000004,
    "feat_active_embedded_pct": 0,
    "feat_active_raw_pct": 90.990990990991,
    "feat_cr5_pct": 36.74357540537931,
    "feat_cr10_pct": 49.195240316158795,
    "time_tuning_search_secs": 175.56190705299377,
    "time_train_secs": 0.4083597660064697,
    "time_infer_secs": 0.018956661224365234,
    "time_train_secs_per_1K": 0.30048547903345824,
    "time_infer_secs_per_1K": 0.05575488595401539,
    "time_total_secs": 177.68812704086304
}