{
    "dataset": "concrete_compressive_strength",
    "algorithm": "lightgbm",
    "mode": "raw-only",
    "task_type": "regression",
    "dataset_samples_count": 1030,
    "dataset_raw_features_count": 8,
    "feat_total_count": 8,
    "pca_n_components": 78,
    "optimal_trees": 790,
    "tuning_completed": 26,
    "tuning_best_idx": 18,
    "tuning_val_score_0": 4.417485550971417,
    "tuning_val_score_best": 4.316212865910765,
    "tuning_overall_gain": 0.10127268506065246,
    "tuning_gain_pct": 2.2925413992216077,
    "eval_overfitting_ratio": 0.8152891895891146,
    "primary_metric": "RMSE",
    "tabpfn_primary_score": 3.1551885755220592,
    "eval_primary_value": 3.518961689542497,
    "eval_primary_delta": 0.36377311402043766,
    "eval_primary_delta_pct": 11.529362043289206,
    "secondary_metric": "R2_Score",
    "tabpfn_secondary_score": 0.9639894919084167,
    "eval_secondary_value": 0.9552072542444957,
    "eval_secondary_delta": -0.008782237663920944,
    "eval_secondary_delta_pct": -0.9110304352524308,
    "feat_share_embedded_pct": 0,
    "feat_share_raw_pct": 99.99999999999999,
    "feat_active_embedded_pct": 0,
    "feat_active_raw_pct": 100.0,
    "feat_cr5_pct": 89.36106808442888,
    "feat_cr10_pct": 99.99999999999999,
    "time_tuning_search_secs": 81.50500988960266,
    "time_train_secs": 0.3296346664428711,
    "time_infer_secs": 0.0024526119232177734,
    "time_train_secs_per_1K": 0.40004207092581445,
    "time_infer_secs_per_1K": 0.011905883122416376,
    "time_total_secs": 83.59724116325378
}