{
    "dataset": "hiva_agnostic",
    "algorithm": "lightgbm",
    "mode": "raw-only",
    "task_type": "multiclass",
    "dataset_samples_count": 3845,
    "dataset_raw_features_count": 1617,
    "feat_total_count": 1617,
    "pca_n_components": 49,
    "optimal_trees": 1,
    "tuning_completed": 26,
    "tuning_best_idx": 21,
    "tuning_val_score_0": 0.17540691018716292,
    "tuning_val_score_best": 0.17395764575405998,
    "tuning_overall_gain": 0.001449264433102948,
    "tuning_gain_pct": 0.8262299538578908,
    "eval_overfitting_ratio": 0.9972017988141066,
    "primary_metric": "Log_Loss",
    "tabpfn_primary_score": 0.17995572619000175,
    "eval_primary_value": 0.17347087726341576,
    "eval_primary_delta": -0.00648484892658599,
    "eval_primary_delta_pct": -3.6035802049105814,
    "secondary_metric": "Accuracy",
    "tabpfn_secondary_score": 0.9648894668400521,
    "eval_secondary_value": 0.9648894668400521,
    "eval_secondary_delta": 0.0,
    "eval_secondary_delta_pct": 0.0,
    "feat_share_embedded_pct": 0,
    "feat_share_raw_pct": 100.0,
    "feat_active_embedded_pct": 0,
    "feat_active_raw_pct": 1.4223871366728509,
    "feat_cr5_pct": 36.1411795833603,
    "feat_cr10_pct": 58.035194174398086,
    "time_tuning_search_secs": 140.2908673286438,
    "time_train_secs": 0.39368462562561035,
    "time_infer_secs": 0.16922974586486816,
    "time_train_secs_per_1K": 0.12798589909805277,
    "time_infer_secs_per_1K": 0.22006468903103793,
    "time_total_secs": 144.66601657867432
}