{
    "dataset": "customer_satisfaction_in_airline",
    "algorithm": "xgboost",
    "mode": "raw-only",
    "task_type": "binary",
    "dataset_samples_count": 129880,
    "dataset_raw_features_count": 21,
    "feat_total_count": 21,
    "pca_n_components": 33,
    "optimal_trees": 644,
    "tuning_completed": 26,
    "tuning_best_idx": 16,
    "tuning_val_score_0": 0.006034691055966546,
    "tuning_val_score_best": 0.005488374620404857,
    "tuning_overall_gain": 0.000546316435561689,
    "tuning_gain_pct": 9.052931301620514,
    "eval_overfitting_ratio": 1.391448373228745,
    "primary_metric": "1-AUROC",
    "tabpfn_primary_score": 0.004773229238590471,
    "eval_primary_value": 0.007636789937232269,
    "eval_primary_delta": 0.0028635606986417983,
    "eval_primary_delta_pct": 59.99210504055751,
    "secondary_metric": "Accuracy",
    "tabpfn_secondary_score": 0.9618109023714198,
    "eval_secondary_value": 0.9503772713273791,
    "eval_secondary_delta": -0.011433631044040604,
    "eval_secondary_delta_pct": -1.1887608069164215,
    "feat_share_embedded_pct": 0,
    "feat_share_raw_pct": 100.0,
    "feat_active_embedded_pct": 0,
    "feat_active_raw_pct": 100.0,
    "feat_cr5_pct": 66.02199142402198,
    "feat_cr10_pct": 80.5334301765854,
    "time_tuning_search_secs": 1967.3584578037262,
    "time_train_secs": 11.62233281135559,
    "time_infer_secs": 0.24314212799072266,
    "time_train_secs_per_1K": 0.11185645221892893,
    "time_infer_secs_per_1K": 0.009360260547841186,
    "time_total_secs": 1982.3143253326416
}