{
    "dataset": "customer_satisfaction_in_airline",
    "algorithm": "lightgbm",
    "mode": "embed-only",
    "task_type": "binary",
    "dataset_samples_count": 129880,
    "dataset_raw_features_count": 21,
    "feat_total_count": 33,
    "pca_n_components": 33,
    "optimal_trees": 1000,
    "tuning_completed": 26,
    "tuning_best_idx": 25,
    "tuning_val_score_0": 0.006326924522979782,
    "tuning_val_score_best": 0.005866213181238811,
    "tuning_overall_gain": 0.0004607113417409714,
    "tuning_gain_pct": 7.281758144381828,
    "eval_overfitting_ratio": 1.0528071302932605,
    "primary_metric": "1-AUROC",
    "tabpfn_primary_score": 0.004773229238590471,
    "eval_primary_value": 0.00617599106502853,
    "eval_primary_delta": 0.0014027618264380592,
    "eval_primary_delta_pct": 29.388109313859257,
    "secondary_metric": "Accuracy",
    "tabpfn_secondary_score": 0.9618109023714198,
    "eval_secondary_value": 0.9580381890976286,
    "eval_secondary_delta": -0.0037727132737911395,
    "eval_secondary_delta_pct": -0.3922510406660208,
    "feat_share_embedded_pct": 100.0,
    "feat_share_raw_pct": 0,
    "feat_active_embedded_pct": 100.0,
    "feat_active_raw_pct": 0,
    "feat_cr5_pct": 46.76194152918651,
    "feat_cr10_pct": 65.686549581216,
    "time_tuning_search_secs": 909.2817780971527,
    "time_train_secs": 6.429827451705933,
    "time_infer_secs": 0.4097418785095215,
    "time_train_secs_per_1K": 0.06188238616132134,
    "time_infer_secs_per_1K": 0.015773863508989894,
    "time_total_secs": 919.2176966667175
}