{
    "dataset": "concrete_compressive_strength",
    "algorithm": "lightgbm",
    "mode": "embed-only",
    "task_type": "regression",
    "dataset_samples_count": 1030,
    "dataset_raw_features_count": 8,
    "feat_total_count": 78,
    "pca_n_components": 78,
    "optimal_trees": 207,
    "tuning_completed": 26,
    "tuning_best_idx": 23,
    "tuning_val_score_0": 4.398601451763323,
    "tuning_val_score_best": 4.281760095515815,
    "tuning_overall_gain": 0.11684135624750791,
    "tuning_gain_pct": 2.656329688625648,
    "eval_overfitting_ratio": 0.8604183293783323,
    "primary_metric": "RMSE",
    "tabpfn_primary_score": 3.1551885755220592,
    "eval_primary_value": 3.684104868182526,
    "eval_primary_delta": 0.5289162926604667,
    "eval_primary_delta_pct": 16.76338133206355,
    "secondary_metric": "R2_Score",
    "tabpfn_secondary_score": 0.9639894919084167,
    "eval_secondary_value": 0.9509043996042584,
    "eval_secondary_delta": -0.013085092304158219,
    "eval_secondary_delta_pct": -1.3573895165862826,
    "feat_share_embedded_pct": 100.00000000000001,
    "feat_share_raw_pct": 0,
    "feat_active_embedded_pct": 100.0,
    "feat_active_raw_pct": 0,
    "feat_cr5_pct": 93.74981315727193,
    "feat_cr10_pct": 95.36922696678882,
    "time_tuning_search_secs": 110.9338173866272,
    "time_train_secs": 0.22437310218811035,
    "time_infer_secs": 0.0009970664978027344,
    "time_train_secs_per_1K": 0.2722974541117844,
    "time_infer_secs_per_1K": 0.004840128630110361,
    "time_total_secs": 112.91634917259216
}