{
    "dataset": "seismic-bumps",
    "algorithm": "xgboost",
    "mode": "raw-only",
    "task_type": "binary",
    "dataset_samples_count": 2584,
    "dataset_raw_features_count": 15,
    "feat_total_count": 15,
    "pca_n_components": 25,
    "optimal_trees": 78,
    "tuning_completed": 26,
    "tuning_best_idx": 20,
    "tuning_val_score_0": 0.24455709378158175,
    "tuning_val_score_best": 0.21747002442827545,
    "tuning_overall_gain": 0.027087069353306292,
    "tuning_gain_pct": 11.075969596489493,
    "eval_overfitting_ratio": 0.9755571028510094,
    "primary_metric": "1-AUROC",
    "tabpfn_primary_score": 0.22415052977712813,
    "eval_primary_value": 0.21215442698818665,
    "eval_primary_delta": -0.011996102788941476,
    "eval_primary_delta_pct": -5.35180657430038,
    "secondary_metric": "Accuracy",
    "tabpfn_secondary_score": 0.9342359767891683,
    "eval_secondary_value": 0.9342359767891683,
    "eval_secondary_delta": 0.0,
    "eval_secondary_delta_pct": 0.0,
    "feat_share_embedded_pct": 0,
    "feat_share_raw_pct": 100.0,
    "feat_active_embedded_pct": 0,
    "feat_active_raw_pct": 93.33333333333333,
    "feat_cr5_pct": 69.94091459404795,
    "feat_cr10_pct": 97.16327193853381,
    "time_tuning_search_secs": 45.120731830596924,
    "time_train_secs": 0.055828094482421875,
    "time_infer_secs": 0.0007109642028808594,
    "time_train_secs_per_1K": 0.027009237775724174,
    "time_infer_secs_per_1K": 0.0013751725394213915,
    "time_total_secs": 46.99547266960144
}