{
    "dataset": "diabetes130us",
    "algorithm": "catboost",
    "mode": "combined",
    "task_type": "binary",
    "dataset_samples_count": 71518,
    "dataset_raw_features_count": 47,
    "feat_total_count": 85,
    "pca_n_components": 38,
    "optimal_trees": 475,
    "tuning_completed": 26,
    "tuning_best_idx": 19,
    "tuning_val_score_0": 0.3494841507050036,
    "tuning_val_score_best": 0.3346093712942967,
    "tuning_overall_gain": 0.014874779410706918,
    "tuning_gain_pct": 4.256210011441286,
    "eval_overfitting_ratio": 0.9628067429979029,
    "primary_metric": "1-AUROC",
    "tabpfn_primary_score": 0.32308271210032113,
    "eval_primary_value": 0.3221641589524378,
    "eval_primary_delta": -0.0009185531478833608,
    "eval_primary_delta_pct": -0.284308975219367,
    "secondary_metric": "Accuracy",
    "tabpfn_secondary_score": 0.9121923937360179,
    "eval_secondary_value": 0.913101230425056,
    "eval_secondary_delta": 0.0009088366890380728,
    "eval_secondary_delta_pct": 0.0996321275291278,
    "feat_share_embedded_pct": 57.22587174360963,
    "feat_share_raw_pct": 42.774128256390384,
    "feat_active_embedded_pct": 100.0,
    "feat_active_raw_pct": 78.72340425531915,
    "feat_cr5_pct": 31.289222369360903,
    "feat_cr10_pct": 43.80355792044797,
    "time_tuning_search_secs": 2484.750415802002,
    "time_train_secs": 7.120816707611084,
    "time_infer_secs": 0.09655570983886719,
    "time_train_secs_per_1K": 0.12445934050426616,
    "time_infer_secs_per_1K": 0.006750259356744071,
    "time_total_secs": 2494.979081630707
}