{
    "dataset": "diabetes",
    "algorithm": "xgboost",
    "mode": "raw-only",
    "task_type": "binary",
    "dataset_samples_count": 768,
    "dataset_raw_features_count": 8,
    "feat_total_count": 8,
    "pca_n_components": 32,
    "optimal_trees": 206,
    "tuning_completed": 3,
    "tuning_best_idx": 1,
    "tuning_val_score_0": 0.19819800569800572,
    "tuning_val_score_best": 0.18344373219373222,
    "tuning_overall_gain": 0.014754273504273496,
    "tuning_gain_pct": 7.444208861896715,
    "eval_overfitting_ratio": 0.7591388247170509,
    "primary_metric": "1-AUROC",
    "tabpfn_primary_score": 0.13203703703703706,
    "eval_primary_value": 0.1392592592592593,
    "eval_primary_delta": 0.007222222222222241,
    "eval_primary_delta_pct": 5.469845722300153,
    "secondary_metric": "Accuracy",
    "tabpfn_secondary_score": 0.7597402597402597,
    "eval_secondary_value": 0.7597402597402597,
    "eval_secondary_delta": 0.0,
    "eval_secondary_delta_pct": 0.0,
    "feat_share_embedded_pct": 0,
    "feat_share_raw_pct": 100.0,
    "feat_active_embedded_pct": 0,
    "feat_active_raw_pct": 100.0,
    "feat_cr5_pct": 85.39839872709487,
    "feat_cr10_pct": 100.0,
    "time_tuning_search_secs": 11.7912278175354,
    "time_train_secs": 0.4175550937652588,
    "time_infer_secs": 0.0012445449829101562,
    "time_train_secs_per_1K": 0.6800571559694769,
    "time_infer_secs_per_1K": 0.008081460927988027,
    "time_total_secs": 19.143017530441284
}