{
    "dataset": "diabetes",
    "algorithm": "xgboost",
    "mode": "combined",
    "task_type": "binary",
    "dataset_samples_count": 768,
    "dataset_raw_features_count": 8,
    "feat_total_count": 40,
    "pca_n_components": 32,
    "optimal_trees": 61,
    "tuning_completed": 3,
    "tuning_best_idx": 2,
    "tuning_val_score_0": 0.20479700854700855,
    "tuning_val_score_best": 0.19111111111111112,
    "tuning_overall_gain": 0.013685897435897432,
    "tuning_gain_pct": 6.682664719077676,
    "eval_overfitting_ratio": 0.7577519379844957,
    "primary_metric": "1-AUROC",
    "tabpfn_primary_score": 0.13203703703703706,
    "eval_primary_value": 0.14481481481481473,
    "eval_primary_delta": 0.012777777777777666,
    "eval_primary_delta_pct": 9.677419354838623,
    "secondary_metric": "Accuracy",
    "tabpfn_secondary_score": 0.7597402597402597,
    "eval_secondary_value": 0.7857142857142857,
    "eval_secondary_delta": 0.025974025974025983,
    "eval_secondary_delta_pct": 3.41880341880342,
    "feat_share_embedded_pct": 53.721075792068476,
    "feat_share_raw_pct": 46.27892420793153,
    "feat_active_embedded_pct": 100.0,
    "feat_active_raw_pct": 100.0,
    "feat_cr5_pct": 49.73261240019487,
    "feat_cr10_pct": 63.7692699695929,
    "time_tuning_search_secs": 19.632132291793823,
    "time_train_secs": 0.08651590347290039,
    "time_infer_secs": 0.00075531005859375,
    "time_train_secs_per_1K": 0.14090538024902344,
    "time_infer_secs_per_1K": 0.004904610770089286,
    "time_total_secs": 26.83852195739746
}