{
    "dataset": "blood-transfusion-service-center",
    "algorithm": "xgboost",
    "mode": "combined",
    "task_type": "binary",
    "dataset_samples_count": 748,
    "dataset_raw_features_count": 4,
    "feat_total_count": 26,
    "pca_n_components": 22,
    "optimal_trees": 44,
    "tuning_completed": 3,
    "tuning_best_idx": 2,
    "tuning_val_score_0": 0.27153207774337806,
    "tuning_val_score_best": 0.26772660818713456,
    "tuning_overall_gain": 0.0038054695562435015,
    "tuning_gain_pct": 1.401480660358666,
    "eval_overfitting_ratio": 0.8659840728100109,
    "primary_metric": "1-AUROC",
    "tabpfn_primary_score": 0.21479044834307992,
    "eval_primary_value": 0.2318469785575048,
    "eval_primary_delta": 0.01705653021442488,
    "eval_primary_delta_pct": 7.941009642654534,
    "secondary_metric": "Accuracy",
    "tabpfn_secondary_score": 0.7933333333333333,
    "eval_secondary_value": 0.7666666666666667,
    "eval_secondary_delta": -0.026666666666666616,
    "eval_secondary_delta_pct": -3.3613445378151194,
    "feat_share_embedded_pct": 82.01885790178349,
    "feat_share_raw_pct": 17.981142098216516,
    "feat_active_embedded_pct": 100.0,
    "feat_active_raw_pct": 100.0,
    "feat_cr5_pct": 43.224117204907756,
    "feat_cr10_pct": 63.870301214397436,
    "time_tuning_search_secs": 13.917044878005981,
    "time_train_secs": 0.037676095962524414,
    "time_infer_secs": 0.0009160041809082031,
    "time_train_secs_per_1K": 0.06300350495405421,
    "time_infer_secs_per_1K": 0.006106694539388021,
    "time_total_secs": 21.664205074310303
}