{
    "dataset": "blood-transfusion-service-center",
    "algorithm": "catboost",
    "mode": "raw-only",
    "task_type": "binary",
    "dataset_samples_count": 748,
    "dataset_raw_features_count": 4,
    "feat_total_count": 4,
    "pca_n_components": 22,
    "optimal_trees": 346,
    "tuning_completed": 3,
    "tuning_best_idx": 1,
    "tuning_val_score_0": 0.26905601421855296,
    "tuning_val_score_best": 0.26647961816305477,
    "tuning_overall_gain": 0.002576396055498198,
    "tuning_gain_pct": 0.9575686546093719,
    "eval_overfitting_ratio": 0.8334610781663907,
    "primary_metric": "1-AUROC",
    "tabpfn_primary_score": 0.21479044834307992,
    "eval_primary_value": 0.22210038986354774,
    "eval_primary_delta": 0.007309941520467822,
    "eval_primary_delta_pct": 3.40328984685195,
    "secondary_metric": "Accuracy",
    "tabpfn_secondary_score": 0.7933333333333333,
    "eval_secondary_value": 0.78,
    "eval_secondary_delta": -0.013333333333333308,
    "eval_secondary_delta_pct": -1.6806722689075597,
    "feat_share_embedded_pct": 0,
    "feat_share_raw_pct": 100.0,
    "feat_active_embedded_pct": 0,
    "feat_active_raw_pct": 100.0,
    "feat_cr5_pct": 100.0,
    "feat_cr10_pct": 100.0,
    "time_tuning_search_secs": 8.54038143157959,
    "time_train_secs": 0.6491577625274658,
    "time_infer_secs": 0.0038161277770996094,
    "time_train_secs_per_1K": 1.0855480978720164,
    "time_infer_secs_per_1K": 0.02544085184733073,
    "time_total_secs": 16.496150970458984
}