{
    "dataset": "diabetes",
    "algorithm": "lightgbm",
    "mode": "combined",
    "task_type": "binary",
    "dataset_samples_count": 768,
    "dataset_raw_features_count": 8,
    "feat_total_count": 40,
    "pca_n_components": 32,
    "optimal_trees": 299,
    "tuning_completed": 3,
    "tuning_best_idx": 2,
    "tuning_val_score_0": 0.20007834757834764,
    "tuning_val_score_best": 0.18714031339031334,
    "tuning_overall_gain": 0.012938034188034298,
    "tuning_gain_pct": 6.466483927236534,
    "eval_overfitting_ratio": 0.7698719290566904,
    "primary_metric": "1-AUROC",
    "tabpfn_primary_score": 0.13203703703703706,
    "eval_primary_value": 0.14407407407407413,
    "eval_primary_delta": 0.012037037037037068,
    "eval_primary_delta_pct": 9.116409537166922,
    "secondary_metric": "Accuracy",
    "tabpfn_secondary_score": 0.7597402597402597,
    "eval_secondary_value": 0.7792207792207793,
    "eval_secondary_delta": 0.019480519480519543,
    "eval_secondary_delta_pct": 2.5641025641025723,
    "feat_share_embedded_pct": 49.08758443009809,
    "feat_share_raw_pct": 50.91241556990192,
    "feat_active_embedded_pct": 100.0,
    "feat_active_raw_pct": 100.0,
    "feat_cr5_pct": 55.211556523784076,
    "feat_cr10_pct": 68.88992752611907,
    "time_tuning_search_secs": 12.125014066696167,
    "time_train_secs": 0.19242358207702637,
    "time_infer_secs": 0.001117706298828125,
    "time_train_secs_per_1K": 0.31339345615150876,
    "time_infer_secs_per_1K": 0.007257833109273539,
    "time_total_secs": 19.657647132873535
}