{
    "dataset": "diabetes",
    "algorithm": "xgboost",
    "mode": "embed-only",
    "task_type": "binary",
    "dataset_samples_count": 768,
    "dataset_raw_features_count": 8,
    "feat_total_count": 32,
    "pca_n_components": 32,
    "optimal_trees": 141,
    "tuning_completed": 3,
    "tuning_best_idx": 2,
    "tuning_val_score_0": 0.24150284900284902,
    "tuning_val_score_best": 0.2196866096866097,
    "tuning_overall_gain": 0.021816239316239328,
    "tuning_gain_pct": 9.03353289881146,
    "eval_overfitting_ratio": 0.8539099987031515,
    "primary_metric": "1-AUROC",
    "tabpfn_primary_score": 0.13203703703703706,
    "eval_primary_value": 0.18759259259259264,
    "eval_primary_delta": 0.05555555555555558,
    "eval_primary_delta_pct": 42.075736325385705,
    "secondary_metric": "Accuracy",
    "tabpfn_secondary_score": 0.7597402597402597,
    "eval_secondary_value": 0.7402597402597403,
    "eval_secondary_delta": -0.01948051948051943,
    "eval_secondary_delta_pct": -2.5641025641025577,
    "feat_share_embedded_pct": 99.99999999999999,
    "feat_share_raw_pct": 0,
    "feat_active_embedded_pct": 100.0,
    "feat_active_raw_pct": 0,
    "feat_cr5_pct": 40.877560664783275,
    "feat_cr10_pct": 59.199250631895154,
    "time_tuning_search_secs": 15.806877613067627,
    "time_train_secs": 0.14017200469970703,
    "time_infer_secs": 0.0008258819580078125,
    "time_train_secs_per_1K": 0.22829316726336651,
    "time_infer_secs_per_1K": 0.005362869857193588,
    "time_total_secs": 23.02896022796631
}