{
    "dataset": "blood-transfusion-service-center",
    "algorithm": "xgboost",
    "mode": "embed-only",
    "task_type": "binary",
    "dataset_samples_count": 748,
    "dataset_raw_features_count": 4,
    "feat_total_count": 22,
    "pca_n_components": 22,
    "optimal_trees": 37,
    "tuning_completed": 3,
    "tuning_best_idx": 2,
    "tuning_val_score_0": 0.2859871287696365,
    "tuning_val_score_best": 0.2773441979130834,
    "tuning_overall_gain": 0.0086429308565531,
    "tuning_gain_pct": 3.022139805289981,
    "eval_overfitting_ratio": 0.9159033062442666,
    "primary_metric": "1-AUROC",
    "tabpfn_primary_score": 0.21479044834307992,
    "eval_primary_value": 0.2540204678362573,
    "eval_primary_delta": 0.03923001949317739,
    "eval_primary_delta_pct": 18.264322178105505,
    "secondary_metric": "Accuracy",
    "tabpfn_secondary_score": 0.7933333333333333,
    "eval_secondary_value": 0.7733333333333333,
    "eval_secondary_delta": -0.020000000000000018,
    "eval_secondary_delta_pct": -2.5210084033613467,
    "feat_share_embedded_pct": 100.00000000000001,
    "feat_share_raw_pct": 0,
    "feat_active_embedded_pct": 100.0,
    "feat_active_raw_pct": 0,
    "feat_cr5_pct": 50.628573314830675,
    "feat_cr10_pct": 72.3720373253372,
    "time_tuning_search_secs": 14.456901550292969,
    "time_train_secs": 0.025539159774780273,
    "time_infer_secs": 0.0007374286651611328,
    "time_train_secs_per_1K": 0.04270762504143859,
    "time_infer_secs_per_1K": 0.004916191101074219,
    "time_total_secs": 21.51964569091797
}