{
    "dataset": "diabetes",
    "algorithm": "catboost",
    "mode": "raw-only",
    "task_type": "binary",
    "dataset_samples_count": 768,
    "dataset_raw_features_count": 8,
    "feat_total_count": 8,
    "pca_n_components": 32,
    "optimal_trees": 100,
    "tuning_completed": 3,
    "tuning_best_idx": 0,
    "tuning_val_score_0": 0.17350071225071217,
    "tuning_val_score_best": 0.17350071225071217,
    "tuning_overall_gain": 0.0,
    "tuning_gain_pct": 0.0,
    "eval_overfitting_ratio": 0.7930376239249578,
    "primary_metric": "1-AUROC",
    "tabpfn_primary_score": 0.13203703703703706,
    "eval_primary_value": 0.1375925925925926,
    "eval_primary_delta": 0.005555555555555536,
    "eval_primary_delta_pct": 4.207573632538553,
    "secondary_metric": "Accuracy",
    "tabpfn_secondary_score": 0.7597402597402597,
    "eval_secondary_value": 0.7662337662337663,
    "eval_secondary_delta": 0.006493506493506551,
    "eval_secondary_delta_pct": 0.8547008547008622,
    "feat_share_embedded_pct": 0,
    "feat_share_raw_pct": 100.0,
    "feat_active_embedded_pct": 0,
    "feat_active_raw_pct": 100.0,
    "feat_cr5_pct": 85.11866077349092,
    "feat_cr10_pct": 100.0,
    "time_tuning_search_secs": 10.296792030334473,
    "time_train_secs": 0.48389363288879395,
    "time_infer_secs": 0.0037183761596679688,
    "time_train_secs_per_1K": 0.78810037929771,
    "time_infer_secs_per_1K": 0.024145299738103695,
    "time_total_secs": 17.77777647972107
}