{
    "dataset": "wine_quality",
    "algorithm": "catboost",
    "mode": "raw-only",
    "task_type": "regression",
    "dataset_samples_count": 6497,
    "dataset_raw_features_count": 12,
    "feat_total_count": 12,
    "pca_n_components": 25,
    "optimal_trees": 1000,
    "tuning_completed": 3,
    "tuning_best_idx": 2,
    "tuning_val_score_0": 0.7870678924244308,
    "tuning_val_score_best": 0.6507323709833329,
    "tuning_overall_gain": 0.13633552144109784,
    "tuning_gain_pct": 17.321951861247843,
    "eval_overfitting_ratio": 0.9655789663361516,
    "primary_metric": "RMSE",
    "tabpfn_primary_score": 0.5665150098489219,
    "eval_primary_value": 0.6283334901355597,
    "eval_primary_delta": 0.061818480286637834,
    "eval_primary_delta_pct": 10.91206397216617,
    "secondary_metric": "R2_Score",
    "tabpfn_secondary_score": 0.5709894261223469,
    "eval_secondary_value": 0.4722532459664015,
    "eval_secondary_delta": -0.09873618015594543,
    "eval_secondary_delta_pct": -17.292120596080714,
    "feat_share_embedded_pct": 0,
    "feat_share_raw_pct": 99.99999999999997,
    "feat_active_embedded_pct": 0,
    "feat_active_raw_pct": 100.0,
    "feat_cr5_pct": 59.1071664905206,
    "feat_cr10_pct": 93.72673794151034,
    "time_tuning_search_secs": 26.67156958580017,
    "time_train_secs": 1.7128465175628662,
    "time_infer_secs": 0.004355192184448242,
    "time_train_secs_per_1K": 0.32958370551527155,
    "time_infer_secs_per_1K": 0.0033501478341909554,
    "time_total_secs": 31.766830921173096
}