{
    "dataset": "blood-transfusion-service-center",
    "algorithm": "catboost",
    "mode": "embed-only",
    "task_type": "binary",
    "dataset_samples_count": 748,
    "dataset_raw_features_count": 4,
    "feat_total_count": 22,
    "pca_n_components": 22,
    "optimal_trees": 100,
    "tuning_completed": 3,
    "tuning_best_idx": 0,
    "tuning_val_score_0": 0.3038714023621144,
    "tuning_val_score_best": 0.3038714023621144,
    "tuning_overall_gain": 0.0,
    "tuning_gain_pct": 0.0,
    "eval_overfitting_ratio": 0.7565623452277069,
    "primary_metric": "1-AUROC",
    "tabpfn_primary_score": 0.21479044834307992,
    "eval_primary_value": 0.22989766081871343,
    "eval_primary_delta": 0.015107212475633514,
    "eval_primary_delta_pct": 7.033465683494038,
    "secondary_metric": "Accuracy",
    "tabpfn_secondary_score": 0.7933333333333333,
    "eval_secondary_value": 0.78,
    "eval_secondary_delta": -0.013333333333333308,
    "eval_secondary_delta_pct": -1.6806722689075597,
    "feat_share_embedded_pct": 100.0,
    "feat_share_raw_pct": 0,
    "feat_active_embedded_pct": 100.0,
    "feat_active_raw_pct": 0,
    "feat_cr5_pct": 34.12541557408177,
    "feat_cr10_pct": 58.17852563529615,
    "time_tuning_search_secs": 10.960834980010986,
    "time_train_secs": 0.5778443813323975,
    "time_infer_secs": 0.007010459899902344,
    "time_train_secs_per_1K": 0.9662949520608654,
    "time_infer_secs_per_1K": 0.046736399332682296,
    "time_total_secs": 18.258554697036743
}