{
    "dataset": "churn",
    "algorithm": "xgboost",
    "mode": "raw-only",
    "task_type": "binary",
    "dataset_samples_count": 5000,
    "dataset_raw_features_count": 19,
    "feat_total_count": 19,
    "pca_n_components": 20,
    "optimal_trees": 15,
    "tuning_completed": 3,
    "tuning_best_idx": 0,
    "tuning_val_score_0": 0.0727224924600457,
    "tuning_val_score_best": 0.0727224924600457,
    "tuning_overall_gain": 0.0,
    "tuning_gain_pct": 0.0,
    "eval_overfitting_ratio": 1.4692766774730892,
    "primary_metric": "1-AUROC",
    "tabpfn_primary_score": 0.08595678630107573,
    "eval_primary_value": 0.10684946209925772,
    "eval_primary_delta": 0.020892675798181992,
    "eval_primary_delta_pct": 24.306022476227135,
    "secondary_metric": "Accuracy",
    "tabpfn_secondary_score": 0.973,
    "eval_secondary_value": 0.953,
    "eval_secondary_delta": -0.020000000000000018,
    "eval_secondary_delta_pct": -2.0554984583761584,
    "feat_share_embedded_pct": 0,
    "feat_share_raw_pct": 100.00000000000001,
    "feat_active_embedded_pct": 0,
    "feat_active_raw_pct": 89.47368421052632,
    "feat_cr5_pct": 74.25890621755791,
    "feat_cr10_pct": 95.41090515303901,
    "time_tuning_search_secs": 23.51895570755005,
    "time_train_secs": 0.11511993408203125,
    "time_infer_secs": 0.003239870071411133,
    "time_train_secs_per_1K": 0.028779983520507812,
    "time_infer_secs_per_1K": 0.003239870071411133,
    "time_total_secs": 27.381335496902466
}