{
    "dataset": "blood-transfusion-service-center",
    "algorithm": "xgboost",
    "mode": "raw-only",
    "task_type": "binary",
    "dataset_samples_count": 748,
    "dataset_raw_features_count": 4,
    "feat_total_count": 4,
    "pca_n_components": 22,
    "optimal_trees": 46,
    "tuning_completed": 3,
    "tuning_best_idx": 2,
    "tuning_val_score_0": 0.31835870313037495,
    "tuning_val_score_best": 0.2763802889576883,
    "tuning_overall_gain": 0.04197841417268666,
    "tuning_gain_pct": 13.185885530980936,
    "eval_overfitting_ratio": 0.8697264358874627,
    "primary_metric": "1-AUROC",
    "tabpfn_primary_score": 0.21479044834307992,
    "eval_primary_value": 0.2403752436647173,
    "eval_primary_delta": 0.025584795321637377,
    "eval_primary_delta_pct": 11.911514463981826,
    "secondary_metric": "Accuracy",
    "tabpfn_secondary_score": 0.7933333333333333,
    "eval_secondary_value": 0.76,
    "eval_secondary_delta": -0.033333333333333326,
    "eval_secondary_delta_pct": -4.201680672268907,
    "feat_share_embedded_pct": 0,
    "feat_share_raw_pct": 100.0,
    "feat_active_embedded_pct": 0,
    "feat_active_raw_pct": 100.0,
    "feat_cr5_pct": 100.0,
    "feat_cr10_pct": 100.0,
    "time_tuning_search_secs": 9.95521330833435,
    "time_train_secs": 0.05771183967590332,
    "time_infer_secs": 0.0008437633514404297,
    "time_train_secs_per_1K": 0.09650809310351727,
    "time_infer_secs_per_1K": 0.005625089009602865,
    "time_total_secs": 17.98380422592163
}