{
    "dataset": "blood-transfusion-service-center",
    "algorithm": "lightgbm",
    "mode": "raw-only",
    "task_type": "binary",
    "dataset_samples_count": 748,
    "dataset_raw_features_count": 4,
    "feat_total_count": 4,
    "pca_n_components": 22,
    "optimal_trees": 9,
    "tuning_completed": 3,
    "tuning_best_idx": 2,
    "tuning_val_score_0": 0.30275341130604283,
    "tuning_val_score_best": 0.28486555440889805,
    "tuning_overall_gain": 0.017887856897144783,
    "tuning_gain_pct": 5.908391525624322,
    "eval_overfitting_ratio": 0.9639990943168387,
    "primary_metric": "1-AUROC",
    "tabpfn_primary_score": 0.21479044834307992,
    "eval_primary_value": 0.27461013645224186,
    "eval_primary_delta": 0.05981968810916194,
    "eval_primary_delta_pct": 27.85025524673858,
    "secondary_metric": "Accuracy",
    "tabpfn_secondary_score": 0.7933333333333333,
    "eval_secondary_value": 0.76,
    "eval_secondary_delta": -0.033333333333333326,
    "eval_secondary_delta_pct": -4.201680672268907,
    "feat_share_embedded_pct": 0,
    "feat_share_raw_pct": 100.0,
    "feat_active_embedded_pct": 0,
    "feat_active_raw_pct": 75.0,
    "feat_cr5_pct": 100.0,
    "feat_cr10_pct": 100.0,
    "time_tuning_search_secs": 12.451510667800903,
    "time_train_secs": 0.029736757278442383,
    "time_infer_secs": 0.0039670467376708984,
    "time_train_secs_per_1K": 0.049727018860271546,
    "time_infer_secs_per_1K": 0.026446978251139324,
    "time_total_secs": 20.191086053848267
}