{
    "dataset": "blood-transfusion-service-center",
    "algorithm": "lightgbm",
    "mode": "embed-only",
    "task_type": "binary",
    "dataset_samples_count": 748,
    "dataset_raw_features_count": 4,
    "feat_total_count": 22,
    "pca_n_components": 22,
    "optimal_trees": 7,
    "tuning_completed": 3,
    "tuning_best_idx": 2,
    "tuning_val_score_0": 0.27085124985666775,
    "tuning_val_score_best": 0.2504156633413599,
    "tuning_overall_gain": 0.020435586515307858,
    "tuning_gain_pct": 7.544948205379226,
    "eval_overfitting_ratio": 1.1997596016255512,
    "primary_metric": "1-AUROC",
    "tabpfn_primary_score": 0.21479044834307992,
    "eval_primary_value": 0.30043859649122806,
    "eval_primary_delta": 0.08564814814814814,
    "eval_primary_delta_pct": 39.875212705615425,
    "secondary_metric": "Accuracy",
    "tabpfn_secondary_score": 0.7933333333333333,
    "eval_secondary_value": 0.76,
    "eval_secondary_delta": -0.033333333333333326,
    "eval_secondary_delta_pct": -4.201680672268907,
    "feat_share_embedded_pct": 99.99999999999997,
    "feat_share_raw_pct": 0,
    "feat_active_embedded_pct": 86.36363636363636,
    "feat_active_raw_pct": 0,
    "feat_cr5_pct": 57.71075200593764,
    "feat_cr10_pct": 82.84875500101097,
    "time_tuning_search_secs": 16.26337170600891,
    "time_train_secs": 0.6768159866333008,
    "time_infer_secs": 0.0006670951843261719,
    "time_train_secs_per_1K": 1.1317993087513392,
    "time_infer_secs_per_1K": 0.004447301228841146,
    "time_total_secs": 24.499240398406982
}