{
    "dataset": "diabetes",
    "algorithm": "lightgbm",
    "mode": "raw-only",
    "task_type": "binary",
    "dataset_samples_count": 768,
    "dataset_raw_features_count": 8,
    "feat_total_count": 8,
    "pca_n_components": 32,
    "optimal_trees": 45,
    "tuning_completed": 3,
    "tuning_best_idx": 2,
    "tuning_val_score_0": 0.19562321937321936,
    "tuning_val_score_best": 0.18740028490028493,
    "tuning_overall_gain": 0.008222934472934429,
    "tuning_gain_pct": 4.203455243851355,
    "eval_overfitting_ratio": 0.832047432632739,
    "primary_metric": "1-AUROC",
    "tabpfn_primary_score": 0.13203703703703706,
    "eval_primary_value": 0.1559259259259259,
    "eval_primary_delta": 0.02388888888888885,
    "eval_primary_delta_pct": 18.092566619915814,
    "secondary_metric": "Accuracy",
    "tabpfn_secondary_score": 0.7597402597402597,
    "eval_secondary_value": 0.6493506493506493,
    "eval_secondary_delta": -0.11038961038961037,
    "eval_secondary_delta_pct": -14.529914529914528,
    "feat_share_embedded_pct": 0,
    "feat_share_raw_pct": 100.0,
    "feat_active_embedded_pct": 0,
    "feat_active_raw_pct": 100.0,
    "feat_cr5_pct": 89.80786149429642,
    "feat_cr10_pct": 100.0,
    "time_tuning_search_secs": 8.25076413154602,
    "time_train_secs": 0.09317874908447266,
    "time_infer_secs": 0.006670713424682617,
    "time_train_secs_per_1K": 0.15175692033301735,
    "time_infer_secs_per_1K": 0.04331632093949751,
    "time_total_secs": 15.585121870040894
}