{
    "dataset": "blood-transfusion-service-center",
    "algorithm": "lightgbm",
    "mode": "combined",
    "task_type": "binary",
    "dataset_samples_count": 748,
    "dataset_raw_features_count": 4,
    "feat_total_count": 26,
    "pca_n_components": 22,
    "optimal_trees": 54,
    "tuning_completed": 3,
    "tuning_best_idx": 2,
    "tuning_val_score_0": 0.2645947999082674,
    "tuning_val_score_best": 0.2574496904024768,
    "tuning_overall_gain": 0.0071451095057906144,
    "tuning_gain_pct": 2.700396798526562,
    "eval_overfitting_ratio": 0.9180619928459088,
    "primary_metric": "1-AUROC",
    "tabpfn_primary_score": 0.21479044834307992,
    "eval_primary_value": 0.2363547758284601,
    "eval_primary_delta": 0.021564327485380175,
    "eval_primary_delta_pct": 10.0397050482133,
    "secondary_metric": "Accuracy",
    "tabpfn_secondary_score": 0.7933333333333333,
    "eval_secondary_value": 0.76,
    "eval_secondary_delta": -0.033333333333333326,
    "eval_secondary_delta_pct": -4.201680672268907,
    "feat_share_embedded_pct": 75.60315369830857,
    "feat_share_raw_pct": 24.396846301691408,
    "feat_active_embedded_pct": 100.0,
    "feat_active_raw_pct": 100.0,
    "feat_cr5_pct": 58.526003089273864,
    "feat_cr10_pct": 78.03321332217351,
    "time_tuning_search_secs": 9.310370445251465,
    "time_train_secs": 0.1133420467376709,
    "time_infer_secs": 0.0011320114135742188,
    "time_train_secs_per_1K": 0.1895351952134965,
    "time_infer_secs_per_1K": 0.007546742757161459,
    "time_total_secs": 17.870558738708496
}