{
    "dataset": "diabetes",
    "algorithm": "lightgbm",
    "mode": "embed-only",
    "task_type": "binary",
    "dataset_samples_count": 768,
    "dataset_raw_features_count": 8,
    "feat_total_count": 32,
    "pca_n_components": 32,
    "optimal_trees": 171,
    "tuning_completed": 3,
    "tuning_best_idx": 2,
    "tuning_val_score_0": 0.22946937321937322,
    "tuning_val_score_best": 0.2235683760683761,
    "tuning_overall_gain": 0.005900997150997123,
    "tuning_gain_pct": 2.5715837665864703,
    "eval_overfitting_ratio": 0.7968396572047532,
    "primary_metric": "1-AUROC",
    "tabpfn_primary_score": 0.13203703703703706,
    "eval_primary_value": 0.17814814814814817,
    "eval_primary_delta": 0.0461111111111111,
    "eval_primary_delta_pct": 34.92286115007011,
    "secondary_metric": "Accuracy",
    "tabpfn_secondary_score": 0.7597402597402597,
    "eval_secondary_value": 0.7337662337662337,
    "eval_secondary_delta": -0.025974025974025983,
    "eval_secondary_delta_pct": -3.41880341880342,
    "feat_share_embedded_pct": 100.00000000000001,
    "feat_share_raw_pct": 0,
    "feat_active_embedded_pct": 100.0,
    "feat_active_raw_pct": 0,
    "feat_cr5_pct": 62.06115704887496,
    "feat_cr10_pct": 77.54353950578819,
    "time_tuning_search_secs": 26.802757501602173,
    "time_train_secs": 0.13232922554016113,
    "time_infer_secs": 0.0008804798126220703,
    "time_train_secs_per_1K": 0.21551991130319403,
    "time_infer_secs_per_1K": 0.005717401380662794,
    "time_total_secs": 33.89690828323364
}