{
    "dataset": "churn",
    "algorithm": "catboost",
    "mode": "embed-only",
    "task_type": "binary",
    "dataset_samples_count": 5000,
    "dataset_raw_features_count": 19,
    "feat_total_count": 20,
    "pca_n_components": 20,
    "optimal_trees": 400,
    "tuning_completed": 3,
    "tuning_best_idx": 2,
    "tuning_val_score_0": 0.057940398666733395,
    "tuning_val_score_best": 0.05705480375067673,
    "tuning_overall_gain": 0.0008855949160566645,
    "tuning_gain_pct": 1.5284584442549423,
    "eval_overfitting_ratio": 1.3444912114424814,
    "primary_metric": "1-AUROC",
    "tabpfn_primary_score": 0.08595678630107573,
    "eval_primary_value": 0.07670968221336039,
    "eval_primary_delta": -0.009247104087715341,
    "eval_primary_delta_pct": -10.757852271635725,
    "secondary_metric": "Accuracy",
    "tabpfn_secondary_score": 0.973,
    "eval_secondary_value": 0.973,
    "eval_secondary_delta": 0.0,
    "eval_secondary_delta_pct": 0.0,
    "feat_share_embedded_pct": 100.0,
    "feat_share_raw_pct": 0,
    "feat_active_embedded_pct": 100.0,
    "feat_active_raw_pct": 0,
    "feat_cr5_pct": 56.40831639234826,
    "feat_cr10_pct": 74.6043910843344,
    "time_tuning_search_secs": 13.844488620758057,
    "time_train_secs": 1.0254812240600586,
    "time_infer_secs": 0.004083395004272461,
    "time_train_secs_per_1K": 0.25637030601501465,
    "time_infer_secs_per_1K": 0.004083395004272461,
    "time_total_secs": 18.977379083633423
}