{
    "dataset": "churn",
    "algorithm": "xgboost",
    "mode": "combined",
    "task_type": "binary",
    "dataset_samples_count": 5000,
    "dataset_raw_features_count": 19,
    "feat_total_count": 39,
    "pca_n_components": 20,
    "optimal_trees": 411,
    "tuning_completed": 3,
    "tuning_best_idx": 2,
    "tuning_val_score_0": 0.055927791364656754,
    "tuning_val_score_best": 0.05320638227369312,
    "tuning_overall_gain": 0.0027214090909636335,
    "tuning_gain_pct": 4.865933419790671,
    "eval_overfitting_ratio": 1.4904635591866637,
    "primary_metric": "1-AUROC",
    "tabpfn_primary_score": 0.08595678630107573,
    "eval_primary_value": 0.07930217389509486,
    "eval_primary_delta": -0.006654612405980864,
    "eval_primary_delta_pct": -7.741811545480713,
    "secondary_metric": "Accuracy",
    "tabpfn_secondary_score": 0.973,
    "eval_secondary_value": 0.973,
    "eval_secondary_delta": 0.0,
    "eval_secondary_delta_pct": 0.0,
    "feat_share_embedded_pct": 90.56143367200801,
    "feat_share_raw_pct": 9.438566327992026,
    "feat_active_embedded_pct": 100.0,
    "feat_active_raw_pct": 100.0,
    "feat_cr5_pct": 74.48987178506859,
    "feat_cr10_pct": 81.20358652220744,
    "time_tuning_search_secs": 81.6206636428833,
    "time_train_secs": 0.9252939224243164,
    "time_infer_secs": 0.026100873947143555,
    "time_train_secs_per_1K": 0.2313234806060791,
    "time_infer_secs_per_1K": 0.026100873947143555,
    "time_total_secs": 86.39812755584717
}