{
    "dataset": "blood-transfusion-service-center",
    "algorithm": "catboost",
    "mode": "combined",
    "task_type": "binary",
    "dataset_samples_count": 748,
    "dataset_raw_features_count": 4,
    "feat_total_count": 26,
    "pca_n_components": 22,
    "optimal_trees": 100,
    "tuning_completed": 3,
    "tuning_best_idx": 0,
    "tuning_val_score_0": 0.2906131750945993,
    "tuning_val_score_best": 0.2906131750945993,
    "tuning_overall_gain": 0.0,
    "tuning_gain_pct": 0.0,
    "eval_overfitting_ratio": 0.7818549480900594,
    "primary_metric": "1-AUROC",
    "tabpfn_primary_score": 0.21479044834307992,
    "eval_primary_value": 0.22721734892787526,
    "eval_primary_delta": 0.012426900584795342,
    "eval_primary_delta_pct": 5.785592739648336,
    "secondary_metric": "Accuracy",
    "tabpfn_secondary_score": 0.7933333333333333,
    "eval_secondary_value": 0.7733333333333333,
    "eval_secondary_delta": -0.020000000000000018,
    "eval_secondary_delta_pct": -2.5210084033613467,
    "feat_share_embedded_pct": 88.53465706685284,
    "feat_share_raw_pct": 11.465342933147154,
    "feat_active_embedded_pct": 100.0,
    "feat_active_raw_pct": 100.0,
    "feat_cr5_pct": 29.997867890214494,
    "feat_cr10_pct": 52.39642297452827,
    "time_tuning_search_secs": 10.83634352684021,
    "time_train_secs": 0.5933561325073242,
    "time_infer_secs": 0.007907390594482422,
    "time_train_secs_per_1K": 0.9922343352965288,
    "time_infer_secs_per_1K": 0.052715937296549484,
    "time_total_secs": 18.68476414680481
}