{
    "dataset": "churn",
    "algorithm": "catboost",
    "mode": "raw-only",
    "task_type": "binary",
    "dataset_samples_count": 5000,
    "dataset_raw_features_count": 19,
    "feat_total_count": 19,
    "pca_n_components": 20,
    "optimal_trees": 100,
    "tuning_completed": 3,
    "tuning_best_idx": 0,
    "tuning_val_score_0": 0.07336962224368049,
    "tuning_val_score_best": 0.07336962224368049,
    "tuning_overall_gain": 0.0,
    "tuning_gain_pct": 0.0,
    "eval_overfitting_ratio": 1.0727562006838751,
    "primary_metric": "1-AUROC",
    "tabpfn_primary_score": 0.08595678630107573,
    "eval_primary_value": 0.07870771720374181,
    "eval_primary_delta": -0.007249069097333916,
    "eval_primary_delta_pct": -8.43338776294292,
    "secondary_metric": "Accuracy",
    "tabpfn_secondary_score": 0.973,
    "eval_secondary_value": 0.96,
    "eval_secondary_delta": -0.013000000000000012,
    "eval_secondary_delta_pct": -1.3360739979445027,
    "feat_share_embedded_pct": 0,
    "feat_share_raw_pct": 99.99999999999997,
    "feat_active_embedded_pct": 0,
    "feat_active_raw_pct": 94.73684210526315,
    "feat_cr5_pct": 65.4661915497966,
    "feat_cr10_pct": 89.6612297360644,
    "time_tuning_search_secs": 26.81092071533203,
    "time_train_secs": 0.5830590724945068,
    "time_infer_secs": 0.007833003997802734,
    "time_train_secs_per_1K": 0.1457647681236267,
    "time_infer_secs_per_1K": 0.007833003997802734,
    "time_total_secs": 31.346184968948364
}