{
    "dataset": "diabetes",
    "algorithm": "catboost",
    "mode": "embed-only",
    "task_type": "binary",
    "dataset_samples_count": 768,
    "dataset_raw_features_count": 8,
    "feat_total_count": 32,
    "pca_n_components": 32,
    "optimal_trees": 100,
    "tuning_completed": 3,
    "tuning_best_idx": 0,
    "tuning_val_score_0": 0.2053205128205129,
    "tuning_val_score_best": 0.2053205128205129,
    "tuning_overall_gain": 0.0,
    "tuning_gain_pct": 0.0,
    "eval_overfitting_ratio": 1.102161168349117,
    "primary_metric": "1-AUROC",
    "tabpfn_primary_score": 0.13203703703703706,
    "eval_primary_value": 0.22629629629629633,
    "eval_primary_delta": 0.09425925925925926,
    "eval_primary_delta_pct": 71.38849929873771,
    "secondary_metric": "Accuracy",
    "tabpfn_secondary_score": 0.7597402597402597,
    "eval_secondary_value": 0.7142857142857143,
    "eval_secondary_delta": -0.045454545454545414,
    "eval_secondary_delta_pct": -5.982905982905978,
    "feat_share_embedded_pct": 100.00000000000003,
    "feat_share_raw_pct": 0,
    "feat_active_embedded_pct": 100.0,
    "feat_active_raw_pct": 0,
    "feat_cr5_pct": 36.96938848425923,
    "feat_cr10_pct": 54.42762222829197,
    "time_tuning_search_secs": 12.14067816734314,
    "time_train_secs": 0.7036588191986084,
    "time_infer_secs": 0.008733034133911133,
    "time_train_secs_per_1K": 1.1460241355026195,
    "time_infer_secs_per_1K": 0.0567080138565658,
    "time_total_secs": 20.556462287902832
}