{
    "dataset": "diabetes",
    "algorithm": "catboost",
    "mode": "combined",
    "task_type": "binary",
    "dataset_samples_count": 768,
    "dataset_raw_features_count": 8,
    "feat_total_count": 40,
    "pca_n_components": 32,
    "optimal_trees": 100,
    "tuning_completed": 3,
    "tuning_best_idx": 0,
    "tuning_val_score_0": 0.19055911680911675,
    "tuning_val_score_best": 0.19055911680911675,
    "tuning_overall_gain": 0.0,
    "tuning_gain_pct": 0.0,
    "eval_overfitting_ratio": 0.8512960436562073,
    "primary_metric": "1-AUROC",
    "tabpfn_primary_score": 0.13203703703703706,
    "eval_primary_value": 0.16222222222222216,
    "eval_primary_delta": 0.030185185185185093,
    "eval_primary_delta_pct": 22.86115007012615,
    "secondary_metric": "Accuracy",
    "tabpfn_secondary_score": 0.7597402597402597,
    "eval_secondary_value": 0.7532467532467533,
    "eval_secondary_delta": -0.00649350649350644,
    "eval_secondary_delta_pct": -0.8547008547008477,
    "feat_share_embedded_pct": 66.08082496869591,
    "feat_share_raw_pct": 33.91917503130407,
    "feat_active_embedded_pct": 100.0,
    "feat_active_raw_pct": 100.0,
    "feat_cr5_pct": 30.67983444978437,
    "feat_cr10_pct": 47.561189807259304,
    "time_tuning_search_secs": 16.088824033737183,
    "time_train_secs": 0.9059150218963623,
    "time_infer_secs": 0.003203868865966797,
    "time_train_secs_per_1K": 1.4754316317530332,
    "time_infer_secs_per_1K": 0.02080434328549868,
    "time_total_secs": 23.784353494644165
}