{
    "dataset": "mic",
    "algorithm": "catboost",
    "mode": "embed-only-no-pca",
    "task_type": "multiclass",
    "pca_n_components": 512,
    "optimal_trees": 978,
    "primary_metric": "Log_Loss",
    "primary_value": 0.4475395606437184,
    "primary_delta": -0.006601839342403104,
    "secondary_metric": "Accuracy",
    "secondary_value": 0.888235294117647,
    "secondary_delta": -0.002941176470588336,
    "macro_embedding_share": 99.99999999999993,
    "macro_raw_share": 0,
    "active_embedded": 100.0,
    "active_raw": 0,
    "cr5": 14.881965024848117,
    "cr10": 22.585239900767796,
    "optuna_search_duration_secs": 5243.546502590179,
    "train_duration_secs": 49.044535398483276,
    "total_duration_secs": 5295.106919288635,
    "timestamp": "20260619_080609"
}