{
    "dataset": "wine_quality",
    "algorithm": "lightgbm",
    "mode": "embed-only-no-pca",
    "task_type": "regression",
    "pca_n_components": 512,
    "optimal_trees": 560,
    "primary_metric": "RMSE",
    "primary_value": 0.5667290073366457,
    "primary_delta": 9.28052143120972e-05,
    "secondary_metric": "MSE",
    "secondary_value": 0.32118176775677976,
    "secondary_delta": 0.00010518220115773858,
    "macro_embedding_share": 99.99999999999994,
    "macro_raw_share": 0,
    "active_embedded": 100.0,
    "active_raw": 0,
    "cr5": 19.760212191024287,
    "cr10": 34.605461308431,
    "optuna_search_duration_secs": 399.39103960990906,
    "train_duration_secs": 1.2772772312164307,
    "total_duration_secs": 403.2327835559845,
    "timestamp": "20260619_093426"
}