{
    "dataset": "churn",
    "algorithm": "catboost",
    "mode": "embed-only-no-pca",
    "task_type": "binary",
    "pca_n_components": 512,
    "optimal_trees": 384,
    "primary_metric": "ROC_AUC",
    "primary_value": 0.929168833956687,
    "primary_delta": 0.014960493399053587,
    "secondary_metric": "Accuracy",
    "secondary_value": 0.971,
    "secondary_delta": -0.0030000000000000027,
    "macro_embedding_share": 100.00000000000004,
    "macro_raw_share": 0,
    "active_embedded": 100.0,
    "active_raw": 0,
    "cr5": 33.70868275501323,
    "cr10": 43.997088707817156,
    "optuna_search_duration_secs": 1861.7329845428467,
    "train_duration_secs": 37.499911069869995,
    "total_duration_secs": 1901.5666449069977,
    "timestamp": "20260619_072844"
}