{
    "dataset": "churn",
    "algorithm": "lightgbm",
    "mode": "embed-only-no-pca",
    "task_type": "binary",
    "pca_n_components": 512,
    "optimal_trees": 800,
    "primary_metric": "ROC_AUC",
    "primary_value": 0.9226215540088673,
    "primary_delta": 0.008413213451233803,
    "secondary_metric": "Accuracy",
    "secondary_value": 0.973,
    "secondary_delta": -0.0010000000000000009,
    "macro_embedding_share": 100.00000000000004,
    "macro_raw_share": 0,
    "active_embedded": 100.0,
    "active_raw": 0,
    "cr5": 30.9035128357747,
    "cr10": 46.42427634948036,
    "optuna_search_duration_secs": 216.64398789405823,
    "train_duration_secs": 1.140476942062378,
    "total_duration_secs": 220.34463095664978,
    "timestamp": "20260619_072502"
}