{
    "dataset": "mic",
    "algorithm": "lightgbm",
    "mode": "embed-only-no-pca",
    "task_type": "multiclass",
    "pca_n_components": 512,
    "optimal_trees": 278,
    "primary_metric": "Log_Loss",
    "primary_value": 0.44719571173430045,
    "primary_delta": -0.006945688251821069,
    "secondary_metric": "Accuracy",
    "secondary_value": 0.8911764705882353,
    "secondary_delta": 0.0,
    "macro_embedding_share": 100.0,
    "macro_raw_share": 0,
    "active_embedded": 100.0,
    "active_raw": 0,
    "cr5": 10.757249009341393,
    "cr10": 17.562420566575433,
    "optuna_search_duration_secs": 335.36873483657837,
    "train_duration_secs": 1.468259334564209,
    "total_duration_secs": 339.3512132167816,
    "timestamp": "20260619_080028"
}