{
    "dataset": "wine_quality",
    "algorithm": "catboost",
    "mode": "embed-only-no-pca",
    "task_type": "regression",
    "pca_n_components": 512,
    "optimal_trees": 1000,
    "primary_metric": "RMSE",
    "primary_value": 0.5683176902408208,
    "primary_delta": 0.0016814881184872288,
    "secondary_metric": "MSE",
    "secondary_value": 0.3229849970406616,
    "secondary_delta": 0.0019084114850395628,
    "macro_embedding_share": 100.00000000000001,
    "macro_raw_share": 0,
    "active_embedded": 100.0,
    "active_raw": 0,
    "cr5": 21.726367573962744,
    "cr10": 29.100403704702384,
    "optuna_search_duration_secs": 7659.605565071106,
    "train_duration_secs": 148.62998843193054,
    "total_duration_secs": 7810.802517652512,
    "timestamp": "20260619_094111"
}