{
    "dataset": "diabetes",
    "algorithm": "lightgbm",
    "mode": "embed-only",
    "task_type": "binary",
    "dataset_samples_count": 768,
    "dataset_raw_features_count": 8,
    "feat_total_count": 32,
    "pca_n_components": 32,
    "optimal_trees": 54,
    "tuning_completed": 26,
    "tuning_best_idx": 13,
    "tuning_val_score_0": 0.22785612535612532,
    "tuning_val_score_best": 0.19753917378917385,
    "tuning_overall_gain": 0.030316951566951467,
    "tuning_gain_pct": 13.305304616923468,
    "eval_overfitting_ratio": 0.8690259424182872,
    "primary_metric": "1-AUROC",
    "tabpfn_primary_score": 0.13203703703703706,
    "eval_primary_value": 0.17166666666666663,
    "eval_primary_delta": 0.03962962962962957,
    "eval_primary_delta_pct": 30.014025245441744,
    "secondary_metric": "Accuracy",
    "tabpfn_secondary_score": 0.7597402597402597,
    "eval_secondary_value": 0.7142857142857143,
    "eval_secondary_delta": -0.045454545454545414,
    "eval_secondary_delta_pct": -5.982905982905978,
    "feat_share_embedded_pct": 100.00000000000004,
    "feat_share_raw_pct": 0,
    "feat_active_embedded_pct": 100.0,
    "feat_active_raw_pct": 0,
    "feat_cr5_pct": 60.15945831479028,
    "feat_cr10_pct": 76.57879838345265,
    "time_tuning_search_secs": 20.849820613861084,
    "time_train_secs": 0.027319669723510742,
    "time_infer_secs": 0.0007522106170654297,
    "time_train_secs_per_1K": 0.04449457609692303,
    "time_infer_secs_per_1K": 0.004884484526398894,
    "time_total_secs": 22.349306344985962
}