{
    "dataset": "students_dropout_and_academic_success",
    "algorithm": "xgboost",
    "mode": "combined",
    "task_type": "multiclass",
    "dataset_samples_count": 4424,
    "dataset_raw_features_count": 36,
    "feat_total_count": 65,
    "pca_n_components": 29,
    "optimal_trees": 687,
    "tuning_completed": 26,
    "tuning_best_idx": 4,
    "tuning_val_score_0": 0.5683156659938653,
    "tuning_val_score_best": 0.5442393250221738,
    "tuning_overall_gain": 0.024076340971691534,
    "tuning_gain_pct": 4.2364380242073825,
    "eval_overfitting_ratio": 1.0328028879187783,
    "primary_metric": "Log_Loss",
    "tabpfn_primary_score": 0.5324069501376939,
    "eval_primary_value": 0.5620919466018677,
    "eval_primary_delta": 0.029684996464173774,
    "eval_primary_delta_pct": 5.575621515928085,
    "secondary_metric": "Accuracy",
    "tabpfn_secondary_score": 0.784180790960452,
    "eval_secondary_value": 0.7762711864406779,
    "eval_secondary_delta": -0.007909604519774072,
    "eval_secondary_delta_pct": -1.008645533141218,
    "feat_share_embedded_pct": 39.02515885763027,
    "feat_share_raw_pct": 60.97484114236973,
    "feat_active_embedded_pct": 100.0,
    "feat_active_raw_pct": 100.0,
    "feat_cr5_pct": 52.82262142644578,
    "feat_cr10_pct": 69.62287128551898,
    "time_tuning_search_secs": 417.0667712688446,
    "time_train_secs": 2.207930088043213,
    "time_infer_secs": 0.009482622146606445,
    "time_train_secs_per_1K": 0.6238853032052029,
    "time_infer_secs_per_1K": 0.010714827284301068,
    "time_total_secs": 421.1113600730896
}