{
    "dataset": "credit-g",
    "algorithm": "catboost",
    "mode": "embed-only",
    "task_type": "binary",
    "dataset_samples_count": 1000,
    "dataset_raw_features_count": 20,
    "feat_total_count": 42,
    "pca_n_components": 42,
    "optimal_trees": 359,
    "tuning_completed": 26,
    "tuning_best_idx": 7,
    "tuning_val_score_0": 0.21517857142857155,
    "tuning_val_score_best": 0.20678571428571435,
    "tuning_overall_gain": 0.008392857142857202,
    "tuning_gain_pct": 3.9004149377593613,
    "eval_overfitting_ratio": 1.4024179620034534,
    "primary_metric": "1-AUROC",
    "tabpfn_primary_score": 0.22690476190476194,
    "eval_primary_value": 0.2899999999999999,
    "eval_primary_delta": 0.06309523809523798,
    "eval_primary_delta_pct": 27.806925498425965,
    "secondary_metric": "Accuracy",
    "tabpfn_secondary_score": 0.75,
    "eval_secondary_value": 0.725,
    "eval_secondary_delta": -0.025000000000000022,
    "eval_secondary_delta_pct": -3.333333333333336,
    "feat_share_embedded_pct": 99.99999999999999,
    "feat_share_raw_pct": 0,
    "feat_active_embedded_pct": 100.0,
    "feat_active_raw_pct": 0,
    "feat_cr5_pct": 21.44513408726186,
    "feat_cr10_pct": 34.00777102365277,
    "time_tuning_search_secs": 293.22792387008667,
    "time_train_secs": 2.5434210300445557,
    "time_infer_secs": 0.0032758712768554688,
    "time_train_secs_per_1K": 3.1792762875556946,
    "time_infer_secs_per_1K": 0.016379356384277344,
    "time_total_secs": 297.31041431427
}