{
    "dataset": "qsar-tid-11",
    "algorithm": "lightgbm",
    "mode": "raw-only",
    "task_type": "regression",
    "dataset_samples_count": 5742,
    "dataset_raw_features_count": 1024,
    "feat_total_count": 1024,
    "pca_n_components": 41,
    "optimal_trees": 998,
    "tuning_completed": 26,
    "tuning_best_idx": 24,
    "tuning_val_score_0": 0.7742680514557667,
    "tuning_val_score_best": 0.7520884836027104,
    "tuning_overall_gain": 0.022179567853056303,
    "tuning_gain_pct": 2.8645851796873996,
    "eval_overfitting_ratio": 0.9313598456300082,
    "primary_metric": "RMSE",
    "tabpfn_primary_score": 0.6735581320258458,
    "eval_primary_value": 0.7004650139883273,
    "eval_primary_delta": 0.026906881962481477,
    "eval_primary_delta_pct": 3.9947378976116354,
    "secondary_metric": "R2_Score",
    "tabpfn_secondary_score": 0.8040732050300042,
    "eval_secondary_value": 0.7881070225445365,
    "eval_secondary_delta": -0.015966182485467773,
    "eval_secondary_delta_pct": -1.9856627960724036,
    "feat_share_embedded_pct": 0,
    "feat_share_raw_pct": 99.99999999999996,
    "feat_active_embedded_pct": 0,
    "feat_active_raw_pct": 98.4375,
    "feat_cr5_pct": 18.8101147207565,
    "feat_cr10_pct": 24.054725516560328,
    "time_tuning_search_secs": 482.6938693523407,
    "time_train_secs": 4.278009414672852,
    "time_infer_secs": 0.025167465209960938,
    "time_train_secs_per_1K": 0.9314194240524388,
    "time_infer_secs_per_1K": 0.021903799138347203,
    "time_total_secs": 489.32487964630127
}