{
    "dataset": "naticusdroid",
    "algorithm": "catboost",
    "mode": "raw-only",
    "task_type": "binary",
    "dataset_samples_count": 7491,
    "dataset_raw_features_count": 86,
    "feat_total_count": 86,
    "pca_n_components": 36,
    "optimal_trees": 1000,
    "tuning_completed": 26,
    "tuning_best_idx": 12,
    "tuning_val_score_0": 0.018906187973209976,
    "tuning_val_score_best": 0.014412630948797855,
    "tuning_overall_gain": 0.00449355702441212,
    "tuning_gain_pct": 23.767652319862048,
    "eval_overfitting_ratio": 0.9006229458505981,
    "primary_metric": "1-AUROC",
    "tabpfn_primary_score": 0.010531925295785616,
    "eval_primary_value": 0.012980346142563826,
    "eval_primary_delta": 0.00244842084677821,
    "eval_primary_delta_pct": 23.24760932132659,
    "secondary_metric": "Accuracy",
    "tabpfn_secondary_score": 0.9459639759839893,
    "eval_secondary_value": 0.9439626417611742,
    "eval_secondary_delta": -0.002001334222815121,
    "eval_secondary_delta_pct": -0.21156558533144332,
    "feat_share_embedded_pct": 0,
    "feat_share_raw_pct": 100.00000000000003,
    "feat_active_embedded_pct": 0,
    "feat_active_raw_pct": 96.51162790697676,
    "feat_cr5_pct": 51.14271592064014,
    "feat_cr10_pct": 63.89249307509967,
    "time_tuning_search_secs": 286.48849844932556,
    "time_train_secs": 1.59401535987854,
    "time_infer_secs": 0.01597118377685547,
    "time_train_secs_per_1K": 0.2660239252133745,
    "time_infer_secs_per_1K": 0.01065455889049731,
    "time_total_secs": 289.6768980026245
}