{
    "dataset": "naticusdroid",
    "algorithm": "catboost",
    "mode": "combined",
    "task_type": "binary",
    "dataset_samples_count": 7491,
    "dataset_raw_features_count": 86,
    "feat_total_count": 122,
    "pca_n_components": 36,
    "optimal_trees": 996,
    "tuning_completed": 26,
    "tuning_best_idx": 5,
    "tuning_val_score_0": 0.01710622188850508,
    "tuning_val_score_best": 0.015156325860800512,
    "tuning_overall_gain": 0.0019498960277045674,
    "tuning_gain_pct": 11.39875327476516,
    "eval_overfitting_ratio": 1.0462327890276797,
    "primary_metric": "1-AUROC",
    "tabpfn_primary_score": 0.010531925295785616,
    "eval_primary_value": 0.01585704507675767,
    "eval_primary_delta": 0.005325119780972054,
    "eval_primary_delta_pct": 50.561693436079715,
    "secondary_metric": "Accuracy",
    "tabpfn_secondary_score": 0.9459639759839893,
    "eval_secondary_value": 0.933955970647098,
    "eval_secondary_delta": -0.012008005336891281,
    "eval_secondary_delta_pct": -1.2693935119887187,
    "feat_share_embedded_pct": 33.28561841270842,
    "feat_share_raw_pct": 66.71438158729157,
    "feat_active_embedded_pct": 100.0,
    "feat_active_raw_pct": 100.0,
    "feat_cr5_pct": 63.36963297742777,
    "feat_cr10_pct": 73.30142456542762,
    "time_tuning_search_secs": 698.7807898521423,
    "time_train_secs": 5.5264365673065186,
    "time_infer_secs": 0.020544767379760742,
    "time_train_secs_per_1K": 0.9223024978815952,
    "time_infer_secs_per_1K": 0.013705648685630914,
    "time_total_secs": 705.9778289794922
}