{
    "dataset": "qsar-biodeg",
    "algorithm": "xgboost",
    "mode": "raw-only",
    "task_type": "binary",
    "dataset_samples_count": 1054,
    "dataset_raw_features_count": 41,
    "feat_total_count": 41,
    "pca_n_components": 45,
    "optimal_trees": 243,
    "tuning_completed": 26,
    "tuning_best_idx": 18,
    "tuning_val_score_0": 0.0819910077557593,
    "tuning_val_score_best": 0.06922027506654838,
    "tuning_overall_gain": 0.012770732689210917,
    "tuning_gain_pct": 15.575772317926978,
    "eval_overfitting_ratio": 0.6598362144860389,
    "primary_metric": "1-AUROC",
    "tabpfn_primary_score": 0.04185110663983904,
    "eval_primary_value": 0.04567404426559363,
    "eval_primary_delta": 0.0038229376257545855,
    "eval_primary_delta_pct": 9.134615384615524,
    "secondary_metric": "Accuracy",
    "tabpfn_secondary_score": 0.8862559241706162,
    "eval_secondary_value": 0.8909952606635071,
    "eval_secondary_delta": 0.004739336492890933,
    "eval_secondary_delta_pct": 0.534759358288763,
    "feat_share_embedded_pct": 0,
    "feat_share_raw_pct": 100.0,
    "feat_active_embedded_pct": 0,
    "feat_active_raw_pct": 100.0,
    "feat_cr5_pct": 38.269608194246835,
    "feat_cr10_pct": 55.44919536269601,
    "time_tuning_search_secs": 108.79448223114014,
    "time_train_secs": 0.20356464385986328,
    "time_infer_secs": 0.001073598861694336,
    "time_train_secs_per_1K": 0.24147644585986155,
    "time_infer_secs_per_1K": 0.005088146263954199,
    "time_total_secs": 110.72551012039185
}