{
    "dataset": "diabetes130us",
    "algorithm": "catboost",
    "mode": "embed-only",
    "task_type": "binary",
    "dataset_samples_count": 71518,
    "dataset_raw_features_count": 47,
    "feat_total_count": 38,
    "pca_n_components": 38,
    "optimal_trees": 678,
    "tuning_completed": 26,
    "tuning_best_idx": 13,
    "tuning_val_score_0": 0.35228810002923605,
    "tuning_val_score_best": 0.3453437363031462,
    "tuning_overall_gain": 0.006944363726089864,
    "tuning_gain_pct": 1.9712172297371262,
    "eval_overfitting_ratio": 0.996324913078485,
    "primary_metric": "1-AUROC",
    "tabpfn_primary_score": 0.32308271210032113,
    "eval_primary_value": 0.3440745680544314,
    "eval_primary_delta": 0.02099185595411024,
    "eval_primary_delta_pct": 6.497362801508244,
    "secondary_metric": "Accuracy",
    "tabpfn_secondary_score": 0.9121923937360179,
    "eval_secondary_value": 0.9120525727069351,
    "eval_secondary_delta": -0.00013982102908283167,
    "eval_secondary_delta_pct": -0.01532801961987143,
    "feat_share_embedded_pct": 100.00000000000003,
    "feat_share_raw_pct": 0,
    "feat_active_embedded_pct": 100.0,
    "feat_active_raw_pct": 0,
    "feat_cr5_pct": 24.155616054421998,
    "feat_cr10_pct": 38.66041251204149,
    "time_tuning_search_secs": 936.4143407344818,
    "time_train_secs": 8.137747764587402,
    "time_infer_secs": 0.029369354248046875,
    "time_train_secs_per_1K": 0.14223350516634745,
    "time_infer_secs_per_1K": 0.0020532266672292276,
    "time_total_secs": 947.1206634044647
}