{
    "dataset": "qsar-tid-11",
    "algorithm": "lightgbm",
    "mode": "embed-only",
    "task_type": "regression",
    "dataset_samples_count": 5742,
    "dataset_raw_features_count": 1024,
    "feat_total_count": 41,
    "pca_n_components": 41,
    "optimal_trees": 366,
    "tuning_completed": 26,
    "tuning_best_idx": 21,
    "tuning_val_score_0": 0.7391418476413042,
    "tuning_val_score_best": 0.7307236357795119,
    "tuning_overall_gain": 0.008418211861792257,
    "tuning_gain_pct": 1.1389169600741513,
    "eval_overfitting_ratio": 0.922333899054507,
    "primary_metric": "RMSE",
    "tabpfn_primary_score": 0.6735581320258458,
    "eval_primary_value": 0.6739711801198027,
    "eval_primary_delta": 0.00041304809395692477,
    "eval_primary_delta_pct": 0.061323302966383796,
    "secondary_metric": "R2_Score",
    "tabpfn_secondary_score": 0.8040732050300042,
    "eval_secondary_value": 0.8038328337866592,
    "eval_secondary_delta": -0.0002403712433450833,
    "eval_secondary_delta_pct": -0.029894198916392667,
    "feat_share_embedded_pct": 100.0,
    "feat_share_raw_pct": 0,
    "feat_active_embedded_pct": 100.0,
    "feat_active_raw_pct": 0,
    "feat_cr5_pct": 89.86697884306354,
    "feat_cr10_pct": 92.94815615963891,
    "time_tuning_search_secs": 105.82152318954468,
    "time_train_secs": 0.3328056335449219,
    "time_infer_secs": 0.0029032230377197266,
    "time_train_secs_per_1K": 0.07245931494555234,
    "time_infer_secs_per_1K": 0.0025267389362225645,
    "time_total_secs": 108.43631410598755
}