{
    "dataset": "food_delivery_time",
    "algorithm": "xgboost",
    "mode": "raw-only",
    "task_type": "regression",
    "dataset_samples_count": 45451,
    "dataset_raw_features_count": 9,
    "feat_total_count": 9,
    "pca_n_components": 34,
    "optimal_trees": 677,
    "tuning_completed": 26,
    "tuning_best_idx": 11,
    "tuning_val_score_0": 8.115330148284182,
    "tuning_val_score_best": 7.731223043386506,
    "tuning_overall_gain": 0.38410710489767563,
    "tuning_gain_pct": 4.733105097133813,
    "eval_overfitting_ratio": 1.0319710125413848,
    "primary_metric": "RMSE",
    "tabpfn_primary_score": 7.406528158962125,
    "eval_primary_value": 7.9783980722668595,
    "eval_primary_delta": 0.5718699133047345,
    "eval_primary_delta_pct": 7.7211603200718875,
    "secondary_metric": "R2_Score",
    "tabpfn_secondary_score": 0.36501583853960906,
    "eval_secondary_value": 0.2631740066266025,
    "eval_secondary_delta": -0.10184183191300655,
    "eval_secondary_delta_pct": -27.900661056370947,
    "feat_share_embedded_pct": 0,
    "feat_share_raw_pct": 100.0,
    "feat_active_embedded_pct": 0,
    "feat_active_raw_pct": 100.0,
    "feat_cr5_pct": 93.65330152612462,
    "feat_cr10_pct": 100.0,
    "time_tuning_search_secs": 584.4002933502197,
    "time_train_secs": 0.4649813175201416,
    "time_infer_secs": 0.01003122329711914,
    "time_train_secs_per_1K": 0.012788265058309725,
    "time_infer_secs_per_1K": 0.0011034235284478212,
    "time_total_secs": 586.848445892334
}