{
    "dataset": "physiochemical_protein",
    "algorithm": "lightgbm",
    "mode": "embed-only",
    "task_type": "regression",
    "dataset_samples_count": 45730,
    "dataset_raw_features_count": 9,
    "feat_total_count": 87,
    "pca_n_components": 87,
    "optimal_trees": 966,
    "tuning_completed": 26,
    "tuning_best_idx": 15,
    "tuning_val_score_0": 2.9190298356532676,
    "tuning_val_score_best": 2.893804784472336,
    "tuning_overall_gain": 0.025225051180931768,
    "tuning_gain_pct": 0.8641587308506047,
    "eval_overfitting_ratio": 0.97555228150101,
    "primary_metric": "RMSE",
    "tabpfn_primary_score": 2.8268602129706855,
    "eval_primary_value": 2.823057859710526,
    "eval_primary_delta": -0.003802353260159652,
    "eval_primary_delta_pct": -0.1345080044182249,
    "secondary_metric": "R2_Score",
    "tabpfn_secondary_score": 0.7868861628452948,
    "eval_secondary_value": 0.7874590876101385,
    "eval_secondary_delta": 0.0005729247648437186,
    "eval_secondary_delta_pct": 0.07280910402237661,
    "feat_share_embedded_pct": 99.99999999999997,
    "feat_share_raw_pct": 0,
    "feat_active_embedded_pct": 100.0,
    "feat_active_raw_pct": 0,
    "feat_cr5_pct": 90.79930608136824,
    "feat_cr10_pct": 96.08735798185998,
    "time_tuning_search_secs": 272.73271775245667,
    "time_train_secs": 1.8547825813293457,
    "time_infer_secs": 0.061571598052978516,
    "time_train_secs_per_1K": 0.05069928332957975,
    "time_infer_secs_per_1K": 0.0067320793847560146,
    "time_total_secs": 276.4769937992096
}