{
    "dataset": "healthcare_insurance_expenses",
    "algorithm": "xgboost",
    "mode": "combined",
    "task_type": "regression",
    "dataset_samples_count": 1338,
    "dataset_raw_features_count": 6,
    "feat_total_count": 31,
    "pca_n_components": 25,
    "optimal_trees": 1000,
    "tuning_completed": 26,
    "tuning_best_idx": 11,
    "tuning_val_score_0": 5022.004084911247,
    "tuning_val_score_best": 4634.455032905855,
    "tuning_overall_gain": 387.5490520053927,
    "tuning_gain_pct": 7.7170198481079435,
    "eval_overfitting_ratio": 0.7654331539327313,
    "primary_metric": "RMSE",
    "tabpfn_primary_score": 3491.6280042643198,
    "eval_primary_value": 3547.3655325965483,
    "eval_primary_delta": 55.73752833222852,
    "eval_primary_delta_pct": 1.5963192030810949,
    "secondary_metric": "R2_Score",
    "tabpfn_secondary_score": 0.8840187677944327,
    "eval_secondary_value": 0.8802863516875943,
    "eval_secondary_delta": -0.0037324161068383876,
    "eval_secondary_delta_pct": -0.42221005286465974,
    "feat_share_embedded_pct": 79.31911006327994,
    "feat_share_raw_pct": 20.68088993672005,
    "feat_active_embedded_pct": 100.0,
    "feat_active_raw_pct": 100.0,
    "feat_cr5_pct": 90.0369066697275,
    "feat_cr10_pct": 95.34541353248395,
    "time_tuning_search_secs": 109.83730340003967,
    "time_train_secs": 0.42259788513183594,
    "time_infer_secs": 0.0016829967498779297,
    "time_train_secs_per_1K": 0.3949512945157345,
    "time_infer_secs_per_1K": 0.0062798386189474985,
    "time_total_secs": 111.88359665870667
}