{
    "dataset": "diabetes130us",
    "algorithm": "xgboost",
    "mode": "raw-only",
    "task_type": "binary",
    "dataset_samples_count": 71518,
    "dataset_raw_features_count": 47,
    "feat_total_count": 47,
    "pca_n_components": 38,
    "optimal_trees": 132,
    "tuning_completed": 26,
    "tuning_best_idx": 13,
    "tuning_val_score_0": 0.3681104608754522,
    "tuning_val_score_best": 0.3319573293792468,
    "tuning_overall_gain": 0.03615313149620536,
    "tuning_gain_pct": 9.821272508861828,
    "eval_overfitting_ratio": 1.1375786613292311,
    "primary_metric": "1-AUROC",
    "tabpfn_primary_score": 0.32308271210032113,
    "eval_primary_value": 0.3776275743736702,
    "eval_primary_delta": 0.05454486227334909,
    "eval_primary_delta_pct": 16.88263105096513,
    "secondary_metric": "Accuracy",
    "tabpfn_secondary_score": 0.9121923937360179,
    "eval_secondary_value": 0.9119826621923938,
    "eval_secondary_delta": -0.00020973154362413648,
    "eval_secondary_delta_pct": -0.022992029429794975,
    "feat_share_embedded_pct": 0,
    "feat_share_raw_pct": 100.00000000000001,
    "feat_active_embedded_pct": 0,
    "feat_active_raw_pct": 63.829787234042556,
    "feat_cr5_pct": 73.01709035028865,
    "feat_cr10_pct": 87.9704858212305,
    "time_tuning_search_secs": 441.0803337097168,
    "time_train_secs": 0.5753414630889893,
    "time_infer_secs": 0.014271736145019531,
    "time_train_secs_per_1K": 0.010055955938913366,
    "time_infer_secs_per_1K": 0.0009977444172972268,
    "time_total_secs": 444.1576759815216
}