{
    "dataset": "qsar-tid-11",
    "algorithm": "catboost",
    "mode": "raw-only",
    "task_type": "regression",
    "dataset_samples_count": 5742,
    "dataset_raw_features_count": 1024,
    "feat_total_count": 1024,
    "pca_n_components": 41,
    "optimal_trees": 1000,
    "tuning_completed": 26,
    "tuning_best_idx": 12,
    "tuning_val_score_0": 1.3059792655777516,
    "tuning_val_score_best": 0.771309156743704,
    "tuning_overall_gain": 0.5346701088340475,
    "tuning_gain_pct": 40.94016826503866,
    "eval_overfitting_ratio": 0.9276358966007773,
    "primary_metric": "RMSE",
    "tabpfn_primary_score": 0.6735581320258458,
    "eval_primary_value": 0.7154940611723354,
    "eval_primary_delta": 0.04193592914648958,
    "eval_primary_delta_pct": 6.226029670276539,
    "secondary_metric": "R2_Score",
    "tabpfn_secondary_score": 0.8040732050300042,
    "eval_secondary_value": 0.7789168044932941,
    "eval_secondary_delta": -0.02515640053671009,
    "eval_secondary_delta_pct": -3.128620675249509,
    "feat_share_embedded_pct": 0,
    "feat_share_raw_pct": 100.00000000000011,
    "feat_active_embedded_pct": 0,
    "feat_active_raw_pct": 99.90234375,
    "feat_cr5_pct": 19.254440055143927,
    "feat_cr10_pct": 24.510264622835013,
    "time_tuning_search_secs": 2992.765989303589,
    "time_train_secs": 19.669692039489746,
    "time_infer_secs": 0.020584583282470703,
    "time_train_secs_per_1K": 4.282536912582135,
    "time_infer_secs_per_1K": 0.01791521608570122,
    "time_total_secs": 3015.232565164566
}