{
    "dataset": "credit-g",
    "algorithm": "catboost",
    "mode": "combined",
    "task_type": "binary",
    "dataset_samples_count": 1000,
    "dataset_raw_features_count": 20,
    "feat_total_count": 62,
    "pca_n_components": 42,
    "optimal_trees": 539,
    "tuning_completed": 26,
    "tuning_best_idx": 8,
    "tuning_val_score_0": 0.21952380952380945,
    "tuning_val_score_best": 0.19166666666666665,
    "tuning_overall_gain": 0.027857142857142803,
    "tuning_gain_pct": 12.689804772234254,
    "eval_overfitting_ratio": 1.3,
    "primary_metric": "1-AUROC",
    "tabpfn_primary_score": 0.22690476190476194,
    "eval_primary_value": 0.24916666666666665,
    "eval_primary_delta": 0.022261904761904705,
    "eval_primary_delta_pct": 9.811122770199344,
    "secondary_metric": "Accuracy",
    "tabpfn_secondary_score": 0.75,
    "eval_secondary_value": 0.745,
    "eval_secondary_delta": -0.0050000000000000044,
    "eval_secondary_delta_pct": -0.6666666666666672,
    "feat_share_embedded_pct": 72.49523631291706,
    "feat_share_raw_pct": 27.504763687082946,
    "feat_active_embedded_pct": 100.0,
    "feat_active_raw_pct": 100.0,
    "feat_cr5_pct": 23.141660853068004,
    "feat_cr10_pct": 34.00303002587086,
    "time_tuning_search_secs": 266.8478813171387,
    "time_train_secs": 3.9395956993103027,
    "time_infer_secs": 0.005084991455078125,
    "time_train_secs_per_1K": 4.924494624137878,
    "time_infer_secs_per_1K": 0.025424957275390625,
    "time_total_secs": 272.41978430747986
}