{
    "dataset": "qsar-biodeg",
    "algorithm": "lightgbm",
    "mode": "combined",
    "task_type": "binary",
    "dataset_samples_count": 1054,
    "dataset_raw_features_count": 41,
    "feat_total_count": 86,
    "pca_n_components": 45,
    "optimal_trees": 997,
    "tuning_completed": 26,
    "tuning_best_idx": 22,
    "tuning_val_score_0": 0.08357896661079889,
    "tuning_val_score_best": 0.06673038055802039,
    "tuning_overall_gain": 0.016848586052778503,
    "tuning_gain_pct": 20.158882953455382,
    "eval_overfitting_ratio": 0.7839590133059888,
    "primary_metric": "1-AUROC",
    "tabpfn_primary_score": 0.04185110663983904,
    "eval_primary_value": 0.0523138832997988,
    "eval_primary_delta": 0.01046277665995976,
    "eval_primary_delta_pct": 25.0,
    "secondary_metric": "Accuracy",
    "tabpfn_secondary_score": 0.8862559241706162,
    "eval_secondary_value": 0.8862559241706162,
    "eval_secondary_delta": 0.0,
    "eval_secondary_delta_pct": 0.0,
    "feat_share_embedded_pct": 44.19566229372685,
    "feat_share_raw_pct": 55.80433770627319,
    "feat_active_embedded_pct": 100.0,
    "feat_active_raw_pct": 100.0,
    "feat_cr5_pct": 26.589220125495157,
    "feat_cr10_pct": 39.37828818076516,
    "time_tuning_search_secs": 82.13821959495544,
    "time_train_secs": 1.1194322109222412,
    "time_infer_secs": 0.0061187744140625,
    "time_train_secs_per_1K": 1.3279148409516504,
    "time_infer_secs_per_1K": 0.028998930872334124,
    "time_total_secs": 84.76899671554565
}