{
    "dataset": "jm1",
    "algorithm": "catboost",
    "mode": "combined",
    "task_type": "binary",
    "dataset_samples_count": 10885,
    "dataset_raw_features_count": 21,
    "feat_total_count": 63,
    "pca_n_components": 42,
    "optimal_trees": 711,
    "tuning_completed": 26,
    "tuning_best_idx": 22,
    "tuning_val_score_0": 0.2504609582908237,
    "tuning_val_score_best": 0.23290122121831502,
    "tuning_overall_gain": 0.017559737072508685,
    "tuning_gain_pct": 7.01096777411477,
    "eval_overfitting_ratio": 1.0246268966293224,
    "primary_metric": "1-AUROC",
    "tabpfn_primary_score": 0.2203148756350808,
    "eval_primary_value": 0.23863685551810143,
    "eval_primary_delta": 0.018321979883020645,
    "eval_primary_delta_pct": 8.316269988672174,
    "secondary_metric": "Accuracy",
    "tabpfn_secondary_score": 0.8231511254019293,
    "eval_secondary_value": 0.8135048231511254,
    "eval_secondary_delta": -0.009646302250803873,
    "eval_secondary_delta_pct": -1.1718750000000018,
    "feat_share_embedded_pct": 75.74915136499482,
    "feat_share_raw_pct": 24.250848635005177,
    "feat_active_embedded_pct": 100.0,
    "feat_active_raw_pct": 100.0,
    "feat_cr5_pct": 14.803685451418291,
    "feat_cr10_pct": 25.06055397204883,
    "time_tuning_search_secs": 988.6218845844269,
    "time_train_secs": 7.447181701660156,
    "time_infer_secs": 0.00814366340637207,
    "time_train_secs_per_1K": 0.8552114953674961,
    "time_infer_secs_per_1K": 0.0037407732688893294,
    "time_total_secs": 997.586270570755
}