{
    "dataset": "givemesomecredit",
    "algorithm": "catboost",
    "mode": "raw-only",
    "task_type": "binary",
    "dataset_samples_count": 150000,
    "dataset_raw_features_count": 10,
    "feat_total_count": 10,
    "pca_n_components": 20,
    "optimal_trees": 1000,
    "tuning_completed": 26,
    "tuning_best_idx": 11,
    "tuning_val_score_0": 0.1385426188922545,
    "tuning_val_score_best": 0.1351291611821278,
    "tuning_overall_gain": 0.0034134577101266883,
    "tuning_gain_pct": 2.463832239797168,
    "eval_overfitting_ratio": 0.9427686764675511,
    "primary_metric": "1-AUROC",
    "tabpfn_primary_score": 0.12526345326182675,
    "eval_primary_value": 0.12739554043984502,
    "eval_primary_delta": 0.0021320871780182715,
    "eval_primary_delta_pct": 1.702082389156049,
    "secondary_metric": "Accuracy",
    "tabpfn_secondary_score": 0.9378,
    "eval_secondary_value": 0.9370333333333334,
    "eval_secondary_delta": -0.0007666666666665822,
    "eval_secondary_delta_pct": -0.08175161726024549,
    "feat_share_embedded_pct": 0,
    "feat_share_raw_pct": 100.0,
    "feat_active_embedded_pct": 0,
    "feat_active_raw_pct": 100.0,
    "feat_cr5_pct": 68.54342970855987,
    "feat_cr10_pct": 100.0,
    "time_tuning_search_secs": 1211.871614933014,
    "time_train_secs": 3.3543500900268555,
    "time_infer_secs": 0.0035278797149658203,
    "time_train_secs_per_1K": 0.027952917416890464,
    "time_infer_secs_per_1K": 0.00011759599049886068,
    "time_total_secs": 1218.4404904842377
}