{
    "dataset": "wine_quality",
    "algorithm": "lightgbm",
    "mode": "embed-only",
    "task_type": "regression",
    "dataset_samples_count": 6497,
    "dataset_raw_features_count": 12,
    "feat_total_count": 25,
    "pca_n_components": 25,
    "optimal_trees": 432,
    "tuning_completed": 26,
    "tuning_best_idx": 23,
    "tuning_val_score_0": 0.5959135430778012,
    "tuning_val_score_best": 0.5851214426549538,
    "tuning_overall_gain": 0.010792100422847395,
    "tuning_gain_pct": 1.8110178142802171,
    "eval_overfitting_ratio": 0.9710299572846183,
    "primary_metric": "RMSE",
    "tabpfn_primary_score": 0.5665150098489219,
    "eval_primary_value": 0.568170449467554,
    "eval_primary_delta": 0.0016554396186321263,
    "eval_primary_delta_pct": 0.2922146085897351,
    "secondary_metric": "R2_Score",
    "tabpfn_secondary_score": 0.5709894261223469,
    "eval_secondary_value": 0.5684784996892334,
    "eval_secondary_delta": -0.0025109264331135694,
    "eval_secondary_delta_pct": -0.43975007561270474,
    "feat_share_embedded_pct": 100.00000000000003,
    "feat_share_raw_pct": 0,
    "feat_active_embedded_pct": 100.0,
    "feat_active_raw_pct": 0,
    "feat_cr5_pct": 81.00468411055185,
    "feat_cr10_pct": 93.08669604466441,
    "time_tuning_search_secs": 79.85793089866638,
    "time_train_secs": 0.26123571395874023,
    "time_infer_secs": 0.0039517879486083984,
    "time_train_secs_per_1K": 0.05026663728280551,
    "time_infer_secs_per_1K": 0.003039836883544922,
    "time_total_secs": 81.80156755447388
}