{
    "dataset": "students_dropout_and_academic_success",
    "algorithm": "lightgbm",
    "mode": "embed-only",
    "task_type": "multiclass",
    "dataset_samples_count": 4424,
    "dataset_raw_features_count": 36,
    "feat_total_count": 29,
    "pca_n_components": 29,
    "optimal_trees": 288,
    "tuning_completed": 26,
    "tuning_best_idx": 16,
    "tuning_val_score_0": 0.5861046354421112,
    "tuning_val_score_best": 0.5587051655599216,
    "tuning_overall_gain": 0.027399469882189664,
    "tuning_gain_pct": 4.674842720109466,
    "eval_overfitting_ratio": 0.9830369575126555,
    "primary_metric": "Log_Loss",
    "tabpfn_primary_score": 0.5324069501376939,
    "eval_primary_value": 0.5492278260986297,
    "eval_primary_delta": 0.016820875960935844,
    "eval_primary_delta_pct": 3.1594020244449363,
    "secondary_metric": "Accuracy",
    "tabpfn_secondary_score": 0.784180790960452,
    "eval_secondary_value": 0.7819209039548023,
    "eval_secondary_delta": -0.002259887005649719,
    "eval_secondary_delta_pct": -0.288184438040346,
    "feat_share_embedded_pct": 100.0,
    "feat_share_raw_pct": 0,
    "feat_active_embedded_pct": 100.0,
    "feat_active_raw_pct": 0,
    "feat_cr5_pct": 53.7262847334691,
    "feat_cr10_pct": 69.78942666077013,
    "time_tuning_search_secs": 207.95159816741943,
    "time_train_secs": 0.5883092880249023,
    "time_infer_secs": 0.008317947387695312,
    "time_train_secs_per_1K": 0.16623602374255506,
    "time_infer_secs_per_1K": 0.009398810607565325,
    "time_total_secs": 210.19269561767578
}