{
    "dataset": "givemesomecredit",
    "algorithm": "xgboost",
    "mode": "raw-only",
    "task_type": "binary",
    "dataset_samples_count": 150000,
    "dataset_raw_features_count": 10,
    "feat_total_count": 10,
    "pca_n_components": 20,
    "optimal_trees": 767,
    "tuning_completed": 26,
    "tuning_best_idx": 22,
    "tuning_val_score_0": 0.13843455399527804,
    "tuning_val_score_best": 0.13495079592531545,
    "tuning_overall_gain": 0.0034837580699625947,
    "tuning_gain_pct": 2.516537937545148,
    "eval_overfitting_ratio": 0.9484834471548476,
    "primary_metric": "1-AUROC",
    "tabpfn_primary_score": 0.12526345326182675,
    "eval_primary_value": 0.12799859611553355,
    "eval_primary_delta": 0.0027351428537067957,
    "eval_primary_delta_pct": 2.1835122555577136,
    "secondary_metric": "Accuracy",
    "tabpfn_secondary_score": 0.9378,
    "eval_secondary_value": 0.9380666666666667,
    "eval_secondary_delta": 0.0002666666666667483,
    "eval_secondary_delta_pct": 0.028435345134010272,
    "feat_share_embedded_pct": 0,
    "feat_share_raw_pct": 100.0,
    "feat_active_embedded_pct": 0,
    "feat_active_raw_pct": 100.0,
    "feat_cr5_pct": 91.7113219801302,
    "feat_cr10_pct": 100.0,
    "time_tuning_search_secs": 632.1529362201691,
    "time_train_secs": 1.3885715007781982,
    "time_infer_secs": 0.06449103355407715,
    "time_train_secs_per_1K": 0.011571429173151652,
    "time_infer_secs_per_1K": 0.0021497011184692383,
    "time_total_secs": 636.4493205547333
}