{
    "dataset": "qsar-tid-11",
    "algorithm": "xgboost",
    "mode": "combined",
    "task_type": "regression",
    "dataset_samples_count": 5742,
    "dataset_raw_features_count": 1024,
    "feat_total_count": 1065,
    "pca_n_components": 41,
    "optimal_trees": 466,
    "tuning_completed": 26,
    "tuning_best_idx": 23,
    "tuning_val_score_0": 0.7496881551712253,
    "tuning_val_score_best": 0.7334609531883631,
    "tuning_overall_gain": 0.016227201982862205,
    "tuning_gain_pct": 2.164526926419957,
    "eval_overfitting_ratio": 0.915407806912685,
    "primary_metric": "RMSE",
    "tabpfn_primary_score": 0.6735581320258458,
    "eval_primary_value": 0.671415882614247,
    "eval_primary_delta": -0.0021422494115987956,
    "eval_primary_delta_pct": -0.31804966932187423,
    "secondary_metric": "R2_Score",
    "tabpfn_secondary_score": 0.8040732050300042,
    "eval_secondary_value": 0.8053175121679379,
    "eval_secondary_delta": 0.0012443071379336645,
    "eval_secondary_delta_pct": 0.1547504792038472,
    "feat_share_embedded_pct": 96.59394848996533,
    "feat_share_raw_pct": 3.4060515100346316,
    "feat_active_embedded_pct": 100.0,
    "feat_active_raw_pct": 26.5625,
    "feat_cr5_pct": 92.14267288148727,
    "feat_cr10_pct": 94.97582466099212,
    "time_tuning_search_secs": 689.1675624847412,
    "time_train_secs": 1.4969582557678223,
    "time_infer_secs": 0.002373933792114258,
    "time_train_secs_per_1K": 0.3259216755427438,
    "time_infer_secs_per_1K": 0.0020660868512743756,
    "time_total_secs": 693.5693242549896
}