{
    "dataset": "food_delivery_time",
    "algorithm": "xgboost",
    "mode": "combined",
    "task_type": "regression",
    "dataset_samples_count": 45451,
    "dataset_raw_features_count": 9,
    "feat_total_count": 43,
    "pca_n_components": 34,
    "optimal_trees": 69,
    "tuning_completed": 26,
    "tuning_best_idx": 14,
    "tuning_val_score_0": 7.669037389810574,
    "tuning_val_score_best": 7.392234371982063,
    "tuning_overall_gain": 0.27680301782851124,
    "tuning_gain_pct": 3.609358042722338,
    "eval_overfitting_ratio": 0.9983174150642308,
    "primary_metric": "RMSE",
    "tabpfn_primary_score": 7.406528158962125,
    "eval_primary_value": 7.379796309786091,
    "eval_primary_delta": -0.026731849176034217,
    "eval_primary_delta_pct": -0.3609228048864955,
    "secondary_metric": "R2_Score",
    "tabpfn_secondary_score": 0.36501583853960906,
    "eval_secondary_value": 0.36959117219347193,
    "eval_secondary_delta": 0.0045753336538628675,
    "eval_secondary_delta_pct": 1.2534616777639864,
    "feat_share_embedded_pct": 72.50117823352022,
    "feat_share_raw_pct": 27.49882176647976,
    "feat_active_embedded_pct": 97.05882352941177,
    "feat_active_raw_pct": 100.0,
    "feat_cr5_pct": 83.14599753351291,
    "feat_cr10_pct": 97.37548807345685,
    "time_tuning_search_secs": 352.4081881046295,
    "time_train_secs": 0.25452113151550293,
    "time_infer_secs": 0.0033309459686279297,
    "time_train_secs_per_1K": 0.00700003111978831,
    "time_infer_secs_per_1K": 0.00036640039254514685,
    "time_total_secs": 354.65900588035583
}