{
    "dataset": "food_delivery_time",
    "algorithm": "lightgbm",
    "mode": "embed-only",
    "task_type": "regression",
    "dataset_samples_count": 45451,
    "dataset_raw_features_count": 9,
    "feat_total_count": 34,
    "pca_n_components": 34,
    "optimal_trees": 650,
    "tuning_completed": 26,
    "tuning_best_idx": 17,
    "tuning_val_score_0": 7.3271689710054355,
    "tuning_val_score_best": 7.310445031788565,
    "tuning_overall_gain": 0.01672393921687032,
    "tuning_gain_pct": 0.22824557865458178,
    "eval_overfitting_ratio": 0.998709306573435,
    "primary_metric": "RMSE",
    "tabpfn_primary_score": 7.406528158962125,
    "eval_primary_value": 7.301009488440771,
    "eval_primary_delta": -0.105518670521354,
    "eval_primary_delta_pct": -1.4246711584249252,
    "secondary_metric": "R2_Score",
    "tabpfn_secondary_score": 0.36501583853960906,
    "eval_secondary_value": 0.3829798289898608,
    "eval_secondary_delta": 0.017963990450251766,
    "eval_secondary_delta_pct": 4.921427662460854,
    "feat_share_embedded_pct": 99.99999999999997,
    "feat_share_raw_pct": 0,
    "feat_active_embedded_pct": 100.0,
    "feat_active_raw_pct": 0,
    "feat_cr5_pct": 82.21762874484699,
    "feat_cr10_pct": 89.60230244842855,
    "time_tuning_search_secs": 238.19106149673462,
    "time_train_secs": 1.3220806121826172,
    "time_infer_secs": 0.050664424896240234,
    "time_train_secs_per_1K": 0.036360852920314005,
    "time_infer_secs_per_1K": 0.005573031008276343,
    "time_total_secs": 241.5599386692047
}