{
    "dataset": "naticusdroid",
    "algorithm": "lightgbm",
    "mode": "combined",
    "task_type": "binary",
    "dataset_samples_count": 7491,
    "dataset_raw_features_count": 86,
    "feat_total_count": 122,
    "pca_n_components": 36,
    "optimal_trees": 722,
    "tuning_completed": 26,
    "tuning_best_idx": 7,
    "tuning_val_score_0": 0.016982029419010836,
    "tuning_val_score_best": 0.014310777605512914,
    "tuning_overall_gain": 0.0026712518134979213,
    "tuning_gain_pct": 15.729873901334434,
    "eval_overfitting_ratio": 0.9439291557249503,
    "primary_metric": "1-AUROC",
    "tabpfn_primary_score": 0.010531925295785616,
    "eval_primary_value": 0.01350836022293933,
    "eval_primary_delta": 0.002976434927153715,
    "eval_primary_delta_pct": 28.26107139541471,
    "secondary_metric": "Accuracy",
    "tabpfn_secondary_score": 0.9459639759839893,
    "eval_secondary_value": 0.9379586390927285,
    "eval_secondary_delta": -0.008005336891260817,
    "eval_secondary_delta_pct": -0.8462623413258085,
    "feat_share_embedded_pct": 23.68598360150466,
    "feat_share_raw_pct": 76.3140163984953,
    "feat_active_embedded_pct": 100.0,
    "feat_active_raw_pct": 95.34883720930233,
    "feat_cr5_pct": 55.98876086613149,
    "feat_cr10_pct": 67.64751403478108,
    "time_tuning_search_secs": 165.652583360672,
    "time_train_secs": 1.2911102771759033,
    "time_infer_secs": 0.02583789825439453,
    "time_train_secs_per_1K": 0.21547234265285437,
    "time_infer_secs_per_1K": 0.017236756674045717,
    "time_total_secs": 168.58679580688477
}