{
    "dataset": "givemesomecredit",
    "algorithm": "xgboost",
    "mode": "embed-only",
    "task_type": "binary",
    "dataset_samples_count": 150000,
    "dataset_raw_features_count": 10,
    "feat_total_count": 20,
    "pca_n_components": 20,
    "optimal_trees": 744,
    "tuning_completed": 26,
    "tuning_best_idx": 6,
    "tuning_val_score_0": 0.14262233517805756,
    "tuning_val_score_best": 0.1365340151589427,
    "tuning_overall_gain": 0.006088320019114857,
    "tuning_gain_pct": 4.2688405091067,
    "eval_overfitting_ratio": 0.938214649085118,
    "primary_metric": "1-AUROC",
    "tabpfn_primary_score": 0.12526345326182675,
    "eval_primary_value": 0.1280982131205296,
    "eval_primary_delta": 0.002834759858702851,
    "eval_primary_delta_pct": 2.2630382484966396,
    "secondary_metric": "Accuracy",
    "tabpfn_secondary_score": 0.9378,
    "eval_secondary_value": 0.9374,
    "eval_secondary_delta": -0.00039999999999995595,
    "eval_secondary_delta_pct": -0.04265301770099765,
    "feat_share_embedded_pct": 100.00000000000003,
    "feat_share_raw_pct": 0,
    "feat_active_embedded_pct": 100.0,
    "feat_active_raw_pct": 0,
    "feat_cr5_pct": 72.55788609855938,
    "feat_cr10_pct": 87.95528490458635,
    "time_tuning_search_secs": 867.7649219036102,
    "time_train_secs": 1.9944062232971191,
    "time_infer_secs": 0.03770709037780762,
    "time_train_secs_per_1K": 0.016620051860809327,
    "time_infer_secs_per_1K": 0.0012569030125935872,
    "time_total_secs": 872.747811794281
}