{
    "dataset": "givemesomecredit",
    "algorithm": "catboost",
    "mode": "embed-only",
    "task_type": "binary",
    "dataset_samples_count": 150000,
    "dataset_raw_features_count": 10,
    "feat_total_count": 20,
    "pca_n_components": 20,
    "optimal_trees": 831,
    "tuning_completed": 26,
    "tuning_best_idx": 23,
    "tuning_val_score_0": 0.14238456680476752,
    "tuning_val_score_best": 0.13620108542371367,
    "tuning_overall_gain": 0.006183481381053846,
    "tuning_gain_pct": 4.342803099954231,
    "eval_overfitting_ratio": 0.9404223422877137,
    "primary_metric": "1-AUROC",
    "tabpfn_primary_score": 0.12526345326182675,
    "eval_primary_value": 0.1280865437762978,
    "eval_primary_delta": 0.0028230905144710494,
    "eval_primary_delta_pct": 2.253722407420943,
    "secondary_metric": "Accuracy",
    "tabpfn_secondary_score": 0.9378,
    "eval_secondary_value": 0.9367,
    "eval_secondary_delta": -0.0010999999999999899,
    "eval_secondary_delta_pct": -0.11729579867775539,
    "feat_share_embedded_pct": 99.99999999999999,
    "feat_share_raw_pct": 0,
    "feat_active_embedded_pct": 100.0,
    "feat_active_raw_pct": 0,
    "feat_cr5_pct": 64.9194439702196,
    "feat_cr10_pct": 83.31818454640567,
    "time_tuning_search_secs": 2130.1956424713135,
    "time_train_secs": 9.402748346328735,
    "time_infer_secs": 0.04260134696960449,
    "time_train_secs_per_1K": 0.07835623621940613,
    "time_infer_secs_per_1K": 0.0014200448989868165,
    "time_total_secs": 2142.7346529960632
}