{
    "dataset": "credit-g",
    "algorithm": "lightgbm",
    "mode": "combined",
    "task_type": "binary",
    "dataset_samples_count": 1000,
    "dataset_raw_features_count": 20,
    "feat_total_count": 62,
    "pca_n_components": 42,
    "optimal_trees": 218,
    "tuning_completed": 26,
    "tuning_best_idx": 12,
    "tuning_val_score_0": 0.21863095238095243,
    "tuning_val_score_best": 0.19184523809523812,
    "tuning_overall_gain": 0.0267857142857143,
    "tuning_gain_pct": 12.251565477811058,
    "eval_overfitting_ratio": 1.2392181197641945,
    "primary_metric": "1-AUROC",
    "tabpfn_primary_score": 0.22690476190476194,
    "eval_primary_value": 0.2377380952380952,
    "eval_primary_delta": 0.01083333333333325,
    "eval_primary_delta_pct": 4.774396642182544,
    "secondary_metric": "Accuracy",
    "tabpfn_secondary_score": 0.75,
    "eval_secondary_value": 0.75,
    "eval_secondary_delta": 0.0,
    "eval_secondary_delta_pct": 0.0,
    "feat_share_embedded_pct": 61.64878293335149,
    "feat_share_raw_pct": 38.351217066648516,
    "feat_active_embedded_pct": 100.0,
    "feat_active_raw_pct": 95.0,
    "feat_cr5_pct": 36.53417279393198,
    "feat_cr10_pct": 50.2494001405853,
    "time_tuning_search_secs": 45.35406804084778,
    "time_train_secs": 0.2146437168121338,
    "time_infer_secs": 0.004624366760253906,
    "time_train_secs_per_1K": 0.26830464601516724,
    "time_infer_secs_per_1K": 0.02312183380126953,
    "time_total_secs": 48.031160831451416
}