{
    "dataset": "jm1",
    "algorithm": "lightgbm",
    "mode": "raw-only",
    "task_type": "binary",
    "dataset_samples_count": 10885,
    "dataset_raw_features_count": 21,
    "feat_total_count": 21,
    "pca_n_components": 42,
    "optimal_trees": 93,
    "tuning_completed": 26,
    "tuning_best_idx": 23,
    "tuning_val_score_0": 0.2557169159042765,
    "tuning_val_score_best": 0.24542174262356142,
    "tuning_overall_gain": 0.010295173280715053,
    "tuning_gain_pct": 4.026004006934326,
    "eval_overfitting_ratio": 1.0527137939598987,
    "primary_metric": "1-AUROC",
    "tabpfn_primary_score": 0.2203148756350808,
    "eval_primary_value": 0.2583588537974991,
    "eval_primary_delta": 0.038043978162418335,
    "eval_primary_delta_pct": 17.26800246817314,
    "secondary_metric": "Accuracy",
    "tabpfn_secondary_score": 0.8231511254019293,
    "eval_secondary_value": 0.8194763435920992,
    "eval_secondary_delta": -0.003674781809830052,
    "eval_secondary_delta_pct": -0.4464285714285728,
    "feat_share_embedded_pct": 0,
    "feat_share_raw_pct": 100.0,
    "feat_active_embedded_pct": 0,
    "feat_active_raw_pct": 100.0,
    "feat_cr5_pct": 44.71494019020987,
    "feat_cr10_pct": 68.18028169332362,
    "time_tuning_search_secs": 168.54404306411743,
    "time_train_secs": 0.5051264762878418,
    "time_infer_secs": 0.003248929977416992,
    "time_train_secs_per_1K": 0.058007174585190835,
    "time_infer_secs_per_1K": 0.0014923885978029362,
    "time_total_secs": 170.62104749679565
}