{
    "dataset": "qsar-tid-11",
    "algorithm": "lightgbm",
    "mode": "combined",
    "task_type": "regression",
    "dataset_samples_count": 5742,
    "dataset_raw_features_count": 1024,
    "feat_total_count": 1065,
    "pca_n_components": 41,
    "optimal_trees": 533,
    "tuning_completed": 26,
    "tuning_best_idx": 23,
    "tuning_val_score_0": 0.7424120785013426,
    "tuning_val_score_best": 0.7333871866422969,
    "tuning_overall_gain": 0.009024891859045758,
    "tuning_gain_pct": 1.215617595724426,
    "eval_overfitting_ratio": 0.9189282331464212,
    "primary_metric": "RMSE",
    "tabpfn_primary_score": 0.6735581320258458,
    "eval_primary_value": 0.6739301916334305,
    "eval_primary_delta": 0.0003720596075846849,
    "eval_primary_delta_pct": 0.055237935657557795,
    "secondary_metric": "R2_Score",
    "tabpfn_secondary_score": 0.8040732050300042,
    "eval_secondary_value": 0.8038566934143591,
    "eval_secondary_delta": -0.0002165116156451763,
    "eval_secondary_delta_pct": -0.026926853710676393,
    "feat_share_embedded_pct": 98.18289272515554,
    "feat_share_raw_pct": 1.817107274844497,
    "feat_active_embedded_pct": 100.0,
    "feat_active_raw_pct": 32.32421875,
    "feat_cr5_pct": 86.50194110518093,
    "feat_cr10_pct": 89.65319082818527,
    "time_tuning_search_secs": 313.31136775016785,
    "time_train_secs": 1.9753222465515137,
    "time_infer_secs": 0.013247966766357422,
    "time_train_secs_per_1K": 0.43007233759014013,
    "time_infer_secs_per_1K": 0.011529997185689662,
    "time_total_secs": 317.65548062324524
}