{
    "dataset": "healthcare_insurance_expenses",
    "algorithm": "lightgbm",
    "mode": "raw-only",
    "task_type": "regression",
    "dataset_samples_count": 1338,
    "dataset_raw_features_count": 6,
    "feat_total_count": 6,
    "pca_n_components": 25,
    "optimal_trees": 770,
    "tuning_completed": 26,
    "tuning_best_idx": 18,
    "tuning_val_score_0": 4828.013520161068,
    "tuning_val_score_best": 4693.171226863585,
    "tuning_overall_gain": 134.8422932974836,
    "tuning_gain_pct": 2.792914575205769,
    "eval_overfitting_ratio": 0.7994660773902559,
    "primary_metric": "RMSE",
    "tabpfn_primary_score": 3491.6280042643198,
    "eval_primary_value": 3752.0311912614447,
    "eval_primary_delta": 260.403186997125,
    "eval_primary_delta_pct": 7.45793041753288,
    "secondary_metric": "R2_Score",
    "tabpfn_secondary_score": 0.8840187677944327,
    "eval_secondary_value": 0.8660740725687831,
    "eval_secondary_delta": -0.017944695225649565,
    "eval_secondary_delta_pct": -2.0298998029668955,
    "feat_share_embedded_pct": 0,
    "feat_share_raw_pct": 100.0,
    "feat_active_embedded_pct": 0,
    "feat_active_raw_pct": 100.0,
    "feat_cr5_pct": 99.97345225944504,
    "feat_cr10_pct": 100.0,
    "time_tuning_search_secs": 34.79071640968323,
    "time_train_secs": 0.10174965858459473,
    "time_infer_secs": 0.0031881332397460938,
    "time_train_secs_per_1K": 0.09509313886410721,
    "time_infer_secs_per_1K": 0.011896019551291393,
    "time_total_secs": 36.65486550331116
}