{
    "dataset": "healthcare_insurance_expenses",
    "algorithm": "xgboost",
    "mode": "embed-only",
    "task_type": "regression",
    "dataset_samples_count": 1338,
    "dataset_raw_features_count": 6,
    "feat_total_count": 25,
    "pca_n_components": 25,
    "optimal_trees": 508,
    "tuning_completed": 26,
    "tuning_best_idx": 25,
    "tuning_val_score_0": 5005.177584753541,
    "tuning_val_score_best": 4673.901844071153,
    "tuning_overall_gain": 331.27574068238755,
    "tuning_gain_pct": 6.6186610779105814,
    "eval_overfitting_ratio": 0.7585545871786016,
    "primary_metric": "RMSE",
    "tabpfn_primary_score": 3491.6280042643198,
    "eval_primary_value": 3545.4096838426985,
    "eval_primary_delta": 53.78167957837877,
    "eval_primary_delta_pct": 1.5403038213892,
    "secondary_metric": "R2_Score",
    "tabpfn_secondary_score": 0.8840187677944327,
    "eval_secondary_value": 0.8804183241276445,
    "eval_secondary_delta": -0.0036004436667881334,
    "eval_secondary_delta_pct": -0.4072813607533467,
    "feat_share_embedded_pct": 100.00000000000003,
    "feat_share_raw_pct": 0,
    "feat_active_embedded_pct": 100.0,
    "feat_active_raw_pct": 0,
    "feat_cr5_pct": 90.8432297838229,
    "feat_cr10_pct": 95.56815331168515,
    "time_tuning_search_secs": 116.39620637893677,
    "time_train_secs": 0.18455815315246582,
    "time_infer_secs": 0.0009176731109619141,
    "time_train_secs_per_1K": 0.17248425528267833,
    "time_infer_secs_per_1K": 0.0034241533991116193,
    "time_total_secs": 118.17664909362793
}