{
    "dataset": "physiochemical_protein",
    "algorithm": "catboost",
    "mode": "raw-only",
    "task_type": "regression",
    "dataset_samples_count": 45730,
    "dataset_raw_features_count": 9,
    "feat_total_count": 9,
    "pca_n_components": 87,
    "optimal_trees": 1000,
    "tuning_completed": 26,
    "tuning_best_idx": 23,
    "tuning_val_score_0": 4.973003120393488,
    "tuning_val_score_best": 3.5107744822937814,
    "tuning_overall_gain": 1.462228638099707,
    "tuning_gain_pct": 29.403332406998533,
    "eval_overfitting_ratio": 0.9826503506737911,
    "primary_metric": "RMSE",
    "tabpfn_primary_score": 2.8268602129706855,
    "eval_primary_value": 3.449863776162582,
    "eval_primary_delta": 0.6230035631918964,
    "eval_primary_delta_pct": 22.03871137077541,
    "secondary_metric": "R2_Score",
    "tabpfn_secondary_score": 0.7868861628452948,
    "eval_secondary_value": 0.6826000345804054,
    "eval_secondary_delta": -0.10428612826488937,
    "eval_secondary_delta_pct": -13.253013356824331,
    "feat_share_embedded_pct": 0,
    "feat_share_raw_pct": 99.99999999999999,
    "feat_active_embedded_pct": 0,
    "feat_active_raw_pct": 100.0,
    "feat_cr5_pct": 72.23443476835001,
    "feat_cr10_pct": 99.99999999999999,
    "time_tuning_search_secs": 1800.2560522556305,
    "time_train_secs": 10.403629541397095,
    "time_infer_secs": 0.02596569061279297,
    "time_train_secs_per_1K": 0.28437649085384575,
    "time_infer_secs_per_1K": 0.0028390214971345906,
    "time_total_secs": 1812.8493614196777
}