{
    "dataset": "jm1",
    "algorithm": "catboost",
    "mode": "raw-only",
    "task_type": "binary",
    "dataset_samples_count": 10885,
    "dataset_raw_features_count": 21,
    "feat_total_count": 21,
    "pca_n_components": 42,
    "optimal_trees": 1000,
    "tuning_completed": 26,
    "tuning_best_idx": 21,
    "tuning_val_score_0": 0.27582034806688893,
    "tuning_val_score_best": 0.25206528565488007,
    "tuning_overall_gain": 0.023755062412008865,
    "tuning_gain_pct": 8.612512665761718,
    "eval_overfitting_ratio": 1.0376272675624256,
    "primary_metric": "1-AUROC",
    "tabpfn_primary_score": 0.2203148756350808,
    "eval_primary_value": 0.2615498136014155,
    "eval_primary_delta": 0.041234937966334706,
    "eval_primary_delta_pct": 18.716365768525918,
    "secondary_metric": "Accuracy",
    "tabpfn_secondary_score": 0.8231511254019293,
    "eval_secondary_value": 0.8139641708773542,
    "eval_secondary_delta": -0.009186954524575075,
    "eval_secondary_delta_pct": -1.116071428571425,
    "feat_share_embedded_pct": 0,
    "feat_share_raw_pct": 100.0,
    "feat_active_embedded_pct": 0,
    "feat_active_raw_pct": 100.0,
    "feat_cr5_pct": 40.58750618178224,
    "feat_cr10_pct": 64.78482256010395,
    "time_tuning_search_secs": 577.2884273529053,
    "time_train_secs": 4.797992706298828,
    "time_infer_secs": 0.0065152645111083984,
    "time_train_secs_per_1K": 0.5509867600251296,
    "time_infer_secs_per_1K": 0.002992771938956545,
    "time_total_secs": 583.7377078533173
}