{
    "dataset": "physiochemical_protein",
    "algorithm": "lightgbm",
    "mode": "combined",
    "task_type": "regression",
    "dataset_samples_count": 45730,
    "dataset_raw_features_count": 9,
    "feat_total_count": 96,
    "pca_n_components": 87,
    "optimal_trees": 999,
    "tuning_completed": 26,
    "tuning_best_idx": 15,
    "tuning_val_score_0": 2.91602610706924,
    "tuning_val_score_best": 2.8935309105723306,
    "tuning_overall_gain": 0.022495196496909564,
    "tuning_gain_pct": 0.7714333024102593,
    "eval_overfitting_ratio": 0.9753878161617854,
    "primary_metric": "RMSE",
    "tabpfn_primary_score": 2.8268602129706855,
    "eval_primary_value": 2.822314795859768,
    "eval_primary_delta": -0.0045454171109176045,
    "eval_primary_delta_pct": -0.16079384081538736,
    "secondary_metric": "R2_Score",
    "tabpfn_secondary_score": 0.7868861628452948,
    "eval_secondary_value": 0.787570959694871,
    "eval_secondary_delta": 0.0006847968495762302,
    "eval_secondary_delta_pct": 0.08702616489024019,
    "feat_share_embedded_pct": 98.10844563594804,
    "feat_share_raw_pct": 1.8915543640520283,
    "feat_active_embedded_pct": 100.0,
    "feat_active_raw_pct": 100.0,
    "feat_cr5_pct": 91.82007232680064,
    "feat_cr10_pct": 95.41437043513098,
    "time_tuning_search_secs": 413.167307138443,
    "time_train_secs": 3.095705032348633,
    "time_infer_secs": 0.0783545970916748,
    "time_train_secs_per_1K": 0.08461909666380474,
    "time_infer_secs_per_1K": 0.008567089120016925,
    "time_total_secs": 418.3410577774048
}