{
    "dataset": "physiochemical_protein",
    "algorithm": "xgboost",
    "mode": "embed-only",
    "task_type": "regression",
    "dataset_samples_count": 45730,
    "dataset_raw_features_count": 9,
    "feat_total_count": 87,
    "pca_n_components": 87,
    "optimal_trees": 740,
    "tuning_completed": 26,
    "tuning_best_idx": 21,
    "tuning_val_score_0": 2.935539362445373,
    "tuning_val_score_best": 2.8948413096680263,
    "tuning_overall_gain": 0.04069805277734684,
    "tuning_gain_pct": 1.3863909746195466,
    "eval_overfitting_ratio": 0.9775286533896181,
    "primary_metric": "RMSE",
    "tabpfn_primary_score": 2.8268602129706855,
    "eval_primary_value": 2.829790327216424,
    "eval_primary_delta": 0.0029301142457387463,
    "eval_primary_delta_pct": 0.10365260483324548,
    "secondary_metric": "R2_Score",
    "tabpfn_secondary_score": 0.7868861628452948,
    "eval_secondary_value": 0.7864441377917768,
    "eval_secondary_delta": -0.0004420250535179804,
    "eval_secondary_delta_pct": -0.05617395175938358,
    "feat_share_embedded_pct": 99.99999999999999,
    "feat_share_raw_pct": 0,
    "feat_active_embedded_pct": 100.0,
    "feat_active_raw_pct": 0,
    "feat_cr5_pct": 96.02457618599257,
    "feat_cr10_pct": 97.90017217063695,
    "time_tuning_search_secs": 827.6844117641449,
    "time_train_secs": 2.0289456844329834,
    "time_infer_secs": 0.00782632827758789,
    "time_train_secs_per_1K": 0.05545991921148544,
    "time_infer_secs_per_1K": 0.0008557105048751246,
    "time_total_secs": 831.6237096786499
}