{
    "dataset": "qsar-biodeg",
    "algorithm": "catboost",
    "mode": "combined",
    "task_type": "binary",
    "dataset_samples_count": 1054,
    "dataset_raw_features_count": 41,
    "feat_total_count": 86,
    "pca_n_components": 45,
    "optimal_trees": 351,
    "tuning_completed": 26,
    "tuning_best_idx": 14,
    "tuning_val_score_0": 0.07597610420979972,
    "tuning_val_score_best": 0.07026033964310363,
    "tuning_overall_gain": 0.005715764566696091,
    "tuning_gain_pct": 7.523108253764408,
    "eval_overfitting_ratio": 0.7560269782848335,
    "primary_metric": "1-AUROC",
    "tabpfn_primary_score": 0.04185110663983904,
    "eval_primary_value": 0.05311871227364173,
    "eval_primary_delta": 0.011267605633802691,
    "eval_primary_delta_pct": 26.923076923076618,
    "secondary_metric": "Accuracy",
    "tabpfn_secondary_score": 0.8862559241706162,
    "eval_secondary_value": 0.8720379146919431,
    "eval_secondary_delta": -0.014218009478673022,
    "eval_secondary_delta_pct": -1.6042780748663141,
    "feat_share_embedded_pct": 46.626200871080485,
    "feat_share_raw_pct": 53.37379912891953,
    "feat_active_embedded_pct": 100.0,
    "feat_active_raw_pct": 100.0,
    "feat_cr5_pct": 27.051451646290687,
    "feat_cr10_pct": 39.480179952413465,
    "time_tuning_search_secs": 284.67130184173584,
    "time_train_secs": 1.7637131214141846,
    "time_infer_secs": 0.0032138824462890625,
    "time_train_secs_per_1K": 2.0921863836467196,
    "time_infer_secs_per_1K": 0.015231670361559538,
    "time_total_secs": 287.9395010471344
}