{
    "dataset": "naticusdroid",
    "algorithm": "lightgbm",
    "mode": "embed-only",
    "task_type": "binary",
    "dataset_samples_count": 7491,
    "dataset_raw_features_count": 86,
    "feat_total_count": 36,
    "pca_n_components": 36,
    "optimal_trees": 675,
    "tuning_completed": 26,
    "tuning_best_idx": 14,
    "tuning_val_score_0": 0.018983213838114965,
    "tuning_val_score_best": 0.01697462748405676,
    "tuning_overall_gain": 0.002008586354058206,
    "tuning_gain_pct": 10.580855123832176,
    "eval_overfitting_ratio": 1.0915353058156394,
    "primary_metric": "1-AUROC",
    "tabpfn_primary_score": 0.010531925295785616,
    "eval_primary_value": 0.018528405201916454,
    "eval_primary_delta": 0.007996479906130838,
    "eval_primary_delta_pct": 75.92609785535277,
    "secondary_metric": "Accuracy",
    "tabpfn_secondary_score": 0.9459639759839893,
    "eval_secondary_value": 0.9319546364242829,
    "eval_secondary_delta": -0.014009339559706402,
    "eval_secondary_delta_pct": -1.4809590973201618,
    "feat_share_embedded_pct": 100.00000000000006,
    "feat_share_raw_pct": 0,
    "feat_active_embedded_pct": 100.0,
    "feat_active_raw_pct": 0,
    "feat_cr5_pct": 51.2430981929402,
    "feat_cr10_pct": 70.71497975901329,
    "time_tuning_search_secs": 146.25778365135193,
    "time_train_secs": 0.867267370223999,
    "time_infer_secs": 0.010776519775390625,
    "time_train_secs_per_1K": 0.14473754509746312,
    "time_infer_secs_per_1K": 0.007189139276444712,
    "time_total_secs": 148.81770658493042
}