{
    "dataset": "qsar-biodeg",
    "algorithm": "catboost",
    "mode": "raw-only",
    "task_type": "binary",
    "dataset_samples_count": 1054,
    "dataset_raw_features_count": 41,
    "feat_total_count": 41,
    "pca_n_components": 45,
    "optimal_trees": 592,
    "tuning_completed": 26,
    "tuning_best_idx": 15,
    "tuning_val_score_0": 0.07977496795819783,
    "tuning_val_score_best": 0.06860026619343396,
    "tuning_overall_gain": 0.011174701764763872,
    "tuning_gain_pct": 14.007779696783368,
    "eval_overfitting_ratio": 0.6467350586949345,
    "primary_metric": "1-AUROC",
    "tabpfn_primary_score": 0.04185110663983904,
    "eval_primary_value": 0.04436619718309864,
    "eval_primary_delta": 0.0025150905432596016,
    "eval_primary_delta_pct": 6.009615384615489,
    "secondary_metric": "Accuracy",
    "tabpfn_secondary_score": 0.8862559241706162,
    "eval_secondary_value": 0.8767772511848341,
    "eval_secondary_delta": -0.009478672985782088,
    "eval_secondary_delta_pct": -1.069518716577551,
    "feat_share_embedded_pct": 0,
    "feat_share_raw_pct": 99.99999999999997,
    "feat_active_embedded_pct": 0,
    "feat_active_raw_pct": 100.0,
    "feat_cr5_pct": 28.875327529048185,
    "feat_cr10_pct": 47.35978378624372,
    "time_tuning_search_secs": 129.4633719921112,
    "time_train_secs": 0.4842507839202881,
    "time_infer_secs": 0.0015251636505126953,
    "time_train_secs_per_1K": 0.5744374660976134,
    "time_infer_secs_per_1K": 0.007228263746505665,
    "time_total_secs": 131.8050193786621
}