{
    "dataset": "qsar-tid-11",
    "algorithm": "xgboost",
    "mode": "raw-only",
    "task_type": "regression",
    "dataset_samples_count": 5742,
    "dataset_raw_features_count": 1024,
    "feat_total_count": 1024,
    "pca_n_components": 41,
    "optimal_trees": 1000,
    "tuning_completed": 26,
    "tuning_best_idx": 17,
    "tuning_val_score_0": 0.8205934595008331,
    "tuning_val_score_best": 0.7567361189040732,
    "tuning_overall_gain": 0.06385734059675985,
    "tuning_gain_pct": 7.781848594748034,
    "eval_overfitting_ratio": 0.9243402734023551,
    "primary_metric": "RMSE",
    "tabpfn_primary_score": 0.6735581320258458,
    "eval_primary_value": 0.6994816710412282,
    "eval_primary_delta": 0.025923539015382357,
    "eval_primary_delta_pct": 3.848745606769338,
    "secondary_metric": "R2_Score",
    "tabpfn_secondary_score": 0.8040732050300042,
    "eval_secondary_value": 0.7887015339218664,
    "eval_secondary_delta": -0.015371671108137863,
    "eval_secondary_delta_pct": -1.9117253269948553,
    "feat_share_embedded_pct": 0,
    "feat_share_raw_pct": 100.00000000000001,
    "feat_active_embedded_pct": 0,
    "feat_active_raw_pct": 99.90234375,
    "feat_cr5_pct": 18.87058298444173,
    "feat_cr10_pct": 24.14118089443195,
    "time_tuning_search_secs": 1540.049945116043,
    "time_train_secs": 10.032815933227539,
    "time_infer_secs": 0.00856637954711914,
    "time_train_secs_per_1K": 2.184370984808957,
    "time_infer_secs_per_1K": 0.0074555087442290165,
    "time_total_secs": 1552.7118451595306
}