{
    "dataset": "givemesomecredit",
    "algorithm": "lightgbm",
    "mode": "combined",
    "task_type": "binary",
    "dataset_samples_count": 150000,
    "dataset_raw_features_count": 10,
    "feat_total_count": 30,
    "pca_n_components": 20,
    "optimal_trees": 1000,
    "tuning_completed": 26,
    "tuning_best_idx": 18,
    "tuning_val_score_0": 0.13687822800334104,
    "tuning_val_score_best": 0.13437628312763406,
    "tuning_overall_gain": 0.002501944875706985,
    "tuning_gain_pct": 1.8278618244867368,
    "eval_overfitting_ratio": 0.941031659742629,
    "primary_metric": "1-AUROC",
    "tabpfn_primary_score": 0.12526345326182675,
    "eval_primary_value": 0.1264523367416429,
    "eval_primary_delta": 0.0011888834798161607,
    "eval_primary_delta_pct": 0.9491064223905326,
    "secondary_metric": "Accuracy",
    "tabpfn_secondary_score": 0.9378,
    "eval_secondary_value": 0.9381,
    "eval_secondary_delta": 0.000300000000000078,
    "eval_secondary_delta_pct": 0.03198976327576007,
    "feat_share_embedded_pct": 38.94249168496126,
    "feat_share_raw_pct": 61.05750831503874,
    "feat_active_embedded_pct": 100.0,
    "feat_active_raw_pct": 100.0,
    "feat_cr5_pct": 68.98119595059757,
    "feat_cr10_pct": 90.37509130102544,
    "time_tuning_search_secs": 425.00403571128845,
    "time_train_secs": 1.8699641227722168,
    "time_infer_secs": 0.08081555366516113,
    "time_train_secs_per_1K": 0.01558303435643514,
    "time_infer_secs_per_1K": 0.0026938517888387046,
    "time_total_secs": 429.84254908561707
}