{
    "dataset": "diabetes",
    "algorithm": "xgboost",
    "mode": "embed-only",
    "task_type": "binary",
    "dataset_samples_count": 768,
    "dataset_raw_features_count": 8,
    "feat_total_count": 32,
    "pca_n_components": 32,
    "optimal_trees": 47,
    "tuning_completed": 26,
    "tuning_best_idx": 19,
    "tuning_val_score_0": 0.24150284900284902,
    "tuning_val_score_best": 0.2128454415954416,
    "tuning_overall_gain": 0.02865740740740741,
    "tuning_gain_pct": 11.866281298846845,
    "eval_overfitting_ratio": 0.8248029849247913,
    "primary_metric": "1-AUROC",
    "tabpfn_primary_score": 0.13203703703703706,
    "eval_primary_value": 0.17555555555555558,
    "eval_primary_delta": 0.04351851851851851,
    "eval_primary_delta_pct": 32.95932678821878,
    "secondary_metric": "Accuracy",
    "tabpfn_secondary_score": 0.7597402597402597,
    "eval_secondary_value": 0.7532467532467533,
    "eval_secondary_delta": -0.00649350649350644,
    "eval_secondary_delta_pct": -0.8547008547008477,
    "feat_share_embedded_pct": 100.00000000000001,
    "feat_share_raw_pct": 0,
    "feat_active_embedded_pct": 100.0,
    "feat_active_raw_pct": 0,
    "feat_cr5_pct": 50.31045547801793,
    "feat_cr10_pct": 68.35303633623435,
    "time_tuning_search_secs": 53.214951515197754,
    "time_train_secs": 0.036130666732788086,
    "time_infer_secs": 0.0005550384521484375,
    "time_train_secs_per_1K": 0.05884473409248874,
    "time_infer_secs_per_1K": 0.003604145793171672,
    "time_total_secs": 54.69129657745361
}