{
    "dataset": "qsar-biodeg",
    "algorithm": "lightgbm",
    "mode": "embed-only",
    "task_type": "binary",
    "dataset_samples_count": 1054,
    "dataset_raw_features_count": 41,
    "feat_total_count": 45,
    "pca_n_components": 45,
    "optimal_trees": 150,
    "tuning_completed": 26,
    "tuning_best_idx": 12,
    "tuning_val_score_0": 0.10562647885241061,
    "tuning_val_score_best": 0.0874067090604358,
    "tuning_overall_gain": 0.018219769791974816,
    "tuning_gain_pct": 17.249244687435684,
    "eval_overfitting_ratio": 0.9668255808039891,
    "primary_metric": "1-AUROC",
    "tabpfn_primary_score": 0.04185110663983904,
    "eval_primary_value": 0.08450704225352113,
    "eval_primary_delta": 0.04265593561368208,
    "eval_primary_delta_pct": 101.92307692307688,
    "secondary_metric": "Accuracy",
    "tabpfn_secondary_score": 0.8862559241706162,
    "eval_secondary_value": 0.8578199052132701,
    "eval_secondary_delta": -0.028436018957346043,
    "eval_secondary_delta_pct": -3.2085561497326283,
    "feat_share_embedded_pct": 100.00000000000004,
    "feat_share_raw_pct": 0,
    "feat_active_embedded_pct": 100.0,
    "feat_active_raw_pct": 0,
    "feat_cr5_pct": 41.558374418785505,
    "feat_cr10_pct": 58.477484776542255,
    "time_tuning_search_secs": 47.30982971191406,
    "time_train_secs": 0.20751380920410156,
    "time_infer_secs": 0.0010972023010253906,
    "time_train_secs_per_1K": 0.24616110225872073,
    "time_infer_secs_per_1K": 0.005200010905333605,
    "time_total_secs": 49.04706144332886
}