{
    "dataset": "credit-g",
    "algorithm": "xgboost",
    "mode": "raw-only",
    "task_type": "binary",
    "dataset_samples_count": 1000,
    "dataset_raw_features_count": 20,
    "feat_total_count": 20,
    "pca_n_components": 42,
    "optimal_trees": 381,
    "tuning_completed": 26,
    "tuning_best_idx": 22,
    "tuning_val_score_0": 0.2031547619047619,
    "tuning_val_score_best": 0.18226190476190474,
    "tuning_overall_gain": 0.020892857142857157,
    "tuning_gain_pct": 10.284207442133027,
    "eval_overfitting_ratio": 1.3246244284781197,
    "primary_metric": "1-AUROC",
    "tabpfn_primary_score": 0.22690476190476194,
    "eval_primary_value": 0.24142857142857155,
    "eval_primary_delta": 0.014523809523809605,
    "eval_primary_delta_pct": 6.400839454354704,
    "secondary_metric": "Accuracy",
    "tabpfn_secondary_score": 0.75,
    "eval_secondary_value": 0.765,
    "eval_secondary_delta": 0.015000000000000013,
    "eval_secondary_delta_pct": 2.0000000000000018,
    "feat_share_embedded_pct": 0,
    "feat_share_raw_pct": 99.99999999999999,
    "feat_active_embedded_pct": 0,
    "feat_active_raw_pct": 100.0,
    "feat_cr5_pct": 55.412833743268074,
    "feat_cr10_pct": 81.2231307514452,
    "time_tuning_search_secs": 68.77489137649536,
    "time_train_secs": 0.2873573303222656,
    "time_infer_secs": 0.0030024051666259766,
    "time_train_secs_per_1K": 0.35919666290283203,
    "time_infer_secs_per_1K": 0.015012025833129883,
    "time_total_secs": 70.65763092041016
}