{
    "dataset": "food_delivery_time",
    "algorithm": "catboost",
    "mode": "combined",
    "task_type": "regression",
    "dataset_samples_count": 45451,
    "dataset_raw_features_count": 9,
    "feat_total_count": 43,
    "pca_n_components": 34,
    "optimal_trees": 1000,
    "tuning_completed": 26,
    "tuning_best_idx": 21,
    "tuning_val_score_0": 7.490454024887659,
    "tuning_val_score_best": 7.313753048334681,
    "tuning_overall_gain": 0.17670097655297745,
    "tuning_gain_pct": 2.3590155678931306,
    "eval_overfitting_ratio": 0.9985810844414746,
    "primary_metric": "RMSE",
    "tabpfn_primary_score": 7.406528158962125,
    "eval_primary_value": 7.303375450343187,
    "eval_primary_delta": -0.10315270861893833,
    "eval_primary_delta_pct": -1.392726881003219,
    "secondary_metric": "R2_Score",
    "tabpfn_secondary_score": 0.36501583853960906,
    "eval_secondary_value": 0.3825798616268534,
    "eval_secondary_delta": 0.017564023087244363,
    "eval_secondary_delta_pct": 4.8118523178381025,
    "feat_share_embedded_pct": 92.80787894815974,
    "feat_share_raw_pct": 7.192121051840252,
    "feat_active_embedded_pct": 100.0,
    "feat_active_raw_pct": 100.0,
    "feat_cr5_pct": 73.64646787598491,
    "feat_cr10_pct": 79.63001918307353,
    "time_tuning_search_secs": 2790.474067926407,
    "time_train_secs": 24.051992893218994,
    "time_infer_secs": 0.03330540657043457,
    "time_train_secs_per_1K": 0.6614959541589382,
    "time_infer_secs_per_1K": 0.003663558087166931,
    "time_total_secs": 2816.4698498249054
}