{
    "dataset": "healthcare_insurance_expenses",
    "algorithm": "xgboost",
    "mode": "raw-only",
    "task_type": "regression",
    "dataset_samples_count": 1338,
    "dataset_raw_features_count": 6,
    "feat_total_count": 6,
    "pca_n_components": 25,
    "optimal_trees": 713,
    "tuning_completed": 26,
    "tuning_best_idx": 22,
    "tuning_val_score_0": 4903.192342754019,
    "tuning_val_score_best": 4666.567471130091,
    "tuning_overall_gain": 236.6248716239279,
    "tuning_gain_pct": 4.82593492326717,
    "eval_overfitting_ratio": 0.7811217089583005,
    "primary_metric": "RMSE",
    "tabpfn_primary_score": 3491.6280042643198,
    "eval_primary_value": 3645.157158018351,
    "eval_primary_delta": 153.52915375403109,
    "eval_primary_delta_pct": 4.3970650242960065,
    "secondary_metric": "R2_Score",
    "tabpfn_secondary_score": 0.8840187677944327,
    "eval_secondary_value": 0.8735949871907052,
    "eval_secondary_delta": -0.010423780603727506,
    "eval_secondary_delta_pct": -1.1791356680960674,
    "feat_share_embedded_pct": 0,
    "feat_share_raw_pct": 100.0,
    "feat_active_embedded_pct": 0,
    "feat_active_raw_pct": 100.0,
    "feat_cr5_pct": 99.9651325314941,
    "feat_cr10_pct": 100.0,
    "time_tuning_search_secs": 59.811238288879395,
    "time_train_secs": 0.14232707023620605,
    "time_infer_secs": 0.001405477523803711,
    "time_train_secs_per_1K": 0.13301595349178136,
    "time_infer_secs_per_1K": 0.005244319118670563,
    "time_total_secs": 61.41603875160217
}