{
    "dataset": "givemesomecredit",
    "algorithm": "lightgbm",
    "mode": "embed-only",
    "task_type": "binary",
    "dataset_samples_count": 150000,
    "dataset_raw_features_count": 10,
    "feat_total_count": 20,
    "pca_n_components": 20,
    "optimal_trees": 995,
    "tuning_completed": 26,
    "tuning_best_idx": 7,
    "tuning_val_score_0": 0.13915504238429333,
    "tuning_val_score_best": 0.13584551049786353,
    "tuning_overall_gain": 0.003309531886429795,
    "tuning_gain_pct": 2.378305399304271,
    "eval_overfitting_ratio": 0.9414633037251687,
    "primary_metric": "1-AUROC",
    "tabpfn_primary_score": 0.12526345326182675,
    "eval_primary_value": 0.1278935631095507,
    "eval_primary_delta": 0.002630109847723938,
    "eval_primary_delta_pct": 2.0996625745471507,
    "secondary_metric": "Accuracy",
    "tabpfn_secondary_score": 0.9378,
    "eval_secondary_value": 0.9368666666666666,
    "eval_secondary_delta": -0.0009333333333333416,
    "eval_secondary_delta_pct": -0.09952370796900635,
    "feat_share_embedded_pct": 100.00000000000001,
    "feat_share_raw_pct": 0,
    "feat_active_embedded_pct": 100.0,
    "feat_active_raw_pct": 0,
    "feat_cr5_pct": 57.25581999730733,
    "feat_cr10_pct": 80.39541668790484,
    "time_tuning_search_secs": 501.2435221672058,
    "time_train_secs": 2.9850094318389893,
    "time_infer_secs": 0.27689361572265625,
    "time_train_secs_per_1K": 0.024875078598658243,
    "time_infer_secs_per_1K": 0.009229787190755208,
    "time_total_secs": 507.2584536075592
}