{
    "dataset": "splice",
    "algorithm": "lightgbm",
    "mode": "embed-only",
    "task_type": "multiclass",
    "dataset_samples_count": 3190,
    "dataset_raw_features_count": 60,
    "feat_total_count": 33,
    "pca_n_components": 33,
    "optimal_trees": 696,
    "tuning_completed": 26,
    "tuning_best_idx": 25,
    "tuning_val_score_0": 0.1461786758965571,
    "tuning_val_score_best": 0.12479586789071867,
    "tuning_overall_gain": 0.021382808005838416,
    "tuning_gain_pct": 14.627857226569693,
    "eval_overfitting_ratio": 0.9530216109174118,
    "primary_metric": "Log_Loss",
    "tabpfn_primary_score": 0.10458652604603381,
    "eval_primary_value": 0.11893315905304921,
    "eval_primary_delta": 0.0143466330070154,
    "eval_primary_delta_pct": 13.717477336134792,
    "secondary_metric": "Accuracy",
    "tabpfn_secondary_score": 0.9717868338557993,
    "eval_secondary_value": 0.9639498432601881,
    "eval_secondary_delta": -0.00783699059561127,
    "eval_secondary_delta_pct": -0.8064516129032244,
    "feat_share_embedded_pct": 99.99999999999997,
    "feat_share_raw_pct": 0,
    "feat_active_embedded_pct": 100.0,
    "feat_active_raw_pct": 0,
    "feat_cr5_pct": 49.6355250833976,
    "feat_cr10_pct": 70.2324319387217,
    "time_tuning_search_secs": 196.33801698684692,
    "time_train_secs": 2.208362340927124,
    "time_infer_secs": 0.017469167709350586,
    "time_train_secs_per_1K": 0.8653457448773997,
    "time_infer_secs_per_1K": 0.027381140610267377,
    "time_total_secs": 200.3670723438263
}