{
    "dataset": "diabetes130us",
    "algorithm": "lightgbm",
    "mode": "combined",
    "task_type": "binary",
    "dataset_samples_count": 71518,
    "dataset_raw_features_count": 47,
    "feat_total_count": 85,
    "pca_n_components": 38,
    "optimal_trees": 118,
    "tuning_completed": 26,
    "tuning_best_idx": 22,
    "tuning_val_score_0": 0.35275788129655505,
    "tuning_val_score_best": 0.33632413895119406,
    "tuning_overall_gain": 0.01643374234536099,
    "tuning_gain_pct": 4.658646402160903,
    "eval_overfitting_ratio": 0.9801055106565133,
    "primary_metric": "1-AUROC",
    "tabpfn_primary_score": 0.32308271210032113,
    "eval_primary_value": 0.3296331419528722,
    "eval_primary_delta": 0.006550429852551054,
    "eval_primary_delta_pct": 2.0274776728124855,
    "secondary_metric": "Accuracy",
    "tabpfn_secondary_score": 0.9121923937360179,
    "eval_secondary_value": 0.9119826621923938,
    "eval_secondary_delta": -0.00020973154362413648,
    "eval_secondary_delta_pct": -0.022992029429794975,
    "feat_share_embedded_pct": 27.896009853736796,
    "feat_share_raw_pct": 72.1039901462632,
    "feat_active_embedded_pct": 100.0,
    "feat_active_raw_pct": 61.702127659574465,
    "feat_cr5_pct": 64.86435114977516,
    "feat_cr10_pct": 77.84433540784165,
    "time_tuning_search_secs": 254.67420053482056,
    "time_train_secs": 0.48371243476867676,
    "time_infer_secs": 0.027726173400878906,
    "time_train_secs_per_1K": 0.008454441828375516,
    "time_infer_secs_per_1K": 0.0019383510487191629,
    "time_total_secs": 257.48533749580383
}