{
    "dataset": "food_delivery_time",
    "algorithm": "lightgbm",
    "mode": "raw-only",
    "task_type": "regression",
    "dataset_samples_count": 45451,
    "dataset_raw_features_count": 9,
    "feat_total_count": 9,
    "pca_n_components": 34,
    "optimal_trees": 995,
    "tuning_completed": 26,
    "tuning_best_idx": 23,
    "tuning_val_score_0": 7.674406923434427,
    "tuning_val_score_best": 7.542441329589208,
    "tuning_overall_gain": 0.13196559384521933,
    "tuning_gain_pct": 1.7195542947071472,
    "eval_overfitting_ratio": 0.9991170802142549,
    "primary_metric": "RMSE",
    "tabpfn_primary_score": 7.406528158962125,
    "eval_primary_value": 7.535781958906492,
    "eval_primary_delta": 0.12925379994436703,
    "eval_primary_delta_pct": 1.745133444041065,
    "secondary_metric": "R2_Score",
    "tabpfn_secondary_score": 0.36501583853960906,
    "eval_secondary_value": 0.34265981276937174,
    "eval_secondary_delta": -0.02235602577023732,
    "eval_secondary_delta_pct": -6.124672797674064,
    "feat_share_embedded_pct": 0,
    "feat_share_raw_pct": 100.0,
    "feat_active_embedded_pct": 0,
    "feat_active_raw_pct": 100.0,
    "feat_cr5_pct": 83.34264141979627,
    "feat_cr10_pct": 100.0,
    "time_tuning_search_secs": 343.77152037620544,
    "time_train_secs": 1.8266901969909668,
    "time_infer_secs": 0.11900949478149414,
    "time_train_secs_per_1K": 0.050239004317683356,
    "time_infer_secs_per_1K": 0.013090913516829188,
    "time_total_secs": 347.5921788215637
}