{
    "dataset": "qsar-biodeg",
    "algorithm": "xgboost",
    "mode": "combined",
    "task_type": "binary",
    "dataset_samples_count": 1054,
    "dataset_raw_features_count": 41,
    "feat_total_count": 86,
    "pca_n_components": 45,
    "optimal_trees": 203,
    "tuning_completed": 26,
    "tuning_best_idx": 24,
    "tuning_val_score_0": 0.08802131601432839,
    "tuning_val_score_best": 0.07334857372900849,
    "tuning_overall_gain": 0.014672742285319895,
    "tuning_gain_pct": 16.669532960551763,
    "eval_overfitting_ratio": 0.7982610277250172,
    "primary_metric": "1-AUROC",
    "tabpfn_primary_score": 0.04185110663983904,
    "eval_primary_value": 0.05855130784708251,
    "eval_primary_delta": 0.01670020120724347,
    "eval_primary_delta_pct": 39.90384615384617,
    "secondary_metric": "Accuracy",
    "tabpfn_secondary_score": 0.8862559241706162,
    "eval_secondary_value": 0.8815165876777251,
    "eval_secondary_delta": -0.004739336492891044,
    "eval_secondary_delta_pct": -0.5347593582887755,
    "feat_share_embedded_pct": 51.2176943081037,
    "feat_share_raw_pct": 48.78230569189628,
    "feat_active_embedded_pct": 100.0,
    "feat_active_raw_pct": 92.6829268292683,
    "feat_cr5_pct": 31.843063818308167,
    "feat_cr10_pct": 47.57572919991508,
    "time_tuning_search_secs": 180.86786603927612,
    "time_train_secs": 0.6808171272277832,
    "time_infer_secs": 0.0015001296997070312,
    "time_train_secs_per_1K": 0.8076122505667654,
    "time_infer_secs_per_1K": 0.007109619429891144,
    "time_total_secs": 183.51109313964844
}