{
    "dataset": "givemesomecredit",
    "algorithm": "xgboost",
    "mode": "combined",
    "task_type": "binary",
    "dataset_samples_count": 150000,
    "dataset_raw_features_count": 10,
    "feat_total_count": 30,
    "pca_n_components": 20,
    "optimal_trees": 1000,
    "tuning_completed": 26,
    "tuning_best_idx": 15,
    "tuning_val_score_0": 0.13907592943438085,
    "tuning_val_score_best": 0.13445598224944644,
    "tuning_overall_gain": 0.004619947184934414,
    "tuning_gain_pct": 3.321888412843007,
    "eval_overfitting_ratio": 0.9406858653216685,
    "primary_metric": "1-AUROC",
    "tabpfn_primary_score": 0.12526345326182675,
    "eval_primary_value": 0.12648084200999543,
    "eval_primary_delta": 0.0012173887481686796,
    "eval_primary_delta_pct": 0.9718626753998896,
    "secondary_metric": "Accuracy",
    "tabpfn_secondary_score": 0.9378,
    "eval_secondary_value": 0.9379,
    "eval_secondary_delta": 9.999999999998899e-05,
    "eval_secondary_delta_pct": 0.010663254425249413,
    "feat_share_embedded_pct": 34.645496854591975,
    "feat_share_raw_pct": 65.35450314540803,
    "feat_active_embedded_pct": 100.0,
    "feat_active_raw_pct": 100.0,
    "feat_cr5_pct": 67.1665935911501,
    "feat_cr10_pct": 86.16368283492288,
    "time_tuning_search_secs": 831.7920911312103,
    "time_train_secs": 2.7353785037994385,
    "time_infer_secs": 0.03263235092163086,
    "time_train_secs_per_1K": 0.022794820864995322,
    "time_infer_secs_per_1K": 0.0010877450307210286,
    "time_total_secs": 837.5470106601715
}