{
    "dataset": "healthcare_insurance_expenses",
    "algorithm": "catboost",
    "mode": "combined",
    "task_type": "regression",
    "dataset_samples_count": 1338,
    "dataset_raw_features_count": 6,
    "feat_total_count": 31,
    "pca_n_components": 25,
    "optimal_trees": 873,
    "tuning_completed": 26,
    "tuning_best_idx": 22,
    "tuning_val_score_0": 4902.962985568193,
    "tuning_val_score_best": 4608.647021359453,
    "tuning_overall_gain": 294.3159642087403,
    "tuning_gain_pct": 6.002818399303757,
    "eval_overfitting_ratio": 0.775484421760909,
    "primary_metric": "RMSE",
    "tabpfn_primary_score": 3491.6280042643198,
    "eval_primary_value": 3573.933970459071,
    "eval_primary_delta": 82.30596619475136,
    "eval_primary_delta_pct": 2.3572375434677237,
    "secondary_metric": "R2_Score",
    "tabpfn_secondary_score": 0.8840187677944327,
    "eval_secondary_value": 0.8784864157265331,
    "eval_secondary_delta": -0.005532352067899593,
    "eval_secondary_delta_pct": -0.6258183954286898,
    "feat_share_embedded_pct": 68.12191416045863,
    "feat_share_raw_pct": 31.878085839541356,
    "feat_active_embedded_pct": 100.0,
    "feat_active_raw_pct": 100.0,
    "feat_cr5_pct": 78.399276898366,
    "feat_cr10_pct": 86.81681912528605,
    "time_tuning_search_secs": 210.41024899482727,
    "time_train_secs": 0.6596667766571045,
    "time_infer_secs": 0.001987934112548828,
    "time_train_secs_per_1K": 0.6165110062215929,
    "time_infer_secs_per_1K": 0.007417664599062791,
    "time_total_secs": 212.85560011863708
}