{
    "dataset": "jm1",
    "algorithm": "xgboost",
    "mode": "combined",
    "task_type": "binary",
    "dataset_samples_count": 10885,
    "dataset_raw_features_count": 21,
    "feat_total_count": 63,
    "pca_n_components": 42,
    "optimal_trees": 344,
    "tuning_completed": 26,
    "tuning_best_idx": 19,
    "tuning_val_score_0": 0.2624836050881555,
    "tuning_val_score_best": 0.23436596216196093,
    "tuning_overall_gain": 0.028117642926194564,
    "tuning_gain_pct": 10.712152066317138,
    "eval_overfitting_ratio": 0.9954021364258149,
    "primary_metric": "1-AUROC",
    "tabpfn_primary_score": 0.2203148756350808,
    "eval_primary_value": 0.2332883794415076,
    "eval_primary_delta": 0.012973503806426812,
    "eval_primary_delta_pct": 5.8886190816799475,
    "secondary_metric": "Accuracy",
    "tabpfn_secondary_score": 0.8231511254019293,
    "eval_secondary_value": 0.8153422140560405,
    "eval_secondary_delta": -0.0078089113458887915,
    "eval_secondary_delta_pct": -0.9486607142857086,
    "feat_share_embedded_pct": 76.84879713077814,
    "feat_share_raw_pct": 23.151202869221812,
    "feat_active_embedded_pct": 100.0,
    "feat_active_raw_pct": 100.0,
    "feat_cr5_pct": 19.9318704706404,
    "feat_cr10_pct": 30.632164721132835,
    "time_tuning_search_secs": 662.6326730251312,
    "time_train_secs": 2.069890022277832,
    "time_infer_secs": 0.004343509674072266,
    "time_train_secs_per_1K": 0.2376998188192274,
    "time_infer_secs_per_1K": 0.0019951812926376966,
    "time_total_secs": 666.6141259670258
}