{
    "dataset": "givemesomecredit",
    "algorithm": "lightgbm",
    "mode": "raw-only",
    "task_type": "binary",
    "dataset_samples_count": 150000,
    "dataset_raw_features_count": 10,
    "feat_total_count": 10,
    "pca_n_components": 20,
    "optimal_trees": 847,
    "tuning_completed": 26,
    "tuning_best_idx": 13,
    "tuning_val_score_0": 0.13655429068584612,
    "tuning_val_score_best": 0.13505011576536385,
    "tuning_overall_gain": 0.0015041749204822707,
    "tuning_gain_pct": 1.1015215361798798,
    "eval_overfitting_ratio": 0.9441499951470061,
    "primary_metric": "1-AUROC",
    "tabpfn_primary_score": 0.12526345326182675,
    "eval_primary_value": 0.1275075661444709,
    "eval_primary_delta": 0.0022441128826441448,
    "eval_primary_delta_pct": 1.7915144634832,
    "secondary_metric": "Accuracy",
    "tabpfn_secondary_score": 0.9378,
    "eval_secondary_value": 0.938,
    "eval_secondary_delta": 0.00019999999999997797,
    "eval_secondary_delta_pct": 0.021326508850498825,
    "feat_share_embedded_pct": 0,
    "feat_share_raw_pct": 99.99999999999999,
    "feat_active_embedded_pct": 0,
    "feat_active_raw_pct": 100.0,
    "feat_cr5_pct": 88.20992156442813,
    "feat_cr10_pct": 99.99999999999999,
    "time_tuning_search_secs": 354.56181812286377,
    "time_train_secs": 2.0961875915527344,
    "time_infer_secs": 0.16968894004821777,
    "time_train_secs_per_1K": 0.01746822992960612,
    "time_infer_secs_per_1K": 0.005656298001607259,
    "time_total_secs": 359.7034738063812
}