{
    "dataset": "credit-g",
    "algorithm": "lightgbm",
    "mode": "embed-only",
    "task_type": "binary",
    "dataset_samples_count": 1000,
    "dataset_raw_features_count": 20,
    "feat_total_count": 42,
    "pca_n_components": 42,
    "optimal_trees": 133,
    "tuning_completed": 26,
    "tuning_best_idx": 22,
    "tuning_val_score_0": 0.22565476190476197,
    "tuning_val_score_best": 0.20553571428571427,
    "tuning_overall_gain": 0.020119047619047703,
    "tuning_gain_pct": 8.91585333685047,
    "eval_overfitting_ratio": 1.4497538372429768,
    "primary_metric": "1-AUROC",
    "tabpfn_primary_score": 0.22690476190476194,
    "eval_primary_value": 0.2979761904761904,
    "eval_primary_delta": 0.07107142857142845,
    "eval_primary_delta_pct": 31.32214060860435,
    "secondary_metric": "Accuracy",
    "tabpfn_secondary_score": 0.75,
    "eval_secondary_value": 0.715,
    "eval_secondary_delta": -0.03500000000000003,
    "eval_secondary_delta_pct": -4.666666666666671,
    "feat_share_embedded_pct": 99.99999999999999,
    "feat_share_raw_pct": 0,
    "feat_active_embedded_pct": 95.23809523809523,
    "feat_active_raw_pct": 0,
    "feat_cr5_pct": 58.858026580361084,
    "feat_cr10_pct": 74.58993356553661,
    "time_tuning_search_secs": 29.863539457321167,
    "time_train_secs": 0.03104376792907715,
    "time_infer_secs": 0.0005543231964111328,
    "time_train_secs_per_1K": 0.038804709911346436,
    "time_infer_secs_per_1K": 0.002771615982055664,
    "time_total_secs": 31.404727697372437
}