{
    "dataset": "wine_quality",
    "algorithm": "lightgbm",
    "mode": "combined",
    "task_type": "regression",
    "dataset_samples_count": 6497,
    "dataset_raw_features_count": 12,
    "feat_total_count": 37,
    "pca_n_components": 25,
    "optimal_trees": 861,
    "tuning_completed": 26,
    "tuning_best_idx": 25,
    "tuning_val_score_0": 0.5955746688085618,
    "tuning_val_score_best": 0.5852599286297693,
    "tuning_overall_gain": 0.010314740178792525,
    "tuning_gain_pct": 1.7318970599315462,
    "eval_overfitting_ratio": 0.9680221646925348,
    "primary_metric": "RMSE",
    "tabpfn_primary_score": 0.5665150098489219,
    "eval_primary_value": 0.5665445830199877,
    "eval_primary_delta": 2.9573171065777615e-05,
    "eval_primary_delta_pct": 0.005220191972259338,
    "secondary_metric": "R2_Score",
    "tabpfn_secondary_score": 0.5709894261223469,
    "eval_secondary_value": 0.5709446346022005,
    "eval_secondary_delta": -4.479152014646992e-05,
    "eval_secondary_delta_pct": -0.00784454459177189,
    "feat_share_embedded_pct": 90.75124749172686,
    "feat_share_raw_pct": 9.248752508273117,
    "feat_active_embedded_pct": 100.0,
    "feat_active_raw_pct": 100.0,
    "feat_cr5_pct": 78.09917951502028,
    "feat_cr10_pct": 92.38036808724003,
    "time_tuning_search_secs": 72.08256530761719,
    "time_train_secs": 0.3460659980773926,
    "time_infer_secs": 0.008238077163696289,
    "time_train_secs_per_1K": 0.06658957053634647,
    "time_infer_secs_per_1K": 0.00633698243361253,
    "time_total_secs": 74.04034781455994
}