{
    "dataset": "jm1",
    "algorithm": "xgboost",
    "mode": "raw-only",
    "task_type": "binary",
    "dataset_samples_count": 10885,
    "dataset_raw_features_count": 21,
    "feat_total_count": 21,
    "pca_n_components": 42,
    "optimal_trees": 284,
    "tuning_completed": 26,
    "tuning_best_idx": 1,
    "tuning_val_score_0": 0.2608471168321337,
    "tuning_val_score_best": 0.2449614036547032,
    "tuning_overall_gain": 0.015885713177430483,
    "tuning_gain_pct": 6.090047446318382,
    "eval_overfitting_ratio": 1.0394044525905852,
    "primary_metric": "1-AUROC",
    "tabpfn_primary_score": 0.2203148756350808,
    "eval_primary_value": 0.25461397367153815,
    "eval_primary_delta": 0.034299098036457365,
    "eval_primary_delta_pct": 15.56821705188386,
    "secondary_metric": "Accuracy",
    "tabpfn_secondary_score": 0.8231511254019293,
    "eval_secondary_value": 0.816260909508498,
    "eval_secondary_delta": -0.006890215893431306,
    "eval_secondary_delta_pct": -0.8370535714285688,
    "feat_share_embedded_pct": 0,
    "feat_share_raw_pct": 100.0,
    "feat_active_embedded_pct": 0,
    "feat_active_raw_pct": 100.0,
    "feat_cr5_pct": 43.79006645610428,
    "feat_cr10_pct": 67.53673096627666,
    "time_tuning_search_secs": 469.0830497741699,
    "time_train_secs": 2.198223114013672,
    "time_infer_secs": 0.004980325698852539,
    "time_train_secs_per_1K": 0.25243719729141845,
    "time_infer_secs_per_1K": 0.00228770128564655,
    "time_total_secs": 473.1607813835144
}