{
    "dataset": "splice",
    "algorithm": "lightgbm",
    "mode": "raw-only",
    "task_type": "multiclass",
    "dataset_samples_count": 3190,
    "dataset_raw_features_count": 60,
    "feat_total_count": 60,
    "pca_n_components": 33,
    "optimal_trees": 649,
    "tuning_completed": 26,
    "tuning_best_idx": 19,
    "tuning_val_score_0": 0.11429377218628077,
    "tuning_val_score_best": 0.10426576455731372,
    "tuning_overall_gain": 0.01002800762896705,
    "tuning_gain_pct": 8.773888058067577,
    "eval_overfitting_ratio": 0.8954843651444052,
    "primary_metric": "Log_Loss",
    "tabpfn_primary_score": 0.10458652604603381,
    "eval_primary_value": 0.0933683619809021,
    "eval_primary_delta": -0.011218164065131708,
    "eval_primary_delta_pct": -10.726203928213494,
    "secondary_metric": "Accuracy",
    "tabpfn_secondary_score": 0.9717868338557993,
    "eval_secondary_value": 0.9749216300940439,
    "eval_secondary_delta": 0.0031347962382445305,
    "eval_secondary_delta_pct": 0.32258064516129203,
    "feat_share_embedded_pct": 0,
    "feat_share_raw_pct": 100.00000000000003,
    "feat_active_embedded_pct": 0,
    "feat_active_raw_pct": 100.0,
    "feat_cr5_pct": 60.158287050289715,
    "feat_cr10_pct": 78.11874060352427,
    "time_tuning_search_secs": 247.20064496994019,
    "time_train_secs": 1.93137788772583,
    "time_infer_secs": 0.030071258544921875,
    "time_train_secs_per_1K": 0.756809517133946,
    "time_infer_secs_per_1K": 0.04713363408294965,
    "time_total_secs": 250.70311784744263
}