{
    "dataset": "qsar-tid-11",
    "algorithm": "catboost",
    "mode": "combined",
    "task_type": "regression",
    "dataset_samples_count": 5742,
    "dataset_raw_features_count": 1024,
    "feat_total_count": 1065,
    "pca_n_components": 41,
    "optimal_trees": 1000,
    "tuning_completed": 26,
    "tuning_best_idx": 16,
    "tuning_val_score_0": 0.8496879985842878,
    "tuning_val_score_best": 0.7300736267528419,
    "tuning_overall_gain": 0.11961437183144585,
    "tuning_gain_pct": 14.0774463133223,
    "eval_overfitting_ratio": 0.9192661830703592,
    "primary_metric": "RMSE",
    "tabpfn_primary_score": 0.6735581320258458,
    "eval_primary_value": 0.6711319962254191,
    "eval_primary_delta": -0.002426135800426721,
    "eval_primary_delta_pct": -0.36019694293196136,
    "secondary_metric": "R2_Score",
    "tabpfn_secondary_score": 0.8040732050300042,
    "eval_secondary_value": 0.805482107691494,
    "eval_secondary_delta": 0.0014089026614897415,
    "eval_secondary_delta_pct": 0.17522069541381718,
    "feat_share_embedded_pct": 85.95728360520133,
    "feat_share_raw_pct": 14.04271639479862,
    "feat_active_embedded_pct": 100.0,
    "feat_active_raw_pct": 78.02734375,
    "feat_cr5_pct": 64.95323428637958,
    "feat_cr10_pct": 70.18458072892302,
    "time_tuning_search_secs": 2193.583030939102,
    "time_train_secs": 13.695215940475464,
    "time_infer_secs": 0.01974344253540039,
    "time_train_secs_per_1K": 2.98175831493043,
    "time_infer_secs_per_1K": 0.0171831527723241,
    "time_total_secs": 2209.813576698303
}