{
    "dataset": "splice",
    "algorithm": "xgboost",
    "mode": "embed-only",
    "task_type": "multiclass",
    "dataset_samples_count": 3190,
    "dataset_raw_features_count": 60,
    "feat_total_count": 33,
    "pca_n_components": 33,
    "optimal_trees": 1000,
    "tuning_completed": 26,
    "tuning_best_idx": 1,
    "tuning_val_score_0": 0.1484634551297716,
    "tuning_val_score_best": 0.13357145119331895,
    "tuning_overall_gain": 0.014892003936452652,
    "tuning_gain_pct": 10.03075398146674,
    "eval_overfitting_ratio": 0.9436426789365091,
    "primary_metric": "Log_Loss",
    "tabpfn_primary_score": 0.10458652604603381,
    "eval_primary_value": 0.12604372203350067,
    "eval_primary_delta": 0.021457195987466857,
    "eval_primary_delta_pct": 20.516214467265563,
    "secondary_metric": "Accuracy",
    "tabpfn_secondary_score": 0.9717868338557993,
    "eval_secondary_value": 0.9592476489028213,
    "eval_secondary_delta": -0.01253918495297801,
    "eval_secondary_delta_pct": -1.2903225806451566,
    "feat_share_embedded_pct": 100.00000000000004,
    "feat_share_raw_pct": 0,
    "feat_active_embedded_pct": 100.0,
    "feat_active_raw_pct": 0,
    "feat_cr5_pct": 64.40088986247908,
    "feat_cr10_pct": 84.08481490347405,
    "time_tuning_search_secs": 620.09952044487,
    "time_train_secs": 9.518439769744873,
    "time_infer_secs": 0.017822980880737305,
    "time_train_secs_per_1K": 3.7297961480191506,
    "time_infer_secs_per_1K": 0.0279357067096196,
    "time_total_secs": 631.3138747215271
}