{
    "dataset": "naticusdroid",
    "algorithm": "xgboost",
    "mode": "raw-only",
    "task_type": "binary",
    "dataset_samples_count": 7491,
    "dataset_raw_features_count": 86,
    "feat_total_count": 86,
    "pca_n_components": 36,
    "optimal_trees": 444,
    "tuning_completed": 26,
    "tuning_best_idx": 25,
    "tuning_val_score_0": 0.015100059852975578,
    "tuning_val_score_best": 0.014971282192992597,
    "tuning_overall_gain": 0.00012877765998298152,
    "tuning_gain_pct": 0.8528288048977827,
    "eval_overfitting_ratio": 0.8931411158518714,
    "primary_metric": "1-AUROC",
    "tabpfn_primary_score": 0.010531925295785616,
    "eval_primary_value": 0.01337146768358266,
    "eval_primary_delta": 0.002839542387797045,
    "eval_primary_delta_pct": 26.961284931761686,
    "secondary_metric": "Accuracy",
    "tabpfn_secondary_score": 0.9459639759839893,
    "eval_secondary_value": 0.9399599733155437,
    "eval_secondary_delta": -0.006004002668445585,
    "eval_secondary_delta_pct": -0.6346967559943535,
    "feat_share_embedded_pct": 0,
    "feat_share_raw_pct": 99.99999999999999,
    "feat_active_embedded_pct": 0,
    "feat_active_raw_pct": 97.67441860465115,
    "feat_cr5_pct": 66.93026772989505,
    "feat_cr10_pct": 77.97502785517382,
    "time_tuning_search_secs": 244.90747261047363,
    "time_train_secs": 1.6447467803955078,
    "time_infer_secs": 0.007570981979370117,
    "time_train_secs_per_1K": 0.27449045066680705,
    "time_infer_secs_per_1K": 0.005050688445210218,
    "time_total_secs": 248.14652919769287
}