{
    "dataset": "jm1",
    "algorithm": "lightgbm",
    "mode": "embed-only",
    "task_type": "binary",
    "dataset_samples_count": 10885,
    "dataset_raw_features_count": 21,
    "feat_total_count": 42,
    "pca_n_components": 42,
    "optimal_trees": 294,
    "tuning_completed": 26,
    "tuning_best_idx": 18,
    "tuning_val_score_0": 0.2581814390974041,
    "tuning_val_score_best": 0.23991163981090846,
    "tuning_overall_gain": 0.018269799286495636,
    "tuning_gain_pct": 7.076341099641555,
    "eval_overfitting_ratio": 1.0011422052280912,
    "primary_metric": "1-AUROC",
    "tabpfn_primary_score": 0.2203148756350808,
    "eval_primary_value": 0.2401856681401804,
    "eval_primary_delta": 0.0198707925050996,
    "eval_primary_delta_pct": 9.019269555820935,
    "secondary_metric": "Accuracy",
    "tabpfn_secondary_score": 0.8231511254019293,
    "eval_secondary_value": 0.8102893890675241,
    "eval_secondary_delta": -0.012861736334405127,
    "eval_secondary_delta_pct": -1.562499999999998,
    "feat_share_embedded_pct": 99.99999999999999,
    "feat_share_raw_pct": 0,
    "feat_active_embedded_pct": 100.0,
    "feat_active_raw_pct": 0,
    "feat_cr5_pct": 20.96199198968972,
    "feat_cr10_pct": 36.984170510287406,
    "time_tuning_search_secs": 145.84935665130615,
    "time_train_secs": 0.7979459762573242,
    "time_infer_secs": 0.009374618530273438,
    "time_train_secs_per_1K": 0.09163366746179653,
    "time_infer_secs_per_1K": 0.004306209706143058,
    "time_total_secs": 148.2662844657898
}